<?xml version="1.0" encoding="utf-8"?>
<gpx version="1.1" creator="Cadence GenerateSamples" xmlns:gpxtpx="http://www.garmin.com/xmlschemas/TrackPointExtension/v1" xmlns:xsi="http://www.w3.org/2001/XMLSchema-instance" xsi:schemaLocation="http://www.topografix.com/GPX/1/1 http://www.topografix.com/GPX/1/1/gpx.xsd http://www.garmin.com/xmlschemas/TrackPointExtension/v1 https://www8.garmin.com/xmlschemas/TrackPointExtensionv1.xsd" xmlns="http://www.topografix.com/GPX/1/1">
  <metadata>
    <name>Bow River pathway out and back</name>
    <time>2026-08-19T12:05:00Z</time>
  </metadata>
  <trk>
    <name>Bow River pathway out and back</name>
    <type>running</type>
    <trkseg>
      <trkpt lat="51.0498040" lon="-114.0711965">
        <ele>1043.2</ele>
        <time>2026-08-19T12:05:00Z</time>
        <extensions>
          <gpxtpx:TrackPointExtension>
            <gpxtpx:cad>80</gpxtpx:cad>
            <gpxtpx:atemp>17.5</gpxtpx:atemp>
          </gpxtpx:TrackPointExtension>
        </extensions>
      </trkpt>
      <trkpt lat="51.0497947" lon="-114.0711373">
        <ele>1043.8</ele>
        <time>2026-08-19T12:05:01Z</time>
        <extensions>
          <gpxtpx:TrackPointExtension>
            <gpxtpx:cad>81</gpxtpx:cad>
            <gpxtpx:atemp>17.0</gpxtpx:atemp>
          </gpxtpx:TrackPointExtension>
        </extensions>
      </trkpt>
      <trkpt lat="51.0498131" lon="-114.0711293">
        <ele>1044.3</ele>
        <time>2026-08-19T12:05:02Z</time>
        <extensions>
          <gpxtpx:TrackPointExtension>
            <gpxtpx:cad>81</gpxtpx:cad>
            <gpxtpx:atemp>16.6</gpxtpx:atemp>
          </gpxtpx:TrackPointExtension>
        </extensions>
      </trkpt>
      <trkpt lat="51.0498387" lon="-114.0711037">
        <ele>1044.0</ele>
        <time>2026-08-19T12:05:03Z</time>
        <extensions>
          <gpxtpx:TrackPointExtension>
            <gpxtpx:cad>82</gpxtpx:cad>
            <gpxtpx:atemp>17.0</gpxtpx:atemp>
          </gpxtpx:TrackPointExtension>
        </extensions>
      </trkpt>
      <trkpt lat="51.0498651" lon="-114.0710800">
        <ele>1043.9</ele>
        <time>2026-08-19T12:05:04Z</time>
        <extensions>
          <gpxtpx:TrackPointExtension>
            <gpxtpx:cad>82</gpxtpx:cad>
            <gpxtpx:atemp>16.7</gpxtpx:atemp>
          </gpxtpx:TrackPointExtension>
        </extensions>
      </trkpt>
      <trkpt lat="51.0498714" lon="-114.0710407">
        <ele>1043.4</ele>
        <time>2026-08-19T12:05:05Z</time>
        <extensions>
          <gpxtpx:TrackPointExtension>
            <gpxtpx:cad>79</gpxtpx:cad>
            <gpxtpx:atemp>16.9</gpxtpx:atemp>
          </gpxtpx:TrackPointExtension>
        </extensions>
      </trkpt>
      <trkpt lat="51.0498824" lon="-114.0710335">
        <ele>1043.4</ele>
        <time>2026-08-19T12:05:06Z</time>
        <extensions>
          <gpxtpx:TrackPointExtension>
            <gpxtpx:cad>84</gpxtpx:cad>
            <gpxtpx:atemp>17.0</gpxtpx:atemp>
          </gpxtpx:TrackPointExtension>
        </extensions>
      </trkpt>
      <trkpt lat="51.0498965" lon="-114.0709992">
        <ele>1043.5</ele>
        <time>2026-08-19T12:05:07Z</time>
        <extensions>
          <gpxtpx:TrackPointExtension>
            <gpxtpx:cad>83</gpxtpx:cad>
            <gpxtpx:atemp>17.0</gpxtpx:atemp>
          </gpxtpx:TrackPointExtension>
        </extensions>
      </trkpt>
      <trkpt lat="51.0499137" lon="-114.0709763">
        <ele>1043.0</ele>
        <time>2026-08-19T12:05:08Z</time>
        <extensions>
          <gpxtpx:TrackPointExtension>
            <gpxtpx:cad>83</gpxtpx:cad>
            <gpxtpx:atemp>17.2</gpxtpx:atemp>
          </gpxtpx:TrackPointExtension>
        </extensions>
      </trkpt>
      <trkpt lat="51.0498982" lon="-114.0709282">
        <ele>1043.1</ele>
        <time>2026-08-19T12:05:09Z</time>
        <extensions>
          <gpxtpx:TrackPointExtension>
            <gpxtpx:cad>83</gpxtpx:cad>
            <gpxtpx:atemp>16.8</gpxtpx:atemp>
          </gpxtpx:TrackPointExtension>
        </extensions>
      </trkpt>
      <trkpt lat="51.0499081" lon="-114.0708922">
        <ele>1043.0</ele>
        <time>2026-08-19T12:05:10Z</time>
        <extensions>
          <gpxtpx:TrackPointExtension>
            <gpxtpx:cad>83</gpxtpx:cad>
            <gpxtpx:atemp>16.9</gpxtpx:atemp>
          </gpxtpx:TrackPointExtension>
        </extensions>
      </trkpt>
      <trkpt lat="51.0499083" lon="-114.0708507">
        <ele>1043.4</ele>
        <time>2026-08-19T12:05:11Z</time>
        <extensions>
          <gpxtpx:TrackPointExtension>
            <gpxtpx:cad>85</gpxtpx:cad>
            <gpxtpx:atemp>17.3</gpxtpx:atemp>
          </gpxtpx:TrackPointExtension>
        </extensions>
      </trkpt>
      <trkpt lat="51.0499439" lon="-114.0708252">
        <ele>1043.3</ele>
        <time>2026-08-19T12:05:12Z</time>
        <extensions>
          <gpxtpx:TrackPointExtension>
            <gpxtpx:hr>89</gpxtpx:hr>
            <gpxtpx:cad>84</gpxtpx:cad>
            <gpxtpx:atemp>17.2</gpxtpx:atemp>
          </gpxtpx:TrackPointExtension>
        </extensions>
      </trkpt>
      <trkpt lat="51.0499465" lon="-114.0707547">
        <ele>1043.8</ele>
        <time>2026-08-19T12:05:13Z</time>
        <extensions>
          <gpxtpx:TrackPointExtension>
            <gpxtpx:hr>91</gpxtpx:hr>
            <gpxtpx:cad>84</gpxtpx:cad>
            <gpxtpx:atemp>16.4</gpxtpx:atemp>
          </gpxtpx:TrackPointExtension>
        </extensions>
      </trkpt>
      <trkpt lat="51.0499822" lon="-114.0706983">
        <ele>1043.8</ele>
        <time>2026-08-19T12:05:14Z</time>
        <extensions>
          <gpxtpx:TrackPointExtension>
            <gpxtpx:hr>92</gpxtpx:hr>
            <gpxtpx:cad>85</gpxtpx:cad>
            <gpxtpx:atemp>16.6</gpxtpx:atemp>
          </gpxtpx:TrackPointExtension>
        </extensions>
      </trkpt>
      <trkpt lat="51.0500038" lon="-114.0706105">
        <ele>1042.9</ele>
        <time>2026-08-19T12:05:15Z</time>
        <extensions>
          <gpxtpx:TrackPointExtension>
            <gpxtpx:hr>94</gpxtpx:hr>
            <gpxtpx:cad>86</gpxtpx:cad>
            <gpxtpx:atemp>16.8</gpxtpx:atemp>
          </gpxtpx:TrackPointExtension>
        </extensions>
      </trkpt>
      <trkpt lat="51.0500237" lon="-114.0705770">
        <ele>1042.3</ele>
        <time>2026-08-19T12:05:16Z</time>
        <extensions>
          <gpxtpx:TrackPointExtension>
            <gpxtpx:hr>96</gpxtpx:hr>
            <gpxtpx:cad>87</gpxtpx:cad>
            <gpxtpx:atemp>16.7</gpxtpx:atemp>
          </gpxtpx:TrackPointExtension>
        </extensions>
      </trkpt>
      <trkpt lat="51.0500251" lon="-114.0705246">
        <ele>1042.6</ele>
        <time>2026-08-19T12:05:17Z</time>
        <extensions>
          <gpxtpx:TrackPointExtension>
            <gpxtpx:hr>97</gpxtpx:hr>
            <gpxtpx:cad>84</gpxtpx:cad>
            <gpxtpx:atemp>17.2</gpxtpx:atemp>
          </gpxtpx:TrackPointExtension>
        </extensions>
      </trkpt>
      <trkpt lat="51.0500315" lon="-114.0704826">
        <ele>1043.4</ele>
        <time>2026-08-19T12:05:18Z</time>
        <extensions>
          <gpxtpx:TrackPointExtension>
            <gpxtpx:hr>99</gpxtpx:hr>
            <gpxtpx:cad>85</gpxtpx:cad>
            <gpxtpx:atemp>17.0</gpxtpx:atemp>
          </gpxtpx:TrackPointExtension>
        </extensions>
      </trkpt>
      <trkpt lat="51.0500470" lon="-114.0704236">
        <ele>1042.8</ele>
        <time>2026-08-19T12:05:19Z</time>
        <extensions>
          <gpxtpx:TrackPointExtension>
            <gpxtpx:hr>101</gpxtpx:hr>
            <gpxtpx:cad>89</gpxtpx:cad>
            <gpxtpx:atemp>16.5</gpxtpx:atemp>
          </gpxtpx:TrackPointExtension>
        </extensions>
      </trkpt>
      <trkpt lat="51.0500535" lon="-114.0703940">
        <ele>1043.6</ele>
        <time>2026-08-19T12:05:20Z</time>
        <extensions>
          <gpxtpx:TrackPointExtension>
            <gpxtpx:hr>103</gpxtpx:hr>
            <gpxtpx:cad>86</gpxtpx:cad>
            <gpxtpx:atemp>17.5</gpxtpx:atemp>
          </gpxtpx:TrackPointExtension>
        </extensions>
      </trkpt>
      <trkpt lat="51.0500690" lon="-114.0703221">
        <ele>1043.3</ele>
        <time>2026-08-19T12:05:21Z</time>
        <extensions>
          <gpxtpx:TrackPointExtension>
            <gpxtpx:hr>105</gpxtpx:hr>
            <gpxtpx:cad>86</gpxtpx:cad>
            <gpxtpx:atemp>17.1</gpxtpx:atemp>
          </gpxtpx:TrackPointExtension>
        </extensions>
      </trkpt>
      <trkpt lat="51.0500944" lon="-114.0702905">
        <ele>1042.9</ele>
        <time>2026-08-19T12:05:22Z</time>
        <extensions>
          <gpxtpx:TrackPointExtension>
            <gpxtpx:hr>106</gpxtpx:hr>
            <gpxtpx:cad>88</gpxtpx:cad>
            <gpxtpx:atemp>17.4</gpxtpx:atemp>
          </gpxtpx:TrackPointExtension>
        </extensions>
      </trkpt>
      <trkpt lat="51.0501371" lon="-114.0702564">
        <ele>1042.5</ele>
        <time>2026-08-19T12:05:23Z</time>
        <extensions>
          <gpxtpx:TrackPointExtension>
            <gpxtpx:hr>108</gpxtpx:hr>
            <gpxtpx:cad>86</gpxtpx:cad>
            <gpxtpx:atemp>16.5</gpxtpx:atemp>
          </gpxtpx:TrackPointExtension>
        </extensions>
      </trkpt>
      <trkpt lat="51.0501444" lon="-114.0701959">
        <ele>1042.5</ele>
        <time>2026-08-19T12:05:24Z</time>
        <extensions>
          <gpxtpx:TrackPointExtension>
            <gpxtpx:hr>109</gpxtpx:hr>
            <gpxtpx:cad>85</gpxtpx:cad>
            <gpxtpx:atemp>17.0</gpxtpx:atemp>
          </gpxtpx:TrackPointExtension>
        </extensions>
      </trkpt>
      <trkpt lat="51.0501549" lon="-114.0701822">
        <ele>1042.2</ele>
        <time>2026-08-19T12:05:25Z</time>
        <extensions>
          <gpxtpx:TrackPointExtension>
            <gpxtpx:hr>111</gpxtpx:hr>
            <gpxtpx:cad>87</gpxtpx:cad>
            <gpxtpx:atemp>17.2</gpxtpx:atemp>
          </gpxtpx:TrackPointExtension>
        </extensions>
      </trkpt>
      <trkpt lat="51.0501621" lon="-114.0701423">
        <ele>1042.5</ele>
        <time>2026-08-19T12:05:26Z</time>
        <extensions>
          <gpxtpx:TrackPointExtension>
            <gpxtpx:hr>113</gpxtpx:hr>
            <gpxtpx:cad>86</gpxtpx:cad>
            <gpxtpx:atemp>17.2</gpxtpx:atemp>
          </gpxtpx:TrackPointExtension>
        </extensions>
      </trkpt>
      <trkpt lat="51.0501891" lon="-114.0700742">
        <ele>1042.7</ele>
        <time>2026-08-19T12:05:27Z</time>
        <extensions>
          <gpxtpx:TrackPointExtension>
            <gpxtpx:hr>114</gpxtpx:hr>
            <gpxtpx:cad>87</gpxtpx:cad>
            <gpxtpx:atemp>16.8</gpxtpx:atemp>
          </gpxtpx:TrackPointExtension>
        </extensions>
      </trkpt>
      <trkpt lat="51.0502159" lon="-114.0699977">
        <ele>1042.3</ele>
        <time>2026-08-19T12:05:28Z</time>
        <extensions>
          <gpxtpx:TrackPointExtension>
            <gpxtpx:hr>116</gpxtpx:hr>
            <gpxtpx:cad>84</gpxtpx:cad>
            <gpxtpx:atemp>17.2</gpxtpx:atemp>
          </gpxtpx:TrackPointExtension>
        </extensions>
      </trkpt>
      <trkpt lat="51.0502307" lon="-114.0699392">
        <ele>1042.3</ele>
        <time>2026-08-19T12:05:29Z</time>
        <extensions>
          <gpxtpx:TrackPointExtension>
            <gpxtpx:hr>117</gpxtpx:hr>
            <gpxtpx:cad>86</gpxtpx:cad>
            <gpxtpx:atemp>17.2</gpxtpx:atemp>
          </gpxtpx:TrackPointExtension>
        </extensions>
      </trkpt>
      <trkpt lat="51.0502503" lon="-114.0699009">
        <ele>1042.5</ele>
        <time>2026-08-19T12:05:30Z</time>
        <extensions>
          <gpxtpx:TrackPointExtension>
            <gpxtpx:hr>117</gpxtpx:hr>
            <gpxtpx:cad>86</gpxtpx:cad>
            <gpxtpx:atemp>17.1</gpxtpx:atemp>
          </gpxtpx:TrackPointExtension>
        </extensions>
      </trkpt>
      <trkpt lat="51.0502691" lon="-114.0698828">
        <ele>1043.3</ele>
        <time>2026-08-19T12:05:31Z</time>
        <extensions>
          <gpxtpx:TrackPointExtension>
            <gpxtpx:hr>118</gpxtpx:hr>
            <gpxtpx:cad>86</gpxtpx:cad>
            <gpxtpx:atemp>17.4</gpxtpx:atemp>
          </gpxtpx:TrackPointExtension>
        </extensions>
      </trkpt>
      <trkpt lat="51.0502863" lon="-114.0698388">
        <ele>1043.0</ele>
        <time>2026-08-19T12:05:32Z</time>
        <extensions>
          <gpxtpx:TrackPointExtension>
            <gpxtpx:hr>119</gpxtpx:hr>
            <gpxtpx:cad>84</gpxtpx:cad>
            <gpxtpx:atemp>16.7</gpxtpx:atemp>
          </gpxtpx:TrackPointExtension>
        </extensions>
      </trkpt>
      <trkpt lat="51.0502918" lon="-114.0698287">
        <ele>1043.0</ele>
        <time>2026-08-19T12:05:33Z</time>
        <extensions>
          <gpxtpx:TrackPointExtension>
            <gpxtpx:hr>120</gpxtpx:hr>
            <gpxtpx:cad>86</gpxtpx:cad>
            <gpxtpx:atemp>16.7</gpxtpx:atemp>
          </gpxtpx:TrackPointExtension>
        </extensions>
      </trkpt>
      <trkpt lat="51.0503161" lon="-114.0697734">
        <ele>1042.7</ele>
        <time>2026-08-19T12:05:34Z</time>
        <extensions>
          <gpxtpx:TrackPointExtension>
            <gpxtpx:hr>121</gpxtpx:hr>
            <gpxtpx:cad>86</gpxtpx:cad>
            <gpxtpx:atemp>16.8</gpxtpx:atemp>
          </gpxtpx:TrackPointExtension>
        </extensions>
      </trkpt>
      <trkpt lat="51.0503172" lon="-114.0697476">
        <ele>1043.2</ele>
        <time>2026-08-19T12:05:35Z</time>
        <extensions>
          <gpxtpx:TrackPointExtension>
            <gpxtpx:hr>122</gpxtpx:hr>
            <gpxtpx:cad>86</gpxtpx:cad>
            <gpxtpx:atemp>16.8</gpxtpx:atemp>
          </gpxtpx:TrackPointExtension>
        </extensions>
      </trkpt>
      <trkpt lat="51.0503383" lon="-114.0696864">
        <ele>1043.2</ele>
        <time>2026-08-19T12:05:36Z</time>
        <extensions>
          <gpxtpx:TrackPointExtension>
            <gpxtpx:hr>124</gpxtpx:hr>
            <gpxtpx:cad>86</gpxtpx:cad>
            <gpxtpx:atemp>16.9</gpxtpx:atemp>
          </gpxtpx:TrackPointExtension>
        </extensions>
      </trkpt>
      <trkpt lat="51.0503624" lon="-114.0696507">
        <ele>1042.8</ele>
        <time>2026-08-19T12:05:37Z</time>
        <extensions>
          <gpxtpx:TrackPointExtension>
            <gpxtpx:hr>124</gpxtpx:hr>
            <gpxtpx:cad>85</gpxtpx:cad>
            <gpxtpx:atemp>16.8</gpxtpx:atemp>
          </gpxtpx:TrackPointExtension>
        </extensions>
      </trkpt>
      <trkpt lat="51.0503779" lon="-114.0696243">
        <ele>1042.3</ele>
        <time>2026-08-19T12:05:38Z</time>
        <extensions>
          <gpxtpx:TrackPointExtension>
            <gpxtpx:hr>125</gpxtpx:hr>
            <gpxtpx:cad>88</gpxtpx:cad>
            <gpxtpx:atemp>17.0</gpxtpx:atemp>
          </gpxtpx:TrackPointExtension>
        </extensions>
      </trkpt>
      <trkpt lat="51.0503904" lon="-114.0696104">
        <ele>1042.0</ele>
        <time>2026-08-19T12:05:39Z</time>
        <extensions>
          <gpxtpx:TrackPointExtension>
            <gpxtpx:hr>126</gpxtpx:hr>
            <gpxtpx:cad>88</gpxtpx:cad>
            <gpxtpx:atemp>17.5</gpxtpx:atemp>
          </gpxtpx:TrackPointExtension>
        </extensions>
      </trkpt>
      <trkpt lat="51.0504032" lon="-114.0695735">
        <ele>1042.8</ele>
        <time>2026-08-19T12:05:40Z</time>
        <extensions>
          <gpxtpx:TrackPointExtension>
            <gpxtpx:hr>127</gpxtpx:hr>
            <gpxtpx:cad>85</gpxtpx:cad>
            <gpxtpx:atemp>16.7</gpxtpx:atemp>
          </gpxtpx:TrackPointExtension>
        </extensions>
      </trkpt>
      <trkpt lat="51.0504373" lon="-114.0695338">
        <ele>1043.0</ele>
        <time>2026-08-19T12:05:41Z</time>
        <extensions>
          <gpxtpx:TrackPointExtension>
            <gpxtpx:hr>129</gpxtpx:hr>
            <gpxtpx:cad>88</gpxtpx:cad>
            <gpxtpx:atemp>16.6</gpxtpx:atemp>
          </gpxtpx:TrackPointExtension>
        </extensions>
      </trkpt>
      <trkpt lat="51.0504530" lon="-114.0695249">
        <ele>1042.3</ele>
        <time>2026-08-19T12:05:42Z</time>
        <extensions>
          <gpxtpx:TrackPointExtension>
            <gpxtpx:hr>129</gpxtpx:hr>
            <gpxtpx:cad>87</gpxtpx:cad>
            <gpxtpx:atemp>16.7</gpxtpx:atemp>
          </gpxtpx:TrackPointExtension>
        </extensions>
      </trkpt>
      <trkpt lat="51.0504679" lon="-114.0694720">
        <ele>1042.3</ele>
        <time>2026-08-19T12:05:43Z</time>
        <extensions>
          <gpxtpx:TrackPointExtension>
            <gpxtpx:hr>129</gpxtpx:hr>
            <gpxtpx:cad>87</gpxtpx:cad>
            <gpxtpx:atemp>16.7</gpxtpx:atemp>
          </gpxtpx:TrackPointExtension>
        </extensions>
      </trkpt>
      <trkpt lat="51.0504970" lon="-114.0694178">
        <ele>1041.9</ele>
        <time>2026-08-19T12:05:44Z</time>
        <extensions>
          <gpxtpx:TrackPointExtension>
            <gpxtpx:hr>130</gpxtpx:hr>
            <gpxtpx:cad>85</gpxtpx:cad>
            <gpxtpx:atemp>16.8</gpxtpx:atemp>
          </gpxtpx:TrackPointExtension>
        </extensions>
      </trkpt>
      <trkpt lat="51.0505021" lon="-114.0693752">
        <ele>1042.0</ele>
        <time>2026-08-19T12:05:45Z</time>
        <extensions>
          <gpxtpx:TrackPointExtension>
            <gpxtpx:hr>130</gpxtpx:hr>
            <gpxtpx:cad>86</gpxtpx:cad>
            <gpxtpx:atemp>17.1</gpxtpx:atemp>
          </gpxtpx:TrackPointExtension>
        </extensions>
      </trkpt>
      <trkpt lat="51.0505138" lon="-114.0693268">
        <ele>1042.8</ele>
        <time>2026-08-19T12:05:46Z</time>
        <extensions>
          <gpxtpx:TrackPointExtension>
            <gpxtpx:hr>131</gpxtpx:hr>
            <gpxtpx:cad>88</gpxtpx:cad>
            <gpxtpx:atemp>17.1</gpxtpx:atemp>
          </gpxtpx:TrackPointExtension>
        </extensions>
      </trkpt>
      <trkpt lat="51.0505406" lon="-114.0693151">
        <ele>1042.9</ele>
        <time>2026-08-19T12:05:47Z</time>
        <extensions>
          <gpxtpx:TrackPointExtension>
            <gpxtpx:hr>132</gpxtpx:hr>
            <gpxtpx:cad>86</gpxtpx:cad>
            <gpxtpx:atemp>17.0</gpxtpx:atemp>
          </gpxtpx:TrackPointExtension>
        </extensions>
      </trkpt>
      <trkpt lat="51.0505738" lon="-114.0692645">
        <ele>1042.6</ele>
        <time>2026-08-19T12:05:48Z</time>
        <extensions>
          <gpxtpx:TrackPointExtension>
            <gpxtpx:hr>132</gpxtpx:hr>
            <gpxtpx:cad>88</gpxtpx:cad>
            <gpxtpx:atemp>17.5</gpxtpx:atemp>
          </gpxtpx:TrackPointExtension>
        </extensions>
      </trkpt>
      <trkpt lat="51.0505914" lon="-114.0691921">
        <ele>1042.3</ele>
        <time>2026-08-19T12:05:49Z</time>
        <extensions>
          <gpxtpx:TrackPointExtension>
            <gpxtpx:hr>131</gpxtpx:hr>
            <gpxtpx:cad>85</gpxtpx:cad>
            <gpxtpx:atemp>17.2</gpxtpx:atemp>
          </gpxtpx:TrackPointExtension>
        </extensions>
      </trkpt>
      <trkpt lat="51.0505503" lon="-114.0691542">
        <ele>1041.6</ele>
        <time>2026-08-19T12:05:50Z</time>
        <extensions>
          <gpxtpx:TrackPointExtension>
            <gpxtpx:hr>131</gpxtpx:hr>
            <gpxtpx:cad>86</gpxtpx:cad>
            <gpxtpx:atemp>16.9</gpxtpx:atemp>
          </gpxtpx:TrackPointExtension>
        </extensions>
      </trkpt>
      <trkpt lat="51.0505559" lon="-114.0691049">
        <ele>1042.0</ele>
        <time>2026-08-19T12:05:51Z</time>
        <extensions>
          <gpxtpx:TrackPointExtension>
            <gpxtpx:hr>131</gpxtpx:hr>
            <gpxtpx:cad>85</gpxtpx:cad>
            <gpxtpx:atemp>17.1</gpxtpx:atemp>
          </gpxtpx:TrackPointExtension>
        </extensions>
      </trkpt>
      <trkpt lat="51.0505899" lon="-114.0690887">
        <ele>1041.9</ele>
        <time>2026-08-19T12:05:52Z</time>
        <extensions>
          <gpxtpx:TrackPointExtension>
            <gpxtpx:hr>132</gpxtpx:hr>
            <gpxtpx:cad>86</gpxtpx:cad>
            <gpxtpx:atemp>16.8</gpxtpx:atemp>
          </gpxtpx:TrackPointExtension>
        </extensions>
      </trkpt>
      <trkpt lat="51.0506064" lon="-114.0690194">
        <ele>1042.5</ele>
        <time>2026-08-19T12:05:53Z</time>
        <extensions>
          <gpxtpx:TrackPointExtension>
            <gpxtpx:hr>133</gpxtpx:hr>
            <gpxtpx:cad>88</gpxtpx:cad>
            <gpxtpx:atemp>16.8</gpxtpx:atemp>
          </gpxtpx:TrackPointExtension>
        </extensions>
      </trkpt>
      <trkpt lat="51.0506193" lon="-114.0689943">
        <ele>1042.4</ele>
        <time>2026-08-19T12:05:54Z</time>
        <extensions>
          <gpxtpx:TrackPointExtension>
            <gpxtpx:hr>134</gpxtpx:hr>
            <gpxtpx:cad>86</gpxtpx:cad>
            <gpxtpx:atemp>16.8</gpxtpx:atemp>
          </gpxtpx:TrackPointExtension>
        </extensions>
      </trkpt>
      <trkpt lat="51.0506345" lon="-114.0689516">
        <ele>1042.8</ele>
        <time>2026-08-19T12:05:55Z</time>
        <extensions>
          <gpxtpx:TrackPointExtension>
            <gpxtpx:hr>134</gpxtpx:hr>
            <gpxtpx:cad>85</gpxtpx:cad>
            <gpxtpx:atemp>17.1</gpxtpx:atemp>
          </gpxtpx:TrackPointExtension>
        </extensions>
      </trkpt>
      <trkpt lat="51.0506366" lon="-114.0689312">
        <ele>1043.4</ele>
        <time>2026-08-19T12:05:56Z</time>
        <extensions>
          <gpxtpx:TrackPointExtension>
            <gpxtpx:hr>135</gpxtpx:hr>
            <gpxtpx:cad>86</gpxtpx:cad>
            <gpxtpx:atemp>16.9</gpxtpx:atemp>
          </gpxtpx:TrackPointExtension>
        </extensions>
      </trkpt>
      <trkpt lat="51.0506568" lon="-114.0688921">
        <ele>1043.9</ele>
        <time>2026-08-19T12:05:57Z</time>
        <extensions>
          <gpxtpx:TrackPointExtension>
            <gpxtpx:hr>136</gpxtpx:hr>
            <gpxtpx:cad>87</gpxtpx:cad>
            <gpxtpx:atemp>17.2</gpxtpx:atemp>
          </gpxtpx:TrackPointExtension>
        </extensions>
      </trkpt>
      <trkpt lat="51.0506799" lon="-114.0688501">
        <ele>1044.4</ele>
        <time>2026-08-19T12:05:58Z</time>
        <extensions>
          <gpxtpx:TrackPointExtension>
            <gpxtpx:hr>138</gpxtpx:hr>
            <gpxtpx:cad>88</gpxtpx:cad>
            <gpxtpx:atemp>16.9</gpxtpx:atemp>
          </gpxtpx:TrackPointExtension>
        </extensions>
      </trkpt>
      <trkpt lat="51.0506922" lon="-114.0687975">
        <ele>1044.0</ele>
        <time>2026-08-19T12:05:59Z</time>
        <extensions>
          <gpxtpx:TrackPointExtension>
            <gpxtpx:hr>139</gpxtpx:hr>
            <gpxtpx:cad>86</gpxtpx:cad>
            <gpxtpx:atemp>17.1</gpxtpx:atemp>
          </gpxtpx:TrackPointExtension>
        </extensions>
      </trkpt>
      <trkpt lat="51.0507193" lon="-114.0687572">
        <ele>1043.7</ele>
        <time>2026-08-19T12:06:00Z</time>
        <extensions>
          <gpxtpx:TrackPointExtension>
            <gpxtpx:hr>139</gpxtpx:hr>
            <gpxtpx:cad>86</gpxtpx:cad>
            <gpxtpx:atemp>16.7</gpxtpx:atemp>
          </gpxtpx:TrackPointExtension>
        </extensions>
      </trkpt>
      <trkpt lat="51.0507122" lon="-114.0687093">
        <ele>1043.1</ele>
        <time>2026-08-19T12:06:01Z</time>
        <extensions>
          <gpxtpx:TrackPointExtension>
            <gpxtpx:hr>139</gpxtpx:hr>
            <gpxtpx:cad>86</gpxtpx:cad>
            <gpxtpx:atemp>16.7</gpxtpx:atemp>
          </gpxtpx:TrackPointExtension>
        </extensions>
      </trkpt>
      <trkpt lat="51.0507548" lon="-114.0687004">
        <ele>1043.2</ele>
        <time>2026-08-19T12:06:02Z</time>
        <extensions>
          <gpxtpx:TrackPointExtension>
            <gpxtpx:hr>140</gpxtpx:hr>
            <gpxtpx:cad>86</gpxtpx:cad>
            <gpxtpx:atemp>17.3</gpxtpx:atemp>
          </gpxtpx:TrackPointExtension>
        </extensions>
      </trkpt>
      <trkpt lat="51.0507915" lon="-114.0686536">
        <ele>1042.5</ele>
        <time>2026-08-19T12:06:03Z</time>
        <extensions>
          <gpxtpx:TrackPointExtension>
            <gpxtpx:hr>141</gpxtpx:hr>
            <gpxtpx:cad>87</gpxtpx:cad>
            <gpxtpx:atemp>16.8</gpxtpx:atemp>
          </gpxtpx:TrackPointExtension>
        </extensions>
      </trkpt>
      <trkpt lat="51.0508161" lon="-114.0686125">
        <ele>1042.2</ele>
        <time>2026-08-19T12:06:04Z</time>
        <extensions>
          <gpxtpx:TrackPointExtension>
            <gpxtpx:hr>141</gpxtpx:hr>
            <gpxtpx:cad>88</gpxtpx:cad>
            <gpxtpx:atemp>17.0</gpxtpx:atemp>
          </gpxtpx:TrackPointExtension>
        </extensions>
      </trkpt>
      <trkpt lat="51.0508210" lon="-114.0685873">
        <ele>1042.0</ele>
        <time>2026-08-19T12:06:05Z</time>
        <extensions>
          <gpxtpx:TrackPointExtension>
            <gpxtpx:hr>142</gpxtpx:hr>
            <gpxtpx:cad>87</gpxtpx:cad>
            <gpxtpx:atemp>16.7</gpxtpx:atemp>
          </gpxtpx:TrackPointExtension>
        </extensions>
      </trkpt>
      <trkpt lat="51.0508301" lon="-114.0685218">
        <ele>1042.0</ele>
        <time>2026-08-19T12:06:06Z</time>
        <extensions>
          <gpxtpx:TrackPointExtension>
            <gpxtpx:hr>142</gpxtpx:hr>
            <gpxtpx:cad>85</gpxtpx:cad>
            <gpxtpx:atemp>17.3</gpxtpx:atemp>
          </gpxtpx:TrackPointExtension>
        </extensions>
      </trkpt>
      <trkpt lat="51.0508444" lon="-114.0684651">
        <ele>1042.9</ele>
        <time>2026-08-19T12:06:07Z</time>
        <extensions>
          <gpxtpx:TrackPointExtension>
            <gpxtpx:hr>143</gpxtpx:hr>
            <gpxtpx:cad>85</gpxtpx:cad>
            <gpxtpx:atemp>17.1</gpxtpx:atemp>
          </gpxtpx:TrackPointExtension>
        </extensions>
      </trkpt>
      <trkpt lat="51.0508407" lon="-114.0684522">
        <ele>1042.8</ele>
        <time>2026-08-19T12:06:08Z</time>
        <extensions>
          <gpxtpx:TrackPointExtension>
            <gpxtpx:hr>144</gpxtpx:hr>
            <gpxtpx:cad>86</gpxtpx:cad>
            <gpxtpx:atemp>17.2</gpxtpx:atemp>
          </gpxtpx:TrackPointExtension>
        </extensions>
      </trkpt>
      <trkpt lat="51.0508557" lon="-114.0683832">
        <ele>1042.6</ele>
        <time>2026-08-19T12:06:09Z</time>
        <extensions>
          <gpxtpx:TrackPointExtension>
            <gpxtpx:hr>145</gpxtpx:hr>
            <gpxtpx:cad>86</gpxtpx:cad>
            <gpxtpx:atemp>17.1</gpxtpx:atemp>
          </gpxtpx:TrackPointExtension>
        </extensions>
      </trkpt>
      <trkpt lat="51.0508641" lon="-114.0683487">
        <ele>1042.4</ele>
        <time>2026-08-19T12:06:10Z</time>
        <extensions>
          <gpxtpx:TrackPointExtension>
            <gpxtpx:hr>145</gpxtpx:hr>
            <gpxtpx:cad>85</gpxtpx:cad>
            <gpxtpx:atemp>17.2</gpxtpx:atemp>
          </gpxtpx:TrackPointExtension>
        </extensions>
      </trkpt>
      <trkpt lat="51.0508828" lon="-114.0683491">
        <ele>1041.9</ele>
        <time>2026-08-19T12:06:11Z</time>
        <extensions>
          <gpxtpx:TrackPointExtension>
            <gpxtpx:hr>145</gpxtpx:hr>
            <gpxtpx:cad>83</gpxtpx:cad>
            <gpxtpx:atemp>16.8</gpxtpx:atemp>
          </gpxtpx:TrackPointExtension>
        </extensions>
      </trkpt>
      <trkpt lat="51.0509018" lon="-114.0682856">
        <ele>1042.3</ele>
        <time>2026-08-19T12:06:12Z</time>
        <extensions>
          <gpxtpx:TrackPointExtension>
            <gpxtpx:hr>145</gpxtpx:hr>
            <gpxtpx:cad>85</gpxtpx:cad>
            <gpxtpx:atemp>17.3</gpxtpx:atemp>
          </gpxtpx:TrackPointExtension>
        </extensions>
      </trkpt>
      <trkpt lat="51.0509101" lon="-114.0682562">
        <ele>1042.3</ele>
        <time>2026-08-19T12:06:13Z</time>
        <extensions>
          <gpxtpx:TrackPointExtension>
            <gpxtpx:hr>146</gpxtpx:hr>
            <gpxtpx:cad>85</gpxtpx:cad>
            <gpxtpx:atemp>16.6</gpxtpx:atemp>
          </gpxtpx:TrackPointExtension>
        </extensions>
      </trkpt>
      <trkpt lat="51.0509322" lon="-114.0682250">
        <ele>1042.9</ele>
        <time>2026-08-19T12:06:14Z</time>
        <extensions>
          <gpxtpx:TrackPointExtension>
            <gpxtpx:hr>146</gpxtpx:hr>
            <gpxtpx:cad>87</gpxtpx:cad>
            <gpxtpx:atemp>17.1</gpxtpx:atemp>
          </gpxtpx:TrackPointExtension>
        </extensions>
      </trkpt>
      <trkpt lat="51.0509544" lon="-114.0681503">
        <ele>1043.1</ele>
        <time>2026-08-19T12:06:15Z</time>
        <extensions>
          <gpxtpx:TrackPointExtension>
            <gpxtpx:hr>146</gpxtpx:hr>
            <gpxtpx:cad>85</gpxtpx:cad>
            <gpxtpx:atemp>17.1</gpxtpx:atemp>
          </gpxtpx:TrackPointExtension>
        </extensions>
      </trkpt>
      <trkpt lat="51.0509724" lon="-114.0680862">
        <ele>1043.1</ele>
        <time>2026-08-19T12:06:16Z</time>
        <extensions>
          <gpxtpx:TrackPointExtension>
            <gpxtpx:hr>146</gpxtpx:hr>
            <gpxtpx:cad>86</gpxtpx:cad>
            <gpxtpx:atemp>16.9</gpxtpx:atemp>
          </gpxtpx:TrackPointExtension>
        </extensions>
      </trkpt>
      <trkpt lat="51.0510113" lon="-114.0680520">
        <ele>1042.6</ele>
        <time>2026-08-19T12:06:17Z</time>
        <extensions>
          <gpxtpx:TrackPointExtension>
            <gpxtpx:hr>146</gpxtpx:hr>
            <gpxtpx:cad>88</gpxtpx:cad>
            <gpxtpx:atemp>16.6</gpxtpx:atemp>
          </gpxtpx:TrackPointExtension>
        </extensions>
      </trkpt>
      <trkpt lat="51.0509928" lon="-114.0679824">
        <ele>1042.1</ele>
        <time>2026-08-19T12:06:18Z</time>
        <extensions>
          <gpxtpx:TrackPointExtension>
            <gpxtpx:hr>147</gpxtpx:hr>
            <gpxtpx:cad>85</gpxtpx:cad>
            <gpxtpx:atemp>17.2</gpxtpx:atemp>
          </gpxtpx:TrackPointExtension>
        </extensions>
      </trkpt>
      <trkpt lat="51.0509982" lon="-114.0679489">
        <ele>1041.9</ele>
        <time>2026-08-19T12:06:19Z</time>
        <extensions>
          <gpxtpx:TrackPointExtension>
            <gpxtpx:hr>147</gpxtpx:hr>
            <gpxtpx:cad>87</gpxtpx:cad>
            <gpxtpx:atemp>17.1</gpxtpx:atemp>
          </gpxtpx:TrackPointExtension>
        </extensions>
      </trkpt>
      <trkpt lat="51.0510120" lon="-114.0679065">
        <ele>1042.4</ele>
        <time>2026-08-19T12:06:20Z</time>
        <extensions>
          <gpxtpx:TrackPointExtension>
            <gpxtpx:hr>147</gpxtpx:hr>
            <gpxtpx:cad>84</gpxtpx:cad>
            <gpxtpx:atemp>17.1</gpxtpx:atemp>
          </gpxtpx:TrackPointExtension>
        </extensions>
      </trkpt>
      <trkpt lat="51.0510250" lon="-114.0678815">
        <ele>1042.7</ele>
        <time>2026-08-19T12:06:21Z</time>
        <extensions>
          <gpxtpx:TrackPointExtension>
            <gpxtpx:hr>148</gpxtpx:hr>
            <gpxtpx:cad>86</gpxtpx:cad>
            <gpxtpx:atemp>16.6</gpxtpx:atemp>
          </gpxtpx:TrackPointExtension>
        </extensions>
      </trkpt>
      <trkpt lat="51.0510457" lon="-114.0678532">
        <ele>1042.8</ele>
        <time>2026-08-19T12:06:22Z</time>
        <extensions>
          <gpxtpx:TrackPointExtension>
            <gpxtpx:hr>148</gpxtpx:hr>
            <gpxtpx:cad>85</gpxtpx:cad>
            <gpxtpx:atemp>17.0</gpxtpx:atemp>
          </gpxtpx:TrackPointExtension>
        </extensions>
      </trkpt>
      <trkpt lat="51.0510753" lon="-114.0678242">
        <ele>1042.7</ele>
        <time>2026-08-19T12:06:23Z</time>
        <extensions>
          <gpxtpx:TrackPointExtension>
            <gpxtpx:hr>149</gpxtpx:hr>
            <gpxtpx:cad>85</gpxtpx:cad>
            <gpxtpx:atemp>17.1</gpxtpx:atemp>
          </gpxtpx:TrackPointExtension>
        </extensions>
      </trkpt>
      <trkpt lat="51.0510804" lon="-114.0677801">
        <ele>1042.9</ele>
        <time>2026-08-19T12:06:24Z</time>
        <extensions>
          <gpxtpx:TrackPointExtension>
            <gpxtpx:hr>149</gpxtpx:hr>
            <gpxtpx:cad>86</gpxtpx:cad>
            <gpxtpx:atemp>17.2</gpxtpx:atemp>
          </gpxtpx:TrackPointExtension>
        </extensions>
      </trkpt>
      <trkpt lat="51.0510963" lon="-114.0677631">
        <ele>1043.5</ele>
        <time>2026-08-19T12:06:25Z</time>
        <extensions>
          <gpxtpx:TrackPointExtension>
            <gpxtpx:hr>149</gpxtpx:hr>
            <gpxtpx:cad>87</gpxtpx:cad>
            <gpxtpx:atemp>17.0</gpxtpx:atemp>
          </gpxtpx:TrackPointExtension>
        </extensions>
      </trkpt>
      <trkpt lat="51.0511164" lon="-114.0677042">
        <ele>1043.0</ele>
        <time>2026-08-19T12:06:26Z</time>
        <extensions>
          <gpxtpx:TrackPointExtension>
            <gpxtpx:hr>149</gpxtpx:hr>
            <gpxtpx:cad>84</gpxtpx:cad>
            <gpxtpx:atemp>17.1</gpxtpx:atemp>
          </gpxtpx:TrackPointExtension>
        </extensions>
      </trkpt>
      <trkpt lat="51.0511297" lon="-114.0676475">
        <ele>1043.4</ele>
        <time>2026-08-19T12:06:27Z</time>
        <extensions>
          <gpxtpx:TrackPointExtension>
            <gpxtpx:hr>149</gpxtpx:hr>
            <gpxtpx:cad>86</gpxtpx:cad>
            <gpxtpx:atemp>16.7</gpxtpx:atemp>
          </gpxtpx:TrackPointExtension>
        </extensions>
      </trkpt>
      <trkpt lat="51.0511424" lon="-114.0675972">
        <ele>1043.6</ele>
        <time>2026-08-19T12:06:28Z</time>
        <extensions>
          <gpxtpx:TrackPointExtension>
            <gpxtpx:hr>148</gpxtpx:hr>
            <gpxtpx:cad>85</gpxtpx:cad>
            <gpxtpx:atemp>17.5</gpxtpx:atemp>
          </gpxtpx:TrackPointExtension>
        </extensions>
      </trkpt>
      <trkpt lat="51.0511642" lon="-114.0675807">
        <ele>1043.4</ele>
        <time>2026-08-19T12:06:29Z</time>
        <extensions>
          <gpxtpx:TrackPointExtension>
            <gpxtpx:hr>147</gpxtpx:hr>
            <gpxtpx:cad>84</gpxtpx:cad>
            <gpxtpx:atemp>17.0</gpxtpx:atemp>
          </gpxtpx:TrackPointExtension>
        </extensions>
      </trkpt>
      <trkpt lat="51.0511673" lon="-114.0675559">
        <ele>1044.2</ele>
        <time>2026-08-19T12:06:30Z</time>
        <extensions>
          <gpxtpx:TrackPointExtension>
            <gpxtpx:hr>147</gpxtpx:hr>
            <gpxtpx:cad>84</gpxtpx:cad>
            <gpxtpx:atemp>17.0</gpxtpx:atemp>
          </gpxtpx:TrackPointExtension>
        </extensions>
      </trkpt>
      <trkpt lat="51.0511895" lon="-114.0674941">
        <ele>1044.3</ele>
        <time>2026-08-19T12:06:31Z</time>
        <extensions>
          <gpxtpx:TrackPointExtension>
            <gpxtpx:hr>146</gpxtpx:hr>
            <gpxtpx:cad>84</gpxtpx:cad>
            <gpxtpx:atemp>16.9</gpxtpx:atemp>
          </gpxtpx:TrackPointExtension>
        </extensions>
      </trkpt>
      <trkpt lat="51.0512106" lon="-114.0674836">
        <ele>1044.4</ele>
        <time>2026-08-19T12:06:32Z</time>
        <extensions>
          <gpxtpx:TrackPointExtension>
            <gpxtpx:hr>146</gpxtpx:hr>
            <gpxtpx:cad>86</gpxtpx:cad>
            <gpxtpx:atemp>16.6</gpxtpx:atemp>
          </gpxtpx:TrackPointExtension>
        </extensions>
      </trkpt>
      <trkpt lat="51.0512128" lon="-114.0674368">
        <ele>1043.5</ele>
        <time>2026-08-19T12:06:33Z</time>
        <extensions>
          <gpxtpx:TrackPointExtension>
            <gpxtpx:hr>146</gpxtpx:hr>
            <gpxtpx:cad>86</gpxtpx:cad>
            <gpxtpx:atemp>17.3</gpxtpx:atemp>
          </gpxtpx:TrackPointExtension>
        </extensions>
      </trkpt>
      <trkpt lat="51.0512029" lon="-114.0673970">
        <ele>1043.1</ele>
        <time>2026-08-19T12:06:34Z</time>
        <extensions>
          <gpxtpx:TrackPointExtension>
            <gpxtpx:hr>146</gpxtpx:hr>
            <gpxtpx:cad>87</gpxtpx:cad>
            <gpxtpx:atemp>16.8</gpxtpx:atemp>
          </gpxtpx:TrackPointExtension>
        </extensions>
      </trkpt>
      <trkpt lat="51.0512256" lon="-114.0673655">
        <ele>1043.4</ele>
        <time>2026-08-19T12:06:35Z</time>
        <extensions>
          <gpxtpx:TrackPointExtension>
            <gpxtpx:hr>146</gpxtpx:hr>
            <gpxtpx:cad>84</gpxtpx:cad>
            <gpxtpx:atemp>16.9</gpxtpx:atemp>
          </gpxtpx:TrackPointExtension>
        </extensions>
      </trkpt>
      <trkpt lat="51.0512464" lon="-114.0673217">
        <ele>1042.0</ele>
        <time>2026-08-19T12:06:36Z</time>
        <extensions>
          <gpxtpx:TrackPointExtension>
            <gpxtpx:hr>147</gpxtpx:hr>
            <gpxtpx:cad>88</gpxtpx:cad>
            <gpxtpx:atemp>17.1</gpxtpx:atemp>
          </gpxtpx:TrackPointExtension>
        </extensions>
      </trkpt>
      <trkpt lat="51.0512637" lon="-114.0673034">
        <ele>1041.8</ele>
        <time>2026-08-19T12:06:37Z</time>
        <extensions>
          <gpxtpx:TrackPointExtension>
            <gpxtpx:hr>147</gpxtpx:hr>
            <gpxtpx:cad>86</gpxtpx:cad>
            <gpxtpx:atemp>17.0</gpxtpx:atemp>
          </gpxtpx:TrackPointExtension>
        </extensions>
      </trkpt>
      <trkpt lat="51.0513033" lon="-114.0672554">
        <ele>1041.9</ele>
        <time>2026-08-19T12:06:38Z</time>
        <extensions>
          <gpxtpx:TrackPointExtension>
            <gpxtpx:hr>148</gpxtpx:hr>
            <gpxtpx:cad>83</gpxtpx:cad>
            <gpxtpx:atemp>16.4</gpxtpx:atemp>
          </gpxtpx:TrackPointExtension>
        </extensions>
      </trkpt>
      <trkpt lat="51.0513247" lon="-114.0671974">
        <ele>1042.3</ele>
        <time>2026-08-19T12:06:39Z</time>
        <extensions>
          <gpxtpx:TrackPointExtension>
            <gpxtpx:hr>148</gpxtpx:hr>
            <gpxtpx:cad>86</gpxtpx:cad>
            <gpxtpx:atemp>17.5</gpxtpx:atemp>
          </gpxtpx:TrackPointExtension>
        </extensions>
      </trkpt>
      <trkpt lat="51.0513429" lon="-114.0671834">
        <ele>1042.2</ele>
        <time>2026-08-19T12:06:40Z</time>
        <extensions>
          <gpxtpx:TrackPointExtension>
            <gpxtpx:hr>148</gpxtpx:hr>
            <gpxtpx:cad>84</gpxtpx:cad>
            <gpxtpx:atemp>17.0</gpxtpx:atemp>
          </gpxtpx:TrackPointExtension>
        </extensions>
      </trkpt>
      <trkpt lat="51.0513420" lon="-114.0671042">
        <ele>1042.2</ele>
        <time>2026-08-19T12:06:41Z</time>
        <extensions>
          <gpxtpx:TrackPointExtension>
            <gpxtpx:hr>149</gpxtpx:hr>
            <gpxtpx:cad>85</gpxtpx:cad>
            <gpxtpx:atemp>17.0</gpxtpx:atemp>
          </gpxtpx:TrackPointExtension>
        </extensions>
      </trkpt>
      <trkpt lat="51.0513811" lon="-114.0670742">
        <ele>1042.2</ele>
        <time>2026-08-19T12:06:42Z</time>
        <extensions>
          <gpxtpx:TrackPointExtension>
            <gpxtpx:hr>149</gpxtpx:hr>
            <gpxtpx:cad>87</gpxtpx:cad>
            <gpxtpx:atemp>16.7</gpxtpx:atemp>
          </gpxtpx:TrackPointExtension>
        </extensions>
      </trkpt>
      <trkpt lat="51.0514025" lon="-114.0670330">
        <ele>1042.1</ele>
        <time>2026-08-19T12:06:43Z</time>
        <extensions>
          <gpxtpx:TrackPointExtension>
            <gpxtpx:hr>149</gpxtpx:hr>
            <gpxtpx:cad>85</gpxtpx:cad>
            <gpxtpx:atemp>17.2</gpxtpx:atemp>
          </gpxtpx:TrackPointExtension>
        </extensions>
      </trkpt>
      <trkpt lat="51.0514057" lon="-114.0670048">
        <ele>1042.7</ele>
        <time>2026-08-19T12:06:44Z</time>
        <extensions>
          <gpxtpx:TrackPointExtension>
            <gpxtpx:hr>149</gpxtpx:hr>
            <gpxtpx:cad>86</gpxtpx:cad>
            <gpxtpx:atemp>16.9</gpxtpx:atemp>
          </gpxtpx:TrackPointExtension>
        </extensions>
      </trkpt>
      <trkpt lat="51.0514214" lon="-114.0669457">
        <ele>1042.7</ele>
        <time>2026-08-19T12:06:45Z</time>
        <extensions>
          <gpxtpx:TrackPointExtension>
            <gpxtpx:hr>149</gpxtpx:hr>
            <gpxtpx:cad>84</gpxtpx:cad>
            <gpxtpx:atemp>17.0</gpxtpx:atemp>
          </gpxtpx:TrackPointExtension>
        </extensions>
      </trkpt>
      <trkpt lat="51.0514422" lon="-114.0669097">
        <ele>1042.1</ele>
        <time>2026-08-19T12:06:46Z</time>
        <extensions>
          <gpxtpx:TrackPointExtension>
            <gpxtpx:hr>148</gpxtpx:hr>
            <gpxtpx:cad>87</gpxtpx:cad>
            <gpxtpx:atemp>17.0</gpxtpx:atemp>
          </gpxtpx:TrackPointExtension>
        </extensions>
      </trkpt>
      <trkpt lat="51.0514533" lon="-114.0668554">
        <ele>1042.1</ele>
        <time>2026-08-19T12:06:47Z</time>
        <extensions>
          <gpxtpx:TrackPointExtension>
            <gpxtpx:hr>148</gpxtpx:hr>
            <gpxtpx:cad>87</gpxtpx:cad>
            <gpxtpx:atemp>16.6</gpxtpx:atemp>
          </gpxtpx:TrackPointExtension>
        </extensions>
      </trkpt>
      <trkpt lat="51.0514517" lon="-114.0668059">
        <ele>1041.6</ele>
        <time>2026-08-19T12:06:48Z</time>
        <extensions>
          <gpxtpx:TrackPointExtension>
            <gpxtpx:hr>148</gpxtpx:hr>
            <gpxtpx:cad>86</gpxtpx:cad>
            <gpxtpx:atemp>17.0</gpxtpx:atemp>
          </gpxtpx:TrackPointExtension>
        </extensions>
      </trkpt>
      <trkpt lat="51.0514599" lon="-114.0667679">
        <ele>1041.7</ele>
        <time>2026-08-19T12:06:49Z</time>
        <extensions>
          <gpxtpx:TrackPointExtension>
            <gpxtpx:hr>148</gpxtpx:hr>
            <gpxtpx:cad>85</gpxtpx:cad>
            <gpxtpx:atemp>16.8</gpxtpx:atemp>
          </gpxtpx:TrackPointExtension>
        </extensions>
      </trkpt>
      <trkpt lat="51.0514868" lon="-114.0667225">
        <ele>1041.0</ele>
        <time>2026-08-19T12:06:50Z</time>
        <extensions>
          <gpxtpx:TrackPointExtension>
            <gpxtpx:hr>148</gpxtpx:hr>
            <gpxtpx:cad>86</gpxtpx:cad>
            <gpxtpx:atemp>17.1</gpxtpx:atemp>
          </gpxtpx:TrackPointExtension>
        </extensions>
      </trkpt>
      <trkpt lat="51.0514828" lon="-114.0667153">
        <ele>1041.5</ele>
        <time>2026-08-19T12:06:51Z</time>
        <extensions>
          <gpxtpx:TrackPointExtension>
            <gpxtpx:hr>148</gpxtpx:hr>
            <gpxtpx:cad>86</gpxtpx:cad>
            <gpxtpx:atemp>16.7</gpxtpx:atemp>
          </gpxtpx:TrackPointExtension>
        </extensions>
      </trkpt>
      <trkpt lat="51.0514954" lon="-114.0667004">
        <ele>1041.6</ele>
        <time>2026-08-19T12:06:52Z</time>
        <extensions>
          <gpxtpx:TrackPointExtension>
            <gpxtpx:hr>149</gpxtpx:hr>
            <gpxtpx:cad>86</gpxtpx:cad>
            <gpxtpx:atemp>17.4</gpxtpx:atemp>
          </gpxtpx:TrackPointExtension>
        </extensions>
      </trkpt>
      <trkpt lat="51.0515036" lon="-114.0666460">
        <ele>1041.7</ele>
        <time>2026-08-19T12:06:53Z</time>
        <extensions>
          <gpxtpx:TrackPointExtension>
            <gpxtpx:hr>149</gpxtpx:hr>
            <gpxtpx:cad>87</gpxtpx:cad>
            <gpxtpx:atemp>17.3</gpxtpx:atemp>
          </gpxtpx:TrackPointExtension>
        </extensions>
      </trkpt>
      <trkpt lat="51.0515159" lon="-114.0666096">
        <ele>1041.3</ele>
        <time>2026-08-19T12:06:54Z</time>
        <extensions>
          <gpxtpx:TrackPointExtension>
            <gpxtpx:hr>150</gpxtpx:hr>
            <gpxtpx:cad>87</gpxtpx:cad>
            <gpxtpx:atemp>17.0</gpxtpx:atemp>
          </gpxtpx:TrackPointExtension>
        </extensions>
      </trkpt>
      <trkpt lat="51.0515489" lon="-114.0665642">
        <ele>1041.5</ele>
        <time>2026-08-19T12:06:55Z</time>
        <extensions>
          <gpxtpx:TrackPointExtension>
            <gpxtpx:hr>150</gpxtpx:hr>
            <gpxtpx:cad>86</gpxtpx:cad>
            <gpxtpx:atemp>17.0</gpxtpx:atemp>
          </gpxtpx:TrackPointExtension>
        </extensions>
      </trkpt>
      <trkpt lat="51.0515506" lon="-114.0664811">
        <ele>1041.8</ele>
        <time>2026-08-19T12:06:56Z</time>
        <extensions>
          <gpxtpx:TrackPointExtension>
            <gpxtpx:hr>149</gpxtpx:hr>
            <gpxtpx:cad>84</gpxtpx:cad>
            <gpxtpx:atemp>17.1</gpxtpx:atemp>
          </gpxtpx:TrackPointExtension>
        </extensions>
      </trkpt>
      <trkpt lat="51.0515743" lon="-114.0664707">
        <ele>1041.7</ele>
        <time>2026-08-19T12:06:57Z</time>
        <extensions>
          <gpxtpx:TrackPointExtension>
            <gpxtpx:hr>148</gpxtpx:hr>
            <gpxtpx:cad>87</gpxtpx:cad>
            <gpxtpx:atemp>16.9</gpxtpx:atemp>
          </gpxtpx:TrackPointExtension>
        </extensions>
      </trkpt>
      <trkpt lat="51.0515866" lon="-114.0664562">
        <ele>1042.7</ele>
        <time>2026-08-19T12:06:58Z</time>
        <extensions>
          <gpxtpx:TrackPointExtension>
            <gpxtpx:hr>148</gpxtpx:hr>
            <gpxtpx:cad>87</gpxtpx:cad>
            <gpxtpx:atemp>17.2</gpxtpx:atemp>
          </gpxtpx:TrackPointExtension>
        </extensions>
      </trkpt>
      <trkpt lat="51.0516058" lon="-114.0663885">
        <ele>1042.8</ele>
        <time>2026-08-19T12:06:59Z</time>
        <extensions>
          <gpxtpx:TrackPointExtension>
            <gpxtpx:hr>148</gpxtpx:hr>
            <gpxtpx:cad>88</gpxtpx:cad>
            <gpxtpx:atemp>17.0</gpxtpx:atemp>
          </gpxtpx:TrackPointExtension>
        </extensions>
      </trkpt>
      <trkpt lat="51.0516108" lon="-114.0663581">
        <ele>1042.7</ele>
        <time>2026-08-19T12:07:00Z</time>
        <extensions>
          <gpxtpx:TrackPointExtension>
            <gpxtpx:hr>147</gpxtpx:hr>
            <gpxtpx:cad>88</gpxtpx:cad>
            <gpxtpx:atemp>16.7</gpxtpx:atemp>
          </gpxtpx:TrackPointExtension>
        </extensions>
      </trkpt>
      <trkpt lat="51.0516334" lon="-114.0662911">
        <ele>1041.8</ele>
        <time>2026-08-19T12:07:01Z</time>
        <extensions>
          <gpxtpx:TrackPointExtension>
            <gpxtpx:hr>147</gpxtpx:hr>
            <gpxtpx:cad>84</gpxtpx:cad>
            <gpxtpx:atemp>16.7</gpxtpx:atemp>
          </gpxtpx:TrackPointExtension>
        </extensions>
      </trkpt>
      <trkpt lat="51.0516445" lon="-114.0662664">
        <ele>1041.3</ele>
        <time>2026-08-19T12:07:02Z</time>
        <extensions>
          <gpxtpx:TrackPointExtension>
            <gpxtpx:hr>146</gpxtpx:hr>
            <gpxtpx:cad>85</gpxtpx:cad>
            <gpxtpx:atemp>16.8</gpxtpx:atemp>
          </gpxtpx:TrackPointExtension>
        </extensions>
      </trkpt>
      <trkpt lat="51.0516459" lon="-114.0662194">
        <ele>1041.9</ele>
        <time>2026-08-19T12:07:03Z</time>
        <extensions>
          <gpxtpx:TrackPointExtension>
            <gpxtpx:hr>146</gpxtpx:hr>
            <gpxtpx:cad>85</gpxtpx:cad>
            <gpxtpx:atemp>16.8</gpxtpx:atemp>
          </gpxtpx:TrackPointExtension>
        </extensions>
      </trkpt>
      <trkpt lat="51.0516582" lon="-114.0661708">
        <ele>1041.5</ele>
        <time>2026-08-19T12:07:04Z</time>
        <extensions>
          <gpxtpx:TrackPointExtension>
            <gpxtpx:hr>147</gpxtpx:hr>
            <gpxtpx:cad>87</gpxtpx:cad>
            <gpxtpx:atemp>16.9</gpxtpx:atemp>
          </gpxtpx:TrackPointExtension>
        </extensions>
      </trkpt>
      <trkpt lat="51.0516991" lon="-114.0661202">
        <ele>1041.4</ele>
        <time>2026-08-19T12:07:05Z</time>
        <extensions>
          <gpxtpx:TrackPointExtension>
            <gpxtpx:hr>146</gpxtpx:hr>
            <gpxtpx:cad>87</gpxtpx:cad>
            <gpxtpx:atemp>16.7</gpxtpx:atemp>
          </gpxtpx:TrackPointExtension>
        </extensions>
      </trkpt>
      <trkpt lat="51.0517177" lon="-114.0660889">
        <ele>1040.5</ele>
        <time>2026-08-19T12:07:06Z</time>
        <extensions>
          <gpxtpx:TrackPointExtension>
            <gpxtpx:hr>147</gpxtpx:hr>
            <gpxtpx:cad>84</gpxtpx:cad>
            <gpxtpx:atemp>17.0</gpxtpx:atemp>
          </gpxtpx:TrackPointExtension>
        </extensions>
      </trkpt>
      <trkpt lat="51.0517424" lon="-114.0660289">
        <ele>1040.7</ele>
        <time>2026-08-19T12:07:07Z</time>
        <extensions>
          <gpxtpx:TrackPointExtension>
            <gpxtpx:hr>146</gpxtpx:hr>
            <gpxtpx:cad>87</gpxtpx:cad>
            <gpxtpx:atemp>17.3</gpxtpx:atemp>
          </gpxtpx:TrackPointExtension>
        </extensions>
      </trkpt>
      <trkpt lat="51.0517799" lon="-114.0659843">
        <ele>1040.9</ele>
        <time>2026-08-19T12:07:08Z</time>
        <extensions>
          <gpxtpx:TrackPointExtension>
            <gpxtpx:hr>147</gpxtpx:hr>
            <gpxtpx:cad>86</gpxtpx:cad>
            <gpxtpx:atemp>16.7</gpxtpx:atemp>
          </gpxtpx:TrackPointExtension>
        </extensions>
      </trkpt>
      <trkpt lat="51.0517937" lon="-114.0659724">
        <ele>1040.9</ele>
        <time>2026-08-19T12:07:09Z</time>
        <extensions>
          <gpxtpx:TrackPointExtension>
            <gpxtpx:hr>146</gpxtpx:hr>
            <gpxtpx:cad>87</gpxtpx:cad>
            <gpxtpx:atemp>16.7</gpxtpx:atemp>
          </gpxtpx:TrackPointExtension>
        </extensions>
      </trkpt>
      <trkpt lat="51.0518258" lon="-114.0659561">
        <ele>1040.8</ele>
        <time>2026-08-19T12:07:10Z</time>
        <extensions>
          <gpxtpx:TrackPointExtension>
            <gpxtpx:hr>147</gpxtpx:hr>
            <gpxtpx:cad>85</gpxtpx:cad>
            <gpxtpx:atemp>17.0</gpxtpx:atemp>
          </gpxtpx:TrackPointExtension>
        </extensions>
      </trkpt>
      <trkpt lat="51.0518300" lon="-114.0659156">
        <ele>1040.3</ele>
        <time>2026-08-19T12:07:11Z</time>
        <extensions>
          <gpxtpx:TrackPointExtension>
            <gpxtpx:hr>146</gpxtpx:hr>
            <gpxtpx:cad>88</gpxtpx:cad>
            <gpxtpx:atemp>16.7</gpxtpx:atemp>
          </gpxtpx:TrackPointExtension>
        </extensions>
      </trkpt>
      <trkpt lat="51.0518566" lon="-114.0658230">
        <ele>1040.7</ele>
        <time>2026-08-19T12:07:12Z</time>
        <extensions>
          <gpxtpx:TrackPointExtension>
            <gpxtpx:hr>146</gpxtpx:hr>
            <gpxtpx:cad>85</gpxtpx:cad>
            <gpxtpx:atemp>16.9</gpxtpx:atemp>
          </gpxtpx:TrackPointExtension>
        </extensions>
      </trkpt>
      <trkpt lat="51.0518867" lon="-114.0658028">
        <ele>1041.0</ele>
        <time>2026-08-19T12:07:13Z</time>
        <extensions>
          <gpxtpx:TrackPointExtension>
            <gpxtpx:hr>146</gpxtpx:hr>
            <gpxtpx:cad>86</gpxtpx:cad>
            <gpxtpx:atemp>17.3</gpxtpx:atemp>
          </gpxtpx:TrackPointExtension>
        </extensions>
      </trkpt>
      <trkpt lat="51.0519137" lon="-114.0657635">
        <ele>1041.1</ele>
        <time>2026-08-19T12:07:14Z</time>
        <extensions>
          <gpxtpx:TrackPointExtension>
            <gpxtpx:hr>147</gpxtpx:hr>
            <gpxtpx:cad>84</gpxtpx:cad>
            <gpxtpx:atemp>16.8</gpxtpx:atemp>
          </gpxtpx:TrackPointExtension>
        </extensions>
      </trkpt>
      <trkpt lat="51.0519292" lon="-114.0657285">
        <ele>1041.5</ele>
        <time>2026-08-19T12:07:15Z</time>
        <extensions>
          <gpxtpx:TrackPointExtension>
            <gpxtpx:hr>147</gpxtpx:hr>
            <gpxtpx:cad>84</gpxtpx:cad>
            <gpxtpx:atemp>17.6</gpxtpx:atemp>
          </gpxtpx:TrackPointExtension>
        </extensions>
      </trkpt>
      <trkpt lat="51.0519433" lon="-114.0656551">
        <ele>1041.3</ele>
        <time>2026-08-19T12:07:16Z</time>
        <extensions>
          <gpxtpx:TrackPointExtension>
            <gpxtpx:hr>148</gpxtpx:hr>
            <gpxtpx:cad>87</gpxtpx:cad>
            <gpxtpx:atemp>17.4</gpxtpx:atemp>
          </gpxtpx:TrackPointExtension>
        </extensions>
      </trkpt>
      <trkpt lat="51.0519707" lon="-114.0656174">
        <ele>1041.1</ele>
        <time>2026-08-19T12:07:17Z</time>
        <extensions>
          <gpxtpx:TrackPointExtension>
            <gpxtpx:hr>148</gpxtpx:hr>
            <gpxtpx:cad>86</gpxtpx:cad>
            <gpxtpx:atemp>16.9</gpxtpx:atemp>
          </gpxtpx:TrackPointExtension>
        </extensions>
      </trkpt>
      <trkpt lat="51.0519682" lon="-114.0655614">
        <ele>1041.6</ele>
        <time>2026-08-19T12:07:18Z</time>
        <extensions>
          <gpxtpx:TrackPointExtension>
            <gpxtpx:hr>148</gpxtpx:hr>
            <gpxtpx:cad>87</gpxtpx:cad>
            <gpxtpx:atemp>17.2</gpxtpx:atemp>
          </gpxtpx:TrackPointExtension>
        </extensions>
      </trkpt>
      <trkpt lat="51.0519838" lon="-114.0654931">
        <ele>1042.3</ele>
        <time>2026-08-19T12:07:19Z</time>
        <extensions>
          <gpxtpx:TrackPointExtension>
            <gpxtpx:hr>148</gpxtpx:hr>
            <gpxtpx:cad>86</gpxtpx:cad>
            <gpxtpx:atemp>17.3</gpxtpx:atemp>
          </gpxtpx:TrackPointExtension>
        </extensions>
      </trkpt>
      <trkpt lat="51.0519958" lon="-114.0654361">
        <ele>1041.7</ele>
        <time>2026-08-19T12:07:20Z</time>
        <extensions>
          <gpxtpx:TrackPointExtension>
            <gpxtpx:hr>148</gpxtpx:hr>
            <gpxtpx:cad>87</gpxtpx:cad>
            <gpxtpx:atemp>17.2</gpxtpx:atemp>
          </gpxtpx:TrackPointExtension>
        </extensions>
      </trkpt>
      <trkpt lat="51.0520130" lon="-114.0654108">
        <ele>1042.0</ele>
        <time>2026-08-19T12:07:21Z</time>
        <extensions>
          <gpxtpx:TrackPointExtension>
            <gpxtpx:hr>149</gpxtpx:hr>
            <gpxtpx:cad>86</gpxtpx:cad>
            <gpxtpx:atemp>16.6</gpxtpx:atemp>
          </gpxtpx:TrackPointExtension>
        </extensions>
      </trkpt>
      <trkpt lat="51.0520253" lon="-114.0653590">
        <ele>1042.0</ele>
        <time>2026-08-19T12:07:22Z</time>
        <extensions>
          <gpxtpx:TrackPointExtension>
            <gpxtpx:hr>149</gpxtpx:hr>
            <gpxtpx:cad>86</gpxtpx:cad>
            <gpxtpx:atemp>17.0</gpxtpx:atemp>
          </gpxtpx:TrackPointExtension>
        </extensions>
      </trkpt>
      <trkpt lat="51.0520357" lon="-114.0653482">
        <ele>1042.2</ele>
        <time>2026-08-19T12:07:23Z</time>
        <extensions>
          <gpxtpx:TrackPointExtension>
            <gpxtpx:hr>149</gpxtpx:hr>
            <gpxtpx:cad>85</gpxtpx:cad>
            <gpxtpx:atemp>16.9</gpxtpx:atemp>
          </gpxtpx:TrackPointExtension>
        </extensions>
      </trkpt>
      <trkpt lat="51.0520655" lon="-114.0652894">
        <ele>1041.8</ele>
        <time>2026-08-19T12:07:24Z</time>
        <extensions>
          <gpxtpx:TrackPointExtension>
            <gpxtpx:hr>150</gpxtpx:hr>
            <gpxtpx:cad>87</gpxtpx:cad>
            <gpxtpx:atemp>16.6</gpxtpx:atemp>
          </gpxtpx:TrackPointExtension>
        </extensions>
      </trkpt>
      <trkpt lat="51.0520746" lon="-114.0652234">
        <ele>1041.6</ele>
        <time>2026-08-19T12:07:25Z</time>
        <extensions>
          <gpxtpx:TrackPointExtension>
            <gpxtpx:hr>150</gpxtpx:hr>
            <gpxtpx:cad>87</gpxtpx:cad>
            <gpxtpx:atemp>17.5</gpxtpx:atemp>
          </gpxtpx:TrackPointExtension>
        </extensions>
      </trkpt>
      <trkpt lat="51.0521068" lon="-114.0652018">
        <ele>1041.6</ele>
        <time>2026-08-19T12:07:26Z</time>
        <extensions>
          <gpxtpx:TrackPointExtension>
            <gpxtpx:hr>149</gpxtpx:hr>
            <gpxtpx:cad>86</gpxtpx:cad>
            <gpxtpx:atemp>17.1</gpxtpx:atemp>
          </gpxtpx:TrackPointExtension>
        </extensions>
      </trkpt>
      <trkpt lat="51.0521070" lon="-114.0651266">
        <ele>1041.1</ele>
        <time>2026-08-19T12:07:27Z</time>
        <extensions>
          <gpxtpx:TrackPointExtension>
            <gpxtpx:hr>149</gpxtpx:hr>
            <gpxtpx:cad>86</gpxtpx:cad>
            <gpxtpx:atemp>16.9</gpxtpx:atemp>
          </gpxtpx:TrackPointExtension>
        </extensions>
      </trkpt>
      <trkpt lat="51.0521208" lon="-114.0651066">
        <ele>1041.9</ele>
        <time>2026-08-19T12:07:28Z</time>
        <extensions>
          <gpxtpx:TrackPointExtension>
            <gpxtpx:hr>149</gpxtpx:hr>
            <gpxtpx:cad>88</gpxtpx:cad>
            <gpxtpx:atemp>16.3</gpxtpx:atemp>
          </gpxtpx:TrackPointExtension>
        </extensions>
      </trkpt>
      <trkpt lat="51.0521422" lon="-114.0650095">
        <ele>1042.0</ele>
        <time>2026-08-19T12:07:29Z</time>
        <extensions>
          <gpxtpx:TrackPointExtension>
            <gpxtpx:hr>151</gpxtpx:hr>
            <gpxtpx:cad>86</gpxtpx:cad>
            <gpxtpx:atemp>17.7</gpxtpx:atemp>
          </gpxtpx:TrackPointExtension>
        </extensions>
      </trkpt>
      <trkpt lat="51.0521496" lon="-114.0649612">
        <ele>1041.9</ele>
        <time>2026-08-19T12:07:30Z</time>
        <extensions>
          <gpxtpx:TrackPointExtension>
            <gpxtpx:hr>150</gpxtpx:hr>
            <gpxtpx:cad>86</gpxtpx:cad>
            <gpxtpx:atemp>17.2</gpxtpx:atemp>
          </gpxtpx:TrackPointExtension>
        </extensions>
      </trkpt>
      <trkpt lat="51.0521554" lon="-114.0649363">
        <ele>1040.8</ele>
        <time>2026-08-19T12:07:31Z</time>
        <extensions>
          <gpxtpx:TrackPointExtension>
            <gpxtpx:hr>151</gpxtpx:hr>
            <gpxtpx:cad>87</gpxtpx:cad>
            <gpxtpx:atemp>16.9</gpxtpx:atemp>
          </gpxtpx:TrackPointExtension>
        </extensions>
      </trkpt>
      <trkpt lat="51.0521840" lon="-114.0649094">
        <ele>1040.5</ele>
        <time>2026-08-19T12:07:32Z</time>
        <extensions>
          <gpxtpx:TrackPointExtension>
            <gpxtpx:hr>151</gpxtpx:hr>
            <gpxtpx:cad>84</gpxtpx:cad>
            <gpxtpx:atemp>17.1</gpxtpx:atemp>
          </gpxtpx:TrackPointExtension>
        </extensions>
      </trkpt>
      <trkpt lat="51.0521752" lon="-114.0648402">
        <ele>1041.1</ele>
        <time>2026-08-19T12:07:33Z</time>
        <extensions>
          <gpxtpx:TrackPointExtension>
            <gpxtpx:hr>152</gpxtpx:hr>
            <gpxtpx:cad>87</gpxtpx:cad>
            <gpxtpx:atemp>17.2</gpxtpx:atemp>
          </gpxtpx:TrackPointExtension>
        </extensions>
      </trkpt>
      <trkpt lat="51.0521932" lon="-114.0647699">
        <ele>1041.8</ele>
        <time>2026-08-19T12:07:34Z</time>
        <extensions>
          <gpxtpx:TrackPointExtension>
            <gpxtpx:hr>152</gpxtpx:hr>
            <gpxtpx:cad>88</gpxtpx:cad>
            <gpxtpx:atemp>17.2</gpxtpx:atemp>
          </gpxtpx:TrackPointExtension>
        </extensions>
      </trkpt>
      <trkpt lat="51.0522180" lon="-114.0647473">
        <ele>1042.6</ele>
        <time>2026-08-19T12:07:35Z</time>
        <extensions>
          <gpxtpx:TrackPointExtension>
            <gpxtpx:hr>152</gpxtpx:hr>
            <gpxtpx:cad>86</gpxtpx:cad>
            <gpxtpx:atemp>17.1</gpxtpx:atemp>
          </gpxtpx:TrackPointExtension>
        </extensions>
      </trkpt>
      <trkpt lat="51.0522279" lon="-114.0647237">
        <ele>1042.8</ele>
        <time>2026-08-19T12:07:36Z</time>
        <extensions>
          <gpxtpx:TrackPointExtension>
            <gpxtpx:hr>152</gpxtpx:hr>
            <gpxtpx:cad>87</gpxtpx:cad>
            <gpxtpx:atemp>17.0</gpxtpx:atemp>
          </gpxtpx:TrackPointExtension>
        </extensions>
      </trkpt>
      <trkpt lat="51.0522303" lon="-114.0646598">
        <ele>1042.3</ele>
        <time>2026-08-19T12:07:37Z</time>
        <extensions>
          <gpxtpx:TrackPointExtension>
            <gpxtpx:hr>152</gpxtpx:hr>
            <gpxtpx:cad>86</gpxtpx:cad>
            <gpxtpx:atemp>16.9</gpxtpx:atemp>
          </gpxtpx:TrackPointExtension>
        </extensions>
      </trkpt>
      <trkpt lat="51.0522640" lon="-114.0645953">
        <ele>1042.1</ele>
        <time>2026-08-19T12:07:38Z</time>
        <extensions>
          <gpxtpx:TrackPointExtension>
            <gpxtpx:hr>152</gpxtpx:hr>
            <gpxtpx:cad>85</gpxtpx:cad>
            <gpxtpx:atemp>17.0</gpxtpx:atemp>
          </gpxtpx:TrackPointExtension>
        </extensions>
      </trkpt>
      <trkpt lat="51.0522718" lon="-114.0645509">
        <ele>1041.7</ele>
        <time>2026-08-19T12:07:39Z</time>
        <extensions>
          <gpxtpx:TrackPointExtension>
            <gpxtpx:hr>151</gpxtpx:hr>
            <gpxtpx:cad>87</gpxtpx:cad>
            <gpxtpx:atemp>16.6</gpxtpx:atemp>
          </gpxtpx:TrackPointExtension>
        </extensions>
      </trkpt>
      <trkpt lat="51.0522981" lon="-114.0645005">
        <ele>1041.4</ele>
        <time>2026-08-19T12:07:40Z</time>
        <extensions>
          <gpxtpx:TrackPointExtension>
            <gpxtpx:hr>151</gpxtpx:hr>
            <gpxtpx:cad>85</gpxtpx:cad>
            <gpxtpx:atemp>16.8</gpxtpx:atemp>
          </gpxtpx:TrackPointExtension>
        </extensions>
      </trkpt>
      <trkpt lat="51.0522952" lon="-114.0644779">
        <ele>1041.9</ele>
        <time>2026-08-19T12:07:41Z</time>
        <extensions>
          <gpxtpx:TrackPointExtension>
            <gpxtpx:hr>150</gpxtpx:hr>
            <gpxtpx:cad>85</gpxtpx:cad>
            <gpxtpx:atemp>17.1</gpxtpx:atemp>
          </gpxtpx:TrackPointExtension>
        </extensions>
      </trkpt>
      <trkpt lat="51.0523160" lon="-114.0644367">
        <ele>1041.2</ele>
        <time>2026-08-19T12:07:42Z</time>
        <extensions>
          <gpxtpx:TrackPointExtension>
            <gpxtpx:hr>151</gpxtpx:hr>
            <gpxtpx:cad>86</gpxtpx:cad>
            <gpxtpx:atemp>17.1</gpxtpx:atemp>
          </gpxtpx:TrackPointExtension>
        </extensions>
      </trkpt>
      <trkpt lat="51.0523392" lon="-114.0644000">
        <ele>1041.2</ele>
        <time>2026-08-19T12:07:43Z</time>
        <extensions>
          <gpxtpx:TrackPointExtension>
            <gpxtpx:hr>151</gpxtpx:hr>
            <gpxtpx:cad>86</gpxtpx:cad>
            <gpxtpx:atemp>16.8</gpxtpx:atemp>
          </gpxtpx:TrackPointExtension>
        </extensions>
      </trkpt>
      <trkpt lat="51.0523235" lon="-114.0643744">
        <ele>1040.7</ele>
        <time>2026-08-19T12:07:44Z</time>
        <extensions>
          <gpxtpx:TrackPointExtension>
            <gpxtpx:hr>151</gpxtpx:hr>
            <gpxtpx:cad>87</gpxtpx:cad>
            <gpxtpx:atemp>16.9</gpxtpx:atemp>
          </gpxtpx:TrackPointExtension>
        </extensions>
      </trkpt>
      <trkpt lat="51.0523231" lon="-114.0642885">
        <ele>1041.0</ele>
        <time>2026-08-19T12:07:45Z</time>
        <extensions>
          <gpxtpx:TrackPointExtension>
            <gpxtpx:hr>150</gpxtpx:hr>
            <gpxtpx:cad>86</gpxtpx:cad>
            <gpxtpx:atemp>17.2</gpxtpx:atemp>
          </gpxtpx:TrackPointExtension>
        </extensions>
      </trkpt>
      <trkpt lat="51.0523134" lon="-114.0642650">
        <ele>1041.0</ele>
        <time>2026-08-19T12:07:46Z</time>
        <extensions>
          <gpxtpx:TrackPointExtension>
            <gpxtpx:hr>151</gpxtpx:hr>
            <gpxtpx:cad>87</gpxtpx:cad>
            <gpxtpx:atemp>16.9</gpxtpx:atemp>
          </gpxtpx:TrackPointExtension>
        </extensions>
      </trkpt>
      <trkpt lat="51.0523304" lon="-114.0642150">
        <ele>1040.8</ele>
        <time>2026-08-19T12:07:47Z</time>
        <extensions>
          <gpxtpx:TrackPointExtension>
            <gpxtpx:hr>151</gpxtpx:hr>
            <gpxtpx:cad>87</gpxtpx:cad>
            <gpxtpx:atemp>17.0</gpxtpx:atemp>
          </gpxtpx:TrackPointExtension>
        </extensions>
      </trkpt>
      <trkpt lat="51.0523349" lon="-114.0641993">
        <ele>1041.8</ele>
        <time>2026-08-19T12:07:48Z</time>
        <extensions>
          <gpxtpx:TrackPointExtension>
            <gpxtpx:hr>151</gpxtpx:hr>
            <gpxtpx:cad>87</gpxtpx:cad>
            <gpxtpx:atemp>17.1</gpxtpx:atemp>
          </gpxtpx:TrackPointExtension>
        </extensions>
      </trkpt>
      <trkpt lat="51.0523443" lon="-114.0641606">
        <ele>1041.6</ele>
        <time>2026-08-19T12:07:49Z</time>
        <extensions>
          <gpxtpx:TrackPointExtension>
            <gpxtpx:hr>151</gpxtpx:hr>
            <gpxtpx:cad>87</gpxtpx:cad>
            <gpxtpx:atemp>17.1</gpxtpx:atemp>
          </gpxtpx:TrackPointExtension>
        </extensions>
      </trkpt>
      <trkpt lat="51.0523482" lon="-114.0640993">
        <ele>1041.4</ele>
        <time>2026-08-19T12:07:50Z</time>
        <extensions>
          <gpxtpx:TrackPointExtension>
            <gpxtpx:hr>151</gpxtpx:hr>
            <gpxtpx:cad>87</gpxtpx:cad>
            <gpxtpx:atemp>16.9</gpxtpx:atemp>
          </gpxtpx:TrackPointExtension>
        </extensions>
      </trkpt>
      <trkpt lat="51.0523821" lon="-114.0641061">
        <ele>1042.0</ele>
        <time>2026-08-19T12:07:51Z</time>
        <extensions>
          <gpxtpx:TrackPointExtension>
            <gpxtpx:hr>151</gpxtpx:hr>
            <gpxtpx:cad>86</gpxtpx:cad>
            <gpxtpx:atemp>16.4</gpxtpx:atemp>
          </gpxtpx:TrackPointExtension>
        </extensions>
      </trkpt>
      <trkpt lat="51.0523963" lon="-114.0640847">
        <ele>1042.5</ele>
        <time>2026-08-19T12:07:52Z</time>
        <extensions>
          <gpxtpx:TrackPointExtension>
            <gpxtpx:hr>152</gpxtpx:hr>
            <gpxtpx:cad>85</gpxtpx:cad>
            <gpxtpx:atemp>17.3</gpxtpx:atemp>
          </gpxtpx:TrackPointExtension>
        </extensions>
      </trkpt>
      <trkpt lat="51.0523935" lon="-114.0640394">
        <ele>1042.2</ele>
        <time>2026-08-19T12:07:53Z</time>
        <extensions>
          <gpxtpx:TrackPointExtension>
            <gpxtpx:hr>151</gpxtpx:hr>
            <gpxtpx:cad>86</gpxtpx:cad>
            <gpxtpx:atemp>17.2</gpxtpx:atemp>
          </gpxtpx:TrackPointExtension>
        </extensions>
      </trkpt>
      <trkpt lat="51.0523958" lon="-114.0640022">
        <ele>1040.9</ele>
        <time>2026-08-19T12:07:54Z</time>
        <extensions>
          <gpxtpx:TrackPointExtension>
            <gpxtpx:hr>151</gpxtpx:hr>
            <gpxtpx:cad>85</gpxtpx:cad>
            <gpxtpx:atemp>16.8</gpxtpx:atemp>
          </gpxtpx:TrackPointExtension>
        </extensions>
      </trkpt>
      <trkpt lat="51.0523910" lon="-114.0639616">
        <ele>1041.2</ele>
        <time>2026-08-19T12:07:55Z</time>
        <extensions>
          <gpxtpx:TrackPointExtension>
            <gpxtpx:hr>151</gpxtpx:hr>
            <gpxtpx:cad>85</gpxtpx:cad>
            <gpxtpx:atemp>16.8</gpxtpx:atemp>
          </gpxtpx:TrackPointExtension>
        </extensions>
      </trkpt>
      <trkpt lat="51.0523970" lon="-114.0639348">
        <ele>1041.4</ele>
        <time>2026-08-19T12:07:56Z</time>
        <extensions>
          <gpxtpx:TrackPointExtension>
            <gpxtpx:hr>151</gpxtpx:hr>
            <gpxtpx:cad>87</gpxtpx:cad>
            <gpxtpx:atemp>17.0</gpxtpx:atemp>
          </gpxtpx:TrackPointExtension>
        </extensions>
      </trkpt>
      <trkpt lat="51.0524110" lon="-114.0639150">
        <ele>1041.6</ele>
        <time>2026-08-19T12:07:57Z</time>
        <extensions>
          <gpxtpx:TrackPointExtension>
            <gpxtpx:hr>151</gpxtpx:hr>
            <gpxtpx:cad>85</gpxtpx:cad>
            <gpxtpx:atemp>17.3</gpxtpx:atemp>
          </gpxtpx:TrackPointExtension>
        </extensions>
      </trkpt>
      <trkpt lat="51.0524364" lon="-114.0638705">
        <ele>1042.0</ele>
        <time>2026-08-19T12:07:58Z</time>
        <extensions>
          <gpxtpx:TrackPointExtension>
            <gpxtpx:hr>152</gpxtpx:hr>
            <gpxtpx:cad>87</gpxtpx:cad>
            <gpxtpx:atemp>16.9</gpxtpx:atemp>
          </gpxtpx:TrackPointExtension>
        </extensions>
      </trkpt>
      <trkpt lat="51.0524497" lon="-114.0638041">
        <ele>1041.7</ele>
        <time>2026-08-19T12:07:59Z</time>
        <extensions>
          <gpxtpx:TrackPointExtension>
            <gpxtpx:hr>152</gpxtpx:hr>
            <gpxtpx:cad>85</gpxtpx:cad>
            <gpxtpx:atemp>17.2</gpxtpx:atemp>
          </gpxtpx:TrackPointExtension>
        </extensions>
      </trkpt>
      <trkpt lat="51.0524734" lon="-114.0637535">
        <ele>1041.4</ele>
        <time>2026-08-19T12:08:00Z</time>
        <extensions>
          <gpxtpx:TrackPointExtension>
            <gpxtpx:hr>152</gpxtpx:hr>
            <gpxtpx:cad>85</gpxtpx:cad>
            <gpxtpx:atemp>16.9</gpxtpx:atemp>
          </gpxtpx:TrackPointExtension>
        </extensions>
      </trkpt>
      <trkpt lat="51.0524967" lon="-114.0636935">
        <ele>1041.7</ele>
        <time>2026-08-19T12:08:01Z</time>
        <extensions>
          <gpxtpx:TrackPointExtension>
            <gpxtpx:hr>151</gpxtpx:hr>
            <gpxtpx:cad>86</gpxtpx:cad>
            <gpxtpx:atemp>16.7</gpxtpx:atemp>
          </gpxtpx:TrackPointExtension>
        </extensions>
      </trkpt>
      <trkpt lat="51.0525180" lon="-114.0636370">
        <ele>1041.5</ele>
        <time>2026-08-19T12:08:02Z</time>
        <extensions>
          <gpxtpx:TrackPointExtension>
            <gpxtpx:hr>153</gpxtpx:hr>
            <gpxtpx:cad>86</gpxtpx:cad>
            <gpxtpx:atemp>17.0</gpxtpx:atemp>
          </gpxtpx:TrackPointExtension>
        </extensions>
      </trkpt>
      <trkpt lat="51.0525364" lon="-114.0636092">
        <ele>1041.3</ele>
        <time>2026-08-19T12:08:03Z</time>
        <extensions>
          <gpxtpx:TrackPointExtension>
            <gpxtpx:hr>152</gpxtpx:hr>
            <gpxtpx:cad>85</gpxtpx:cad>
            <gpxtpx:atemp>16.4</gpxtpx:atemp>
          </gpxtpx:TrackPointExtension>
        </extensions>
      </trkpt>
      <trkpt lat="51.0525559" lon="-114.0635695">
        <ele>1041.2</ele>
        <time>2026-08-19T12:08:04Z</time>
        <extensions>
          <gpxtpx:TrackPointExtension>
            <gpxtpx:hr>152</gpxtpx:hr>
            <gpxtpx:cad>85</gpxtpx:cad>
            <gpxtpx:atemp>17.3</gpxtpx:atemp>
          </gpxtpx:TrackPointExtension>
        </extensions>
      </trkpt>
      <trkpt lat="51.0525596" lon="-114.0635306">
        <ele>1041.6</ele>
        <time>2026-08-19T12:08:05Z</time>
        <extensions>
          <gpxtpx:TrackPointExtension>
            <gpxtpx:hr>152</gpxtpx:hr>
            <gpxtpx:cad>85</gpxtpx:cad>
            <gpxtpx:atemp>17.2</gpxtpx:atemp>
          </gpxtpx:TrackPointExtension>
        </extensions>
      </trkpt>
      <trkpt lat="51.0525770" lon="-114.0634964">
        <ele>1042.3</ele>
        <time>2026-08-19T12:08:06Z</time>
        <extensions>
          <gpxtpx:TrackPointExtension>
            <gpxtpx:hr>152</gpxtpx:hr>
            <gpxtpx:cad>86</gpxtpx:cad>
            <gpxtpx:atemp>16.9</gpxtpx:atemp>
          </gpxtpx:TrackPointExtension>
        </extensions>
      </trkpt>
      <trkpt lat="51.0525992" lon="-114.0634445">
        <ele>1042.5</ele>
        <time>2026-08-19T12:08:07Z</time>
        <extensions>
          <gpxtpx:TrackPointExtension>
            <gpxtpx:hr>151</gpxtpx:hr>
            <gpxtpx:cad>86</gpxtpx:cad>
            <gpxtpx:atemp>16.8</gpxtpx:atemp>
          </gpxtpx:TrackPointExtension>
        </extensions>
      </trkpt>
      <trkpt lat="51.0526110" lon="-114.0634289">
        <ele>1042.8</ele>
        <time>2026-08-19T12:08:08Z</time>
        <extensions>
          <gpxtpx:TrackPointExtension>
            <gpxtpx:hr>151</gpxtpx:hr>
            <gpxtpx:cad>84</gpxtpx:cad>
            <gpxtpx:atemp>17.1</gpxtpx:atemp>
          </gpxtpx:TrackPointExtension>
        </extensions>
      </trkpt>
      <trkpt lat="51.0526263" lon="-114.0633781">
        <ele>1042.8</ele>
        <time>2026-08-19T12:08:09Z</time>
        <extensions>
          <gpxtpx:TrackPointExtension>
            <gpxtpx:hr>151</gpxtpx:hr>
            <gpxtpx:cad>86</gpxtpx:cad>
            <gpxtpx:atemp>16.8</gpxtpx:atemp>
          </gpxtpx:TrackPointExtension>
        </extensions>
      </trkpt>
      <trkpt lat="51.0526408" lon="-114.0633383">
        <ele>1041.7</ele>
        <time>2026-08-19T12:08:10Z</time>
        <extensions>
          <gpxtpx:TrackPointExtension>
            <gpxtpx:hr>151</gpxtpx:hr>
            <gpxtpx:cad>86</gpxtpx:cad>
            <gpxtpx:atemp>16.9</gpxtpx:atemp>
          </gpxtpx:TrackPointExtension>
        </extensions>
      </trkpt>
      <trkpt lat="51.0526323" lon="-114.0632829">
        <ele>1042.1</ele>
        <time>2026-08-19T12:08:11Z</time>
        <extensions>
          <gpxtpx:TrackPointExtension>
            <gpxtpx:hr>151</gpxtpx:hr>
            <gpxtpx:cad>87</gpxtpx:cad>
            <gpxtpx:atemp>17.3</gpxtpx:atemp>
          </gpxtpx:TrackPointExtension>
        </extensions>
      </trkpt>
      <trkpt lat="51.0526329" lon="-114.0632358">
        <ele>1041.6</ele>
        <time>2026-08-19T12:08:12Z</time>
        <extensions>
          <gpxtpx:TrackPointExtension>
            <gpxtpx:hr>152</gpxtpx:hr>
            <gpxtpx:cad>87</gpxtpx:cad>
            <gpxtpx:atemp>17.3</gpxtpx:atemp>
          </gpxtpx:TrackPointExtension>
        </extensions>
      </trkpt>
      <trkpt lat="51.0526433" lon="-114.0631993">
        <ele>1042.3</ele>
        <time>2026-08-19T12:08:13Z</time>
        <extensions>
          <gpxtpx:TrackPointExtension>
            <gpxtpx:hr>152</gpxtpx:hr>
            <gpxtpx:cad>85</gpxtpx:cad>
            <gpxtpx:atemp>16.8</gpxtpx:atemp>
          </gpxtpx:TrackPointExtension>
        </extensions>
      </trkpt>
      <trkpt lat="51.0526509" lon="-114.0632011">
        <ele>1042.2</ele>
        <time>2026-08-19T12:08:14Z</time>
        <extensions>
          <gpxtpx:TrackPointExtension>
            <gpxtpx:hr>151</gpxtpx:hr>
            <gpxtpx:cad>85</gpxtpx:cad>
            <gpxtpx:atemp>17.5</gpxtpx:atemp>
          </gpxtpx:TrackPointExtension>
        </extensions>
      </trkpt>
      <trkpt lat="51.0526665" lon="-114.0631293">
        <ele>1042.5</ele>
        <time>2026-08-19T12:08:15Z</time>
        <extensions>
          <gpxtpx:TrackPointExtension>
            <gpxtpx:hr>150</gpxtpx:hr>
            <gpxtpx:cad>86</gpxtpx:cad>
            <gpxtpx:atemp>16.3</gpxtpx:atemp>
          </gpxtpx:TrackPointExtension>
        </extensions>
      </trkpt>
      <trkpt lat="51.0526813" lon="-114.0630897">
        <ele>1042.1</ele>
        <time>2026-08-19T12:08:16Z</time>
        <extensions>
          <gpxtpx:TrackPointExtension>
            <gpxtpx:hr>149</gpxtpx:hr>
            <gpxtpx:cad>85</gpxtpx:cad>
            <gpxtpx:atemp>17.0</gpxtpx:atemp>
          </gpxtpx:TrackPointExtension>
        </extensions>
      </trkpt>
      <trkpt lat="51.0526881" lon="-114.0630400">
        <ele>1042.1</ele>
        <time>2026-08-19T12:08:17Z</time>
        <extensions>
          <gpxtpx:TrackPointExtension>
            <gpxtpx:hr>149</gpxtpx:hr>
            <gpxtpx:cad>86</gpxtpx:cad>
            <gpxtpx:atemp>17.0</gpxtpx:atemp>
          </gpxtpx:TrackPointExtension>
        </extensions>
      </trkpt>
      <trkpt lat="51.0526856" lon="-114.0629627">
        <ele>1042.5</ele>
        <time>2026-08-19T12:08:18Z</time>
        <extensions>
          <gpxtpx:TrackPointExtension>
            <gpxtpx:hr>150</gpxtpx:hr>
            <gpxtpx:cad>87</gpxtpx:cad>
            <gpxtpx:atemp>17.6</gpxtpx:atemp>
          </gpxtpx:TrackPointExtension>
        </extensions>
      </trkpt>
      <trkpt lat="51.0526821" lon="-114.0629215">
        <ele>1042.2</ele>
        <time>2026-08-19T12:08:19Z</time>
        <extensions>
          <gpxtpx:TrackPointExtension>
            <gpxtpx:hr>150</gpxtpx:hr>
            <gpxtpx:cad>86</gpxtpx:cad>
            <gpxtpx:atemp>17.0</gpxtpx:atemp>
          </gpxtpx:TrackPointExtension>
        </extensions>
      </trkpt>
      <trkpt lat="51.0527082" lon="-114.0628921">
        <ele>1042.4</ele>
        <time>2026-08-19T12:08:20Z</time>
        <extensions>
          <gpxtpx:TrackPointExtension>
            <gpxtpx:hr>151</gpxtpx:hr>
            <gpxtpx:cad>84</gpxtpx:cad>
            <gpxtpx:atemp>17.1</gpxtpx:atemp>
          </gpxtpx:TrackPointExtension>
        </extensions>
      </trkpt>
      <trkpt lat="51.0527220" lon="-114.0628509">
        <ele>1042.0</ele>
        <time>2026-08-19T12:08:21Z</time>
        <extensions>
          <gpxtpx:TrackPointExtension>
            <gpxtpx:hr>151</gpxtpx:hr>
            <gpxtpx:cad>84</gpxtpx:cad>
            <gpxtpx:atemp>16.7</gpxtpx:atemp>
          </gpxtpx:TrackPointExtension>
        </extensions>
      </trkpt>
      <trkpt lat="51.0527275" lon="-114.0628012">
        <ele>1040.8</ele>
        <time>2026-08-19T12:08:22Z</time>
        <extensions>
          <gpxtpx:TrackPointExtension>
            <gpxtpx:hr>151</gpxtpx:hr>
            <gpxtpx:cad>88</gpxtpx:cad>
            <gpxtpx:atemp>17.3</gpxtpx:atemp>
          </gpxtpx:TrackPointExtension>
        </extensions>
      </trkpt>
      <trkpt lat="51.0527542" lon="-114.0627623">
        <ele>1041.9</ele>
        <time>2026-08-19T12:08:23Z</time>
        <extensions>
          <gpxtpx:TrackPointExtension>
            <gpxtpx:hr>152</gpxtpx:hr>
            <gpxtpx:cad>84</gpxtpx:cad>
            <gpxtpx:atemp>17.1</gpxtpx:atemp>
          </gpxtpx:TrackPointExtension>
        </extensions>
      </trkpt>
      <trkpt lat="51.0527627" lon="-114.0627297">
        <ele>1041.8</ele>
        <time>2026-08-19T12:08:24Z</time>
        <extensions>
          <gpxtpx:TrackPointExtension>
            <gpxtpx:hr>152</gpxtpx:hr>
            <gpxtpx:cad>86</gpxtpx:cad>
            <gpxtpx:atemp>16.7</gpxtpx:atemp>
          </gpxtpx:TrackPointExtension>
        </extensions>
      </trkpt>
      <trkpt lat="51.0527727" lon="-114.0626813">
        <ele>1041.1</ele>
        <time>2026-08-19T12:08:25Z</time>
        <extensions>
          <gpxtpx:TrackPointExtension>
            <gpxtpx:hr>152</gpxtpx:hr>
            <gpxtpx:cad>86</gpxtpx:cad>
            <gpxtpx:atemp>17.1</gpxtpx:atemp>
          </gpxtpx:TrackPointExtension>
        </extensions>
      </trkpt>
      <trkpt lat="51.0527844" lon="-114.0626189">
        <ele>1040.6</ele>
        <time>2026-08-19T12:08:26Z</time>
        <extensions>
          <gpxtpx:TrackPointExtension>
            <gpxtpx:hr>152</gpxtpx:hr>
            <gpxtpx:cad>86</gpxtpx:cad>
            <gpxtpx:atemp>16.6</gpxtpx:atemp>
          </gpxtpx:TrackPointExtension>
        </extensions>
      </trkpt>
      <trkpt lat="51.0527857" lon="-114.0625639">
        <ele>1040.8</ele>
        <time>2026-08-19T12:08:27Z</time>
        <extensions>
          <gpxtpx:TrackPointExtension>
            <gpxtpx:hr>152</gpxtpx:hr>
            <gpxtpx:cad>87</gpxtpx:cad>
            <gpxtpx:atemp>17.3</gpxtpx:atemp>
          </gpxtpx:TrackPointExtension>
        </extensions>
      </trkpt>
      <trkpt lat="51.0527912" lon="-114.0625169">
        <ele>1041.3</ele>
        <time>2026-08-19T12:08:28Z</time>
        <extensions>
          <gpxtpx:TrackPointExtension>
            <gpxtpx:hr>152</gpxtpx:hr>
            <gpxtpx:cad>86</gpxtpx:cad>
            <gpxtpx:atemp>17.1</gpxtpx:atemp>
          </gpxtpx:TrackPointExtension>
        </extensions>
      </trkpt>
      <trkpt lat="51.0528143" lon="-114.0624716">
        <ele>1041.1</ele>
        <time>2026-08-19T12:08:29Z</time>
        <extensions>
          <gpxtpx:TrackPointExtension>
            <gpxtpx:hr>153</gpxtpx:hr>
            <gpxtpx:cad>85</gpxtpx:cad>
            <gpxtpx:atemp>17.2</gpxtpx:atemp>
          </gpxtpx:TrackPointExtension>
        </extensions>
      </trkpt>
      <trkpt lat="51.0528298" lon="-114.0624112">
        <ele>1041.6</ele>
        <time>2026-08-19T12:08:30Z</time>
        <extensions>
          <gpxtpx:TrackPointExtension>
            <gpxtpx:hr>151</gpxtpx:hr>
            <gpxtpx:cad>87</gpxtpx:cad>
            <gpxtpx:atemp>17.5</gpxtpx:atemp>
          </gpxtpx:TrackPointExtension>
        </extensions>
      </trkpt>
      <trkpt lat="51.0528431" lon="-114.0623832">
        <ele>1042.3</ele>
        <time>2026-08-19T12:08:31Z</time>
        <extensions>
          <gpxtpx:TrackPointExtension>
            <gpxtpx:hr>151</gpxtpx:hr>
            <gpxtpx:cad>84</gpxtpx:cad>
            <gpxtpx:atemp>17.0</gpxtpx:atemp>
          </gpxtpx:TrackPointExtension>
        </extensions>
      </trkpt>
      <trkpt lat="51.0528684" lon="-114.0623524">
        <ele>1042.0</ele>
        <time>2026-08-19T12:08:32Z</time>
        <extensions>
          <gpxtpx:TrackPointExtension>
            <gpxtpx:hr>150</gpxtpx:hr>
            <gpxtpx:cad>84</gpxtpx:cad>
            <gpxtpx:atemp>16.9</gpxtpx:atemp>
          </gpxtpx:TrackPointExtension>
        </extensions>
      </trkpt>
      <trkpt lat="51.0528664" lon="-114.0623175">
        <ele>1042.0</ele>
        <time>2026-08-19T12:08:33Z</time>
        <extensions>
          <gpxtpx:TrackPointExtension>
            <gpxtpx:hr>149</gpxtpx:hr>
            <gpxtpx:cad>86</gpxtpx:cad>
            <gpxtpx:atemp>17.2</gpxtpx:atemp>
          </gpxtpx:TrackPointExtension>
        </extensions>
      </trkpt>
      <trkpt lat="51.0528593" lon="-114.0622615">
        <ele>1041.7</ele>
        <time>2026-08-19T12:08:34Z</time>
        <extensions>
          <gpxtpx:TrackPointExtension>
            <gpxtpx:hr>149</gpxtpx:hr>
            <gpxtpx:cad>86</gpxtpx:cad>
            <gpxtpx:atemp>17.2</gpxtpx:atemp>
          </gpxtpx:TrackPointExtension>
        </extensions>
      </trkpt>
      <trkpt lat="51.0528866" lon="-114.0622186">
        <ele>1041.7</ele>
        <time>2026-08-19T12:08:35Z</time>
        <extensions>
          <gpxtpx:TrackPointExtension>
            <gpxtpx:hr>149</gpxtpx:hr>
            <gpxtpx:cad>86</gpxtpx:cad>
            <gpxtpx:atemp>17.1</gpxtpx:atemp>
          </gpxtpx:TrackPointExtension>
        </extensions>
      </trkpt>
      <trkpt lat="51.0529155" lon="-114.0621705">
        <ele>1041.2</ele>
        <time>2026-08-19T12:08:36Z</time>
        <extensions>
          <gpxtpx:TrackPointExtension>
            <gpxtpx:hr>149</gpxtpx:hr>
            <gpxtpx:cad>87</gpxtpx:cad>
            <gpxtpx:atemp>16.6</gpxtpx:atemp>
          </gpxtpx:TrackPointExtension>
        </extensions>
      </trkpt>
      <trkpt lat="51.0529451" lon="-114.0621261">
        <ele>1041.1</ele>
        <time>2026-08-19T12:08:37Z</time>
        <extensions>
          <gpxtpx:TrackPointExtension>
            <gpxtpx:hr>149</gpxtpx:hr>
            <gpxtpx:cad>85</gpxtpx:cad>
            <gpxtpx:atemp>17.0</gpxtpx:atemp>
          </gpxtpx:TrackPointExtension>
        </extensions>
      </trkpt>
      <trkpt lat="51.0529636" lon="-114.0620755">
        <ele>1041.7</ele>
        <time>2026-08-19T12:08:38Z</time>
        <extensions>
          <gpxtpx:TrackPointExtension>
            <gpxtpx:hr>149</gpxtpx:hr>
            <gpxtpx:cad>85</gpxtpx:cad>
            <gpxtpx:atemp>16.8</gpxtpx:atemp>
          </gpxtpx:TrackPointExtension>
        </extensions>
      </trkpt>
      <trkpt lat="51.0529498" lon="-114.0620646">
        <ele>1041.8</ele>
        <time>2026-08-19T12:08:39Z</time>
        <extensions>
          <gpxtpx:TrackPointExtension>
            <gpxtpx:hr>149</gpxtpx:hr>
            <gpxtpx:cad>84</gpxtpx:cad>
            <gpxtpx:atemp>16.8</gpxtpx:atemp>
          </gpxtpx:TrackPointExtension>
        </extensions>
      </trkpt>
      <trkpt lat="51.0529781" lon="-114.0620139">
        <ele>1042.8</ele>
        <time>2026-08-19T12:08:40Z</time>
        <extensions>
          <gpxtpx:TrackPointExtension>
            <gpxtpx:hr>149</gpxtpx:hr>
            <gpxtpx:cad>86</gpxtpx:cad>
            <gpxtpx:atemp>16.6</gpxtpx:atemp>
          </gpxtpx:TrackPointExtension>
        </extensions>
      </trkpt>
      <trkpt lat="51.0529906" lon="-114.0619619">
        <ele>1042.1</ele>
        <time>2026-08-19T12:08:41Z</time>
        <extensions>
          <gpxtpx:TrackPointExtension>
            <gpxtpx:hr>149</gpxtpx:hr>
            <gpxtpx:cad>86</gpxtpx:cad>
            <gpxtpx:atemp>16.7</gpxtpx:atemp>
          </gpxtpx:TrackPointExtension>
        </extensions>
      </trkpt>
      <trkpt lat="51.0529976" lon="-114.0619431">
        <ele>1042.2</ele>
        <time>2026-08-19T12:08:42Z</time>
        <extensions>
          <gpxtpx:TrackPointExtension>
            <gpxtpx:hr>149</gpxtpx:hr>
            <gpxtpx:cad>83</gpxtpx:cad>
            <gpxtpx:atemp>16.4</gpxtpx:atemp>
          </gpxtpx:TrackPointExtension>
        </extensions>
      </trkpt>
      <trkpt lat="51.0530249" lon="-114.0619082">
        <ele>1042.4</ele>
        <time>2026-08-19T12:08:43Z</time>
        <extensions>
          <gpxtpx:TrackPointExtension>
            <gpxtpx:hr>150</gpxtpx:hr>
            <gpxtpx:cad>88</gpxtpx:cad>
            <gpxtpx:atemp>16.6</gpxtpx:atemp>
          </gpxtpx:TrackPointExtension>
        </extensions>
      </trkpt>
      <trkpt lat="51.0530431" lon="-114.0618795">
        <ele>1041.8</ele>
        <time>2026-08-19T12:08:44Z</time>
        <extensions>
          <gpxtpx:TrackPointExtension>
            <gpxtpx:hr>150</gpxtpx:hr>
            <gpxtpx:cad>87</gpxtpx:cad>
            <gpxtpx:atemp>17.2</gpxtpx:atemp>
          </gpxtpx:TrackPointExtension>
        </extensions>
      </trkpt>
      <trkpt lat="51.0530769" lon="-114.0618185">
        <ele>1041.7</ele>
        <time>2026-08-19T12:08:45Z</time>
        <extensions>
          <gpxtpx:TrackPointExtension>
            <gpxtpx:hr>151</gpxtpx:hr>
            <gpxtpx:cad>85</gpxtpx:cad>
            <gpxtpx:atemp>16.9</gpxtpx:atemp>
          </gpxtpx:TrackPointExtension>
        </extensions>
      </trkpt>
      <trkpt lat="51.0530817" lon="-114.0617768">
        <ele>1041.3</ele>
        <time>2026-08-19T12:08:46Z</time>
        <extensions>
          <gpxtpx:TrackPointExtension>
            <gpxtpx:hr>151</gpxtpx:hr>
            <gpxtpx:cad>87</gpxtpx:cad>
            <gpxtpx:atemp>17.2</gpxtpx:atemp>
          </gpxtpx:TrackPointExtension>
        </extensions>
      </trkpt>
      <trkpt lat="51.0530822" lon="-114.0617376">
        <ele>1040.9</ele>
        <time>2026-08-19T12:08:47Z</time>
        <extensions>
          <gpxtpx:TrackPointExtension>
            <gpxtpx:hr>151</gpxtpx:hr>
            <gpxtpx:cad>87</gpxtpx:cad>
            <gpxtpx:atemp>17.1</gpxtpx:atemp>
          </gpxtpx:TrackPointExtension>
        </extensions>
      </trkpt>
      <trkpt lat="51.0530800" lon="-114.0617113">
        <ele>1040.6</ele>
        <time>2026-08-19T12:08:48Z</time>
        <extensions>
          <gpxtpx:TrackPointExtension>
            <gpxtpx:hr>151</gpxtpx:hr>
            <gpxtpx:cad>87</gpxtpx:cad>
            <gpxtpx:atemp>17.0</gpxtpx:atemp>
          </gpxtpx:TrackPointExtension>
        </extensions>
      </trkpt>
      <trkpt lat="51.0530687" lon="-114.0616984">
        <ele>1041.0</ele>
        <time>2026-08-19T12:08:49Z</time>
        <extensions>
          <gpxtpx:TrackPointExtension>
            <gpxtpx:hr>151</gpxtpx:hr>
            <gpxtpx:cad>85</gpxtpx:cad>
            <gpxtpx:atemp>17.1</gpxtpx:atemp>
          </gpxtpx:TrackPointExtension>
        </extensions>
      </trkpt>
      <trkpt lat="51.0530825" lon="-114.0616740">
        <ele>1040.4</ele>
        <time>2026-08-19T12:08:50Z</time>
        <extensions>
          <gpxtpx:TrackPointExtension>
            <gpxtpx:hr>151</gpxtpx:hr>
            <gpxtpx:cad>85</gpxtpx:cad>
            <gpxtpx:atemp>17.0</gpxtpx:atemp>
          </gpxtpx:TrackPointExtension>
        </extensions>
      </trkpt>
      <trkpt lat="51.0530993" lon="-114.0616418">
        <ele>1041.2</ele>
        <time>2026-08-19T12:08:51Z</time>
        <extensions>
          <gpxtpx:TrackPointExtension>
            <gpxtpx:hr>150</gpxtpx:hr>
            <gpxtpx:cad>85</gpxtpx:cad>
            <gpxtpx:atemp>16.7</gpxtpx:atemp>
          </gpxtpx:TrackPointExtension>
        </extensions>
      </trkpt>
      <trkpt lat="51.0531084" lon="-114.0615861">
        <ele>1041.3</ele>
        <time>2026-08-19T12:08:52Z</time>
        <extensions>
          <gpxtpx:TrackPointExtension>
            <gpxtpx:hr>151</gpxtpx:hr>
            <gpxtpx:cad>87</gpxtpx:cad>
            <gpxtpx:atemp>17.3</gpxtpx:atemp>
          </gpxtpx:TrackPointExtension>
        </extensions>
      </trkpt>
      <trkpt lat="51.0531319" lon="-114.0615527">
        <ele>1041.6</ele>
        <time>2026-08-19T12:08:53Z</time>
        <extensions>
          <gpxtpx:TrackPointExtension>
            <gpxtpx:hr>152</gpxtpx:hr>
            <gpxtpx:cad>86</gpxtpx:cad>
            <gpxtpx:atemp>17.1</gpxtpx:atemp>
          </gpxtpx:TrackPointExtension>
        </extensions>
      </trkpt>
      <trkpt lat="51.0531513" lon="-114.0614423">
        <ele>1041.4</ele>
        <time>2026-08-19T12:08:54Z</time>
        <extensions>
          <gpxtpx:TrackPointExtension>
            <gpxtpx:hr>152</gpxtpx:hr>
            <gpxtpx:cad>85</gpxtpx:cad>
            <gpxtpx:atemp>16.4</gpxtpx:atemp>
          </gpxtpx:TrackPointExtension>
        </extensions>
      </trkpt>
      <trkpt lat="51.0531613" lon="-114.0613907">
        <ele>1042.7</ele>
        <time>2026-08-19T12:08:55Z</time>
        <extensions>
          <gpxtpx:TrackPointExtension>
            <gpxtpx:hr>152</gpxtpx:hr>
            <gpxtpx:cad>86</gpxtpx:cad>
            <gpxtpx:atemp>16.8</gpxtpx:atemp>
          </gpxtpx:TrackPointExtension>
        </extensions>
      </trkpt>
      <trkpt lat="51.0531922" lon="-114.0613489">
        <ele>1041.6</ele>
        <time>2026-08-19T12:08:56Z</time>
        <extensions>
          <gpxtpx:TrackPointExtension>
            <gpxtpx:hr>152</gpxtpx:hr>
            <gpxtpx:cad>88</gpxtpx:cad>
            <gpxtpx:atemp>16.5</gpxtpx:atemp>
          </gpxtpx:TrackPointExtension>
        </extensions>
      </trkpt>
      <trkpt lat="51.0531950" lon="-114.0613339">
        <ele>1041.2</ele>
        <time>2026-08-19T12:08:57Z</time>
        <extensions>
          <gpxtpx:TrackPointExtension>
            <gpxtpx:hr>152</gpxtpx:hr>
            <gpxtpx:cad>88</gpxtpx:cad>
            <gpxtpx:atemp>17.4</gpxtpx:atemp>
          </gpxtpx:TrackPointExtension>
        </extensions>
      </trkpt>
      <trkpt lat="51.0532199" lon="-114.0612803">
        <ele>1041.7</ele>
        <time>2026-08-19T12:08:58Z</time>
        <extensions>
          <gpxtpx:TrackPointExtension>
            <gpxtpx:hr>152</gpxtpx:hr>
            <gpxtpx:cad>87</gpxtpx:cad>
            <gpxtpx:atemp>16.5</gpxtpx:atemp>
          </gpxtpx:TrackPointExtension>
        </extensions>
      </trkpt>
      <trkpt lat="51.0532325" lon="-114.0612237">
        <ele>1042.4</ele>
        <time>2026-08-19T12:08:59Z</time>
        <extensions>
          <gpxtpx:TrackPointExtension>
            <gpxtpx:hr>152</gpxtpx:hr>
            <gpxtpx:cad>85</gpxtpx:cad>
            <gpxtpx:atemp>17.3</gpxtpx:atemp>
          </gpxtpx:TrackPointExtension>
        </extensions>
      </trkpt>
      <trkpt lat="51.0532391" lon="-114.0611727">
        <ele>1042.7</ele>
        <time>2026-08-19T12:09:00Z</time>
        <extensions>
          <gpxtpx:TrackPointExtension>
            <gpxtpx:hr>153</gpxtpx:hr>
            <gpxtpx:cad>87</gpxtpx:cad>
            <gpxtpx:atemp>16.8</gpxtpx:atemp>
          </gpxtpx:TrackPointExtension>
        </extensions>
      </trkpt>
      <trkpt lat="51.0532419" lon="-114.0611093">
        <ele>1042.0</ele>
        <time>2026-08-19T12:09:01Z</time>
        <extensions>
          <gpxtpx:TrackPointExtension>
            <gpxtpx:hr>154</gpxtpx:hr>
            <gpxtpx:cad>87</gpxtpx:cad>
            <gpxtpx:atemp>17.0</gpxtpx:atemp>
          </gpxtpx:TrackPointExtension>
        </extensions>
      </trkpt>
      <trkpt lat="51.0532587" lon="-114.0610526">
        <ele>1042.1</ele>
        <time>2026-08-19T12:09:02Z</time>
        <extensions>
          <gpxtpx:TrackPointExtension>
            <gpxtpx:hr>155</gpxtpx:hr>
            <gpxtpx:cad>89</gpxtpx:cad>
            <gpxtpx:atemp>16.9</gpxtpx:atemp>
          </gpxtpx:TrackPointExtension>
        </extensions>
      </trkpt>
      <trkpt lat="51.0532600" lon="-114.0610201">
        <ele>1042.0</ele>
        <time>2026-08-19T12:09:03Z</time>
        <extensions>
          <gpxtpx:TrackPointExtension>
            <gpxtpx:hr>155</gpxtpx:hr>
            <gpxtpx:cad>88</gpxtpx:cad>
            <gpxtpx:atemp>17.2</gpxtpx:atemp>
          </gpxtpx:TrackPointExtension>
        </extensions>
      </trkpt>
      <trkpt lat="51.0532504" lon="-114.0609990">
        <ele>1041.6</ele>
        <time>2026-08-19T12:09:04Z</time>
        <extensions>
          <gpxtpx:TrackPointExtension>
            <gpxtpx:hr>153</gpxtpx:hr>
            <gpxtpx:cad>85</gpxtpx:cad>
            <gpxtpx:atemp>17.1</gpxtpx:atemp>
          </gpxtpx:TrackPointExtension>
        </extensions>
      </trkpt>
      <trkpt lat="51.0532889" lon="-114.0609659">
        <ele>1041.9</ele>
        <time>2026-08-19T12:09:05Z</time>
        <extensions>
          <gpxtpx:TrackPointExtension>
            <gpxtpx:hr>153</gpxtpx:hr>
            <gpxtpx:cad>87</gpxtpx:cad>
            <gpxtpx:atemp>17.0</gpxtpx:atemp>
          </gpxtpx:TrackPointExtension>
        </extensions>
      </trkpt>
      <trkpt lat="51.0533002" lon="-114.0609406">
        <ele>1041.2</ele>
        <time>2026-08-19T12:09:06Z</time>
        <extensions>
          <gpxtpx:TrackPointExtension>
            <gpxtpx:hr>155</gpxtpx:hr>
            <gpxtpx:cad>88</gpxtpx:cad>
            <gpxtpx:atemp>16.7</gpxtpx:atemp>
          </gpxtpx:TrackPointExtension>
        </extensions>
      </trkpt>
      <trkpt lat="51.0532918" lon="-114.0608748">
        <ele>1041.4</ele>
        <time>2026-08-19T12:09:07Z</time>
        <extensions>
          <gpxtpx:TrackPointExtension>
            <gpxtpx:hr>155</gpxtpx:hr>
            <gpxtpx:cad>86</gpxtpx:cad>
            <gpxtpx:atemp>16.9</gpxtpx:atemp>
          </gpxtpx:TrackPointExtension>
        </extensions>
      </trkpt>
      <trkpt lat="51.0532920" lon="-114.0608344">
        <ele>1041.4</ele>
        <time>2026-08-19T12:09:08Z</time>
        <extensions>
          <gpxtpx:TrackPointExtension>
            <gpxtpx:hr>155</gpxtpx:hr>
            <gpxtpx:cad>87</gpxtpx:cad>
            <gpxtpx:atemp>17.2</gpxtpx:atemp>
          </gpxtpx:TrackPointExtension>
        </extensions>
      </trkpt>
      <trkpt lat="51.0532995" lon="-114.0607680">
        <ele>1041.7</ele>
        <time>2026-08-19T12:09:09Z</time>
        <extensions>
          <gpxtpx:TrackPointExtension>
            <gpxtpx:hr>154</gpxtpx:hr>
            <gpxtpx:cad>89</gpxtpx:cad>
            <gpxtpx:atemp>17.2</gpxtpx:atemp>
          </gpxtpx:TrackPointExtension>
        </extensions>
      </trkpt>
      <trkpt lat="51.0533226" lon="-114.0607020">
        <ele>1040.7</ele>
        <time>2026-08-19T12:09:10Z</time>
        <extensions>
          <gpxtpx:TrackPointExtension>
            <gpxtpx:hr>156</gpxtpx:hr>
            <gpxtpx:cad>86</gpxtpx:cad>
            <gpxtpx:atemp>16.9</gpxtpx:atemp>
          </gpxtpx:TrackPointExtension>
        </extensions>
      </trkpt>
      <trkpt lat="51.0533298" lon="-114.0606504">
        <ele>1040.7</ele>
        <time>2026-08-19T12:09:11Z</time>
        <extensions>
          <gpxtpx:TrackPointExtension>
            <gpxtpx:hr>155</gpxtpx:hr>
            <gpxtpx:cad>87</gpxtpx:cad>
            <gpxtpx:atemp>17.2</gpxtpx:atemp>
          </gpxtpx:TrackPointExtension>
        </extensions>
      </trkpt>
      <trkpt lat="51.0533284" lon="-114.0606010">
        <ele>1041.2</ele>
        <time>2026-08-19T12:09:12Z</time>
        <extensions>
          <gpxtpx:TrackPointExtension>
            <gpxtpx:hr>156</gpxtpx:hr>
            <gpxtpx:cad>87</gpxtpx:cad>
            <gpxtpx:atemp>17.5</gpxtpx:atemp>
          </gpxtpx:TrackPointExtension>
        </extensions>
      </trkpt>
      <trkpt lat="51.0533281" lon="-114.0605968">
        <ele>1041.4</ele>
        <time>2026-08-19T12:09:13Z</time>
        <extensions>
          <gpxtpx:TrackPointExtension>
            <gpxtpx:hr>156</gpxtpx:hr>
            <gpxtpx:cad>86</gpxtpx:cad>
            <gpxtpx:atemp>17.5</gpxtpx:atemp>
          </gpxtpx:TrackPointExtension>
        </extensions>
      </trkpt>
      <trkpt lat="51.0533530" lon="-114.0605151">
        <ele>1040.5</ele>
        <time>2026-08-19T12:09:14Z</time>
        <extensions>
          <gpxtpx:TrackPointExtension>
            <gpxtpx:hr>155</gpxtpx:hr>
            <gpxtpx:cad>87</gpxtpx:cad>
            <gpxtpx:atemp>17.5</gpxtpx:atemp>
          </gpxtpx:TrackPointExtension>
        </extensions>
      </trkpt>
      <trkpt lat="51.0533735" lon="-114.0604430">
        <ele>1040.4</ele>
        <time>2026-08-19T12:09:15Z</time>
        <extensions>
          <gpxtpx:TrackPointExtension>
            <gpxtpx:hr>155</gpxtpx:hr>
            <gpxtpx:cad>86</gpxtpx:cad>
            <gpxtpx:atemp>17.2</gpxtpx:atemp>
          </gpxtpx:TrackPointExtension>
        </extensions>
      </trkpt>
      <trkpt lat="51.0533815" lon="-114.0604218">
        <ele>1040.0</ele>
        <time>2026-08-19T12:09:16Z</time>
        <extensions>
          <gpxtpx:TrackPointExtension>
            <gpxtpx:hr>155</gpxtpx:hr>
            <gpxtpx:cad>87</gpxtpx:cad>
            <gpxtpx:atemp>17.7</gpxtpx:atemp>
          </gpxtpx:TrackPointExtension>
        </extensions>
      </trkpt>
      <trkpt lat="51.0534083" lon="-114.0603917">
        <ele>1040.6</ele>
        <time>2026-08-19T12:09:17Z</time>
        <extensions>
          <gpxtpx:TrackPointExtension>
            <gpxtpx:hr>154</gpxtpx:hr>
            <gpxtpx:cad>87</gpxtpx:cad>
            <gpxtpx:atemp>17.2</gpxtpx:atemp>
          </gpxtpx:TrackPointExtension>
        </extensions>
      </trkpt>
      <trkpt lat="51.0534183" lon="-114.0603114">
        <ele>1040.6</ele>
        <time>2026-08-19T12:09:18Z</time>
        <extensions>
          <gpxtpx:TrackPointExtension>
            <gpxtpx:hr>154</gpxtpx:hr>
            <gpxtpx:cad>90</gpxtpx:cad>
            <gpxtpx:atemp>16.5</gpxtpx:atemp>
          </gpxtpx:TrackPointExtension>
        </extensions>
      </trkpt>
      <trkpt lat="51.0534509" lon="-114.0602768">
        <ele>1041.0</ele>
        <time>2026-08-19T12:09:19Z</time>
        <extensions>
          <gpxtpx:TrackPointExtension>
            <gpxtpx:hr>155</gpxtpx:hr>
            <gpxtpx:cad>87</gpxtpx:cad>
            <gpxtpx:atemp>16.5</gpxtpx:atemp>
          </gpxtpx:TrackPointExtension>
        </extensions>
      </trkpt>
      <trkpt lat="51.0534690" lon="-114.0602286">
        <ele>1040.4</ele>
        <time>2026-08-19T12:09:20Z</time>
        <extensions>
          <gpxtpx:TrackPointExtension>
            <gpxtpx:hr>155</gpxtpx:hr>
            <gpxtpx:cad>86</gpxtpx:cad>
            <gpxtpx:atemp>17.1</gpxtpx:atemp>
          </gpxtpx:TrackPointExtension>
        </extensions>
      </trkpt>
      <trkpt lat="51.0534723" lon="-114.0601781">
        <ele>1040.2</ele>
        <time>2026-08-19T12:09:21Z</time>
        <extensions>
          <gpxtpx:TrackPointExtension>
            <gpxtpx:hr>155</gpxtpx:hr>
            <gpxtpx:cad>88</gpxtpx:cad>
            <gpxtpx:atemp>17.4</gpxtpx:atemp>
          </gpxtpx:TrackPointExtension>
        </extensions>
      </trkpt>
      <trkpt lat="51.0534776" lon="-114.0601317">
        <ele>1041.4</ele>
        <time>2026-08-19T12:09:22Z</time>
        <extensions>
          <gpxtpx:TrackPointExtension>
            <gpxtpx:hr>156</gpxtpx:hr>
            <gpxtpx:cad>86</gpxtpx:cad>
            <gpxtpx:atemp>17.2</gpxtpx:atemp>
          </gpxtpx:TrackPointExtension>
        </extensions>
      </trkpt>
      <trkpt lat="51.0534704" lon="-114.0600987">
        <ele>1041.9</ele>
        <time>2026-08-19T12:09:23Z</time>
        <extensions>
          <gpxtpx:TrackPointExtension>
            <gpxtpx:hr>156</gpxtpx:hr>
            <gpxtpx:cad>88</gpxtpx:cad>
            <gpxtpx:atemp>16.9</gpxtpx:atemp>
          </gpxtpx:TrackPointExtension>
        </extensions>
      </trkpt>
      <trkpt lat="51.0535000" lon="-114.0600621">
        <ele>1041.9</ele>
        <time>2026-08-19T12:09:24Z</time>
        <extensions>
          <gpxtpx:TrackPointExtension>
            <gpxtpx:hr>156</gpxtpx:hr>
            <gpxtpx:cad>89</gpxtpx:cad>
            <gpxtpx:atemp>17.1</gpxtpx:atemp>
          </gpxtpx:TrackPointExtension>
        </extensions>
      </trkpt>
      <trkpt lat="51.0535071" lon="-114.0599911">
        <ele>1041.0</ele>
        <time>2026-08-19T12:09:25Z</time>
        <extensions>
          <gpxtpx:TrackPointExtension>
            <gpxtpx:hr>157</gpxtpx:hr>
            <gpxtpx:cad>89</gpxtpx:cad>
            <gpxtpx:atemp>17.2</gpxtpx:atemp>
          </gpxtpx:TrackPointExtension>
        </extensions>
      </trkpt>
      <trkpt lat="51.0535046" lon="-114.0599515">
        <ele>1040.7</ele>
        <time>2026-08-19T12:09:26Z</time>
        <extensions>
          <gpxtpx:TrackPointExtension>
            <gpxtpx:hr>156</gpxtpx:hr>
            <gpxtpx:cad>86</gpxtpx:cad>
            <gpxtpx:atemp>17.0</gpxtpx:atemp>
          </gpxtpx:TrackPointExtension>
        </extensions>
      </trkpt>
      <trkpt lat="51.0535432" lon="-114.0599139">
        <ele>1040.4</ele>
        <time>2026-08-19T12:09:27Z</time>
        <extensions>
          <gpxtpx:TrackPointExtension>
            <gpxtpx:hr>157</gpxtpx:hr>
            <gpxtpx:cad>89</gpxtpx:cad>
            <gpxtpx:atemp>17.1</gpxtpx:atemp>
          </gpxtpx:TrackPointExtension>
        </extensions>
      </trkpt>
      <trkpt lat="51.0535515" lon="-114.0598430">
        <ele>1040.9</ele>
        <time>2026-08-19T12:09:28Z</time>
        <extensions>
          <gpxtpx:TrackPointExtension>
            <gpxtpx:hr>156</gpxtpx:hr>
            <gpxtpx:cad>88</gpxtpx:cad>
            <gpxtpx:atemp>17.0</gpxtpx:atemp>
          </gpxtpx:TrackPointExtension>
        </extensions>
      </trkpt>
      <trkpt lat="51.0535743" lon="-114.0598059">
        <ele>1041.2</ele>
        <time>2026-08-19T12:09:29Z</time>
        <extensions>
          <gpxtpx:TrackPointExtension>
            <gpxtpx:hr>156</gpxtpx:hr>
            <gpxtpx:cad>86</gpxtpx:cad>
            <gpxtpx:atemp>17.3</gpxtpx:atemp>
          </gpxtpx:TrackPointExtension>
        </extensions>
      </trkpt>
      <trkpt lat="51.0535782" lon="-114.0597825">
        <ele>1041.1</ele>
        <time>2026-08-19T12:09:30Z</time>
        <extensions>
          <gpxtpx:TrackPointExtension>
            <gpxtpx:hr>156</gpxtpx:hr>
            <gpxtpx:cad>87</gpxtpx:cad>
            <gpxtpx:atemp>16.8</gpxtpx:atemp>
          </gpxtpx:TrackPointExtension>
        </extensions>
      </trkpt>
      <trkpt lat="51.0536162" lon="-114.0597403">
        <ele>1041.0</ele>
        <time>2026-08-19T12:09:31Z</time>
        <extensions>
          <gpxtpx:TrackPointExtension>
            <gpxtpx:hr>157</gpxtpx:hr>
            <gpxtpx:cad>87</gpxtpx:cad>
            <gpxtpx:atemp>17.0</gpxtpx:atemp>
          </gpxtpx:TrackPointExtension>
        </extensions>
      </trkpt>
      <trkpt lat="51.0536316" lon="-114.0596637">
        <ele>1040.6</ele>
        <time>2026-08-19T12:09:32Z</time>
        <extensions>
          <gpxtpx:TrackPointExtension>
            <gpxtpx:hr>157</gpxtpx:hr>
            <gpxtpx:cad>85</gpxtpx:cad>
            <gpxtpx:atemp>16.7</gpxtpx:atemp>
          </gpxtpx:TrackPointExtension>
        </extensions>
      </trkpt>
      <trkpt lat="51.0536432" lon="-114.0596006">
        <ele>1041.0</ele>
        <time>2026-08-19T12:09:33Z</time>
        <extensions>
          <gpxtpx:TrackPointExtension>
            <gpxtpx:hr>157</gpxtpx:hr>
            <gpxtpx:cad>85</gpxtpx:cad>
            <gpxtpx:atemp>16.8</gpxtpx:atemp>
          </gpxtpx:TrackPointExtension>
        </extensions>
      </trkpt>
      <trkpt lat="51.0536526" lon="-114.0595285">
        <ele>1041.8</ele>
        <time>2026-08-19T12:09:34Z</time>
        <extensions>
          <gpxtpx:TrackPointExtension>
            <gpxtpx:hr>157</gpxtpx:hr>
            <gpxtpx:cad>87</gpxtpx:cad>
            <gpxtpx:atemp>17.5</gpxtpx:atemp>
          </gpxtpx:TrackPointExtension>
        </extensions>
      </trkpt>
      <trkpt lat="51.0536662" lon="-114.0594841">
        <ele>1041.9</ele>
        <time>2026-08-19T12:09:35Z</time>
        <extensions>
          <gpxtpx:TrackPointExtension>
            <gpxtpx:hr>156</gpxtpx:hr>
            <gpxtpx:cad>86</gpxtpx:cad>
            <gpxtpx:atemp>16.9</gpxtpx:atemp>
          </gpxtpx:TrackPointExtension>
        </extensions>
      </trkpt>
      <trkpt lat="51.0536671" lon="-114.0594194">
        <ele>1041.8</ele>
        <time>2026-08-19T12:09:36Z</time>
        <extensions>
          <gpxtpx:TrackPointExtension>
            <gpxtpx:hr>156</gpxtpx:hr>
            <gpxtpx:cad>87</gpxtpx:cad>
            <gpxtpx:atemp>16.9</gpxtpx:atemp>
          </gpxtpx:TrackPointExtension>
        </extensions>
      </trkpt>
      <trkpt lat="51.0537124" lon="-114.0593880">
        <ele>1042.2</ele>
        <time>2026-08-19T12:09:37Z</time>
        <extensions>
          <gpxtpx:TrackPointExtension>
            <gpxtpx:hr>157</gpxtpx:hr>
            <gpxtpx:cad>88</gpxtpx:cad>
            <gpxtpx:atemp>17.4</gpxtpx:atemp>
          </gpxtpx:TrackPointExtension>
        </extensions>
      </trkpt>
      <trkpt lat="51.0537106" lon="-114.0593534">
        <ele>1041.2</ele>
        <time>2026-08-19T12:09:38Z</time>
        <extensions>
          <gpxtpx:TrackPointExtension>
            <gpxtpx:hr>157</gpxtpx:hr>
            <gpxtpx:cad>87</gpxtpx:cad>
            <gpxtpx:atemp>17.1</gpxtpx:atemp>
          </gpxtpx:TrackPointExtension>
        </extensions>
      </trkpt>
      <trkpt lat="51.0537325" lon="-114.0593192">
        <ele>1041.2</ele>
        <time>2026-08-19T12:09:39Z</time>
        <extensions>
          <gpxtpx:TrackPointExtension>
            <gpxtpx:hr>156</gpxtpx:hr>
            <gpxtpx:cad>88</gpxtpx:cad>
            <gpxtpx:atemp>16.7</gpxtpx:atemp>
          </gpxtpx:TrackPointExtension>
        </extensions>
      </trkpt>
      <trkpt lat="51.0537548" lon="-114.0592734">
        <ele>1041.0</ele>
        <time>2026-08-19T12:09:40Z</time>
        <extensions>
          <gpxtpx:TrackPointExtension>
            <gpxtpx:hr>157</gpxtpx:hr>
            <gpxtpx:cad>87</gpxtpx:cad>
            <gpxtpx:atemp>17.0</gpxtpx:atemp>
          </gpxtpx:TrackPointExtension>
        </extensions>
      </trkpt>
      <trkpt lat="51.0537582" lon="-114.0592438">
        <ele>1041.1</ele>
        <time>2026-08-19T12:09:41Z</time>
        <extensions>
          <gpxtpx:TrackPointExtension>
            <gpxtpx:hr>157</gpxtpx:hr>
            <gpxtpx:cad>89</gpxtpx:cad>
            <gpxtpx:atemp>17.4</gpxtpx:atemp>
          </gpxtpx:TrackPointExtension>
        </extensions>
      </trkpt>
      <trkpt lat="51.0537915" lon="-114.0592008">
        <ele>1040.8</ele>
        <time>2026-08-19T12:09:42Z</time>
        <extensions>
          <gpxtpx:TrackPointExtension>
            <gpxtpx:hr>156</gpxtpx:hr>
            <gpxtpx:cad>86</gpxtpx:cad>
            <gpxtpx:atemp>16.7</gpxtpx:atemp>
          </gpxtpx:TrackPointExtension>
        </extensions>
      </trkpt>
      <trkpt lat="51.0537953" lon="-114.0591425">
        <ele>1040.7</ele>
        <time>2026-08-19T12:09:43Z</time>
        <extensions>
          <gpxtpx:TrackPointExtension>
            <gpxtpx:hr>157</gpxtpx:hr>
            <gpxtpx:cad>85</gpxtpx:cad>
            <gpxtpx:atemp>16.9</gpxtpx:atemp>
          </gpxtpx:TrackPointExtension>
        </extensions>
      </trkpt>
      <trkpt lat="51.0538057" lon="-114.0590970">
        <ele>1041.4</ele>
        <time>2026-08-19T12:09:44Z</time>
        <extensions>
          <gpxtpx:TrackPointExtension>
            <gpxtpx:hr>158</gpxtpx:hr>
            <gpxtpx:cad>87</gpxtpx:cad>
            <gpxtpx:atemp>16.8</gpxtpx:atemp>
          </gpxtpx:TrackPointExtension>
        </extensions>
      </trkpt>
      <trkpt lat="51.0538095" lon="-114.0590657">
        <ele>1040.6</ele>
        <time>2026-08-19T12:09:45Z</time>
        <extensions>
          <gpxtpx:TrackPointExtension>
            <gpxtpx:hr>158</gpxtpx:hr>
            <gpxtpx:cad>87</gpxtpx:cad>
            <gpxtpx:atemp>17.1</gpxtpx:atemp>
          </gpxtpx:TrackPointExtension>
        </extensions>
      </trkpt>
      <trkpt lat="51.0538382" lon="-114.0590163">
        <ele>1040.9</ele>
        <time>2026-08-19T12:09:46Z</time>
        <extensions>
          <gpxtpx:TrackPointExtension>
            <gpxtpx:hr>158</gpxtpx:hr>
            <gpxtpx:cad>87</gpxtpx:cad>
            <gpxtpx:atemp>16.7</gpxtpx:atemp>
          </gpxtpx:TrackPointExtension>
        </extensions>
      </trkpt>
      <trkpt lat="51.0538581" lon="-114.0589557">
        <ele>1041.0</ele>
        <time>2026-08-19T12:09:47Z</time>
        <extensions>
          <gpxtpx:TrackPointExtension>
            <gpxtpx:hr>158</gpxtpx:hr>
            <gpxtpx:cad>86</gpxtpx:cad>
            <gpxtpx:atemp>16.8</gpxtpx:atemp>
          </gpxtpx:TrackPointExtension>
        </extensions>
      </trkpt>
      <trkpt lat="51.0538668" lon="-114.0589290">
        <ele>1041.0</ele>
        <time>2026-08-19T12:09:48Z</time>
        <extensions>
          <gpxtpx:TrackPointExtension>
            <gpxtpx:hr>158</gpxtpx:hr>
            <gpxtpx:cad>87</gpxtpx:cad>
            <gpxtpx:atemp>16.9</gpxtpx:atemp>
          </gpxtpx:TrackPointExtension>
        </extensions>
      </trkpt>
      <trkpt lat="51.0538779" lon="-114.0588630">
        <ele>1041.2</ele>
        <time>2026-08-19T12:09:49Z</time>
        <extensions>
          <gpxtpx:TrackPointExtension>
            <gpxtpx:hr>157</gpxtpx:hr>
            <gpxtpx:cad>86</gpxtpx:cad>
            <gpxtpx:atemp>16.7</gpxtpx:atemp>
          </gpxtpx:TrackPointExtension>
        </extensions>
      </trkpt>
      <trkpt lat="51.0538641" lon="-114.0588016">
        <ele>1041.3</ele>
        <time>2026-08-19T12:09:50Z</time>
        <extensions>
          <gpxtpx:TrackPointExtension>
            <gpxtpx:hr>157</gpxtpx:hr>
            <gpxtpx:cad>86</gpxtpx:cad>
            <gpxtpx:atemp>17.0</gpxtpx:atemp>
          </gpxtpx:TrackPointExtension>
        </extensions>
      </trkpt>
      <trkpt lat="51.0538529" lon="-114.0587572">
        <ele>1041.3</ele>
        <time>2026-08-19T12:09:51Z</time>
        <extensions>
          <gpxtpx:TrackPointExtension>
            <gpxtpx:hr>157</gpxtpx:hr>
            <gpxtpx:cad>88</gpxtpx:cad>
            <gpxtpx:atemp>17.3</gpxtpx:atemp>
          </gpxtpx:TrackPointExtension>
        </extensions>
      </trkpt>
      <trkpt lat="51.0538778" lon="-114.0587120">
        <ele>1040.8</ele>
        <time>2026-08-19T12:09:52Z</time>
        <extensions>
          <gpxtpx:TrackPointExtension>
            <gpxtpx:hr>157</gpxtpx:hr>
            <gpxtpx:cad>87</gpxtpx:cad>
            <gpxtpx:atemp>16.7</gpxtpx:atemp>
          </gpxtpx:TrackPointExtension>
        </extensions>
      </trkpt>
      <trkpt lat="51.0538746" lon="-114.0586633">
        <ele>1041.7</ele>
        <time>2026-08-19T12:09:53Z</time>
        <extensions>
          <gpxtpx:TrackPointExtension>
            <gpxtpx:hr>156</gpxtpx:hr>
            <gpxtpx:cad>89</gpxtpx:cad>
            <gpxtpx:atemp>17.4</gpxtpx:atemp>
          </gpxtpx:TrackPointExtension>
        </extensions>
      </trkpt>
      <trkpt lat="51.0538833" lon="-114.0586241">
        <ele>1041.1</ele>
        <time>2026-08-19T12:09:54Z</time>
        <extensions>
          <gpxtpx:TrackPointExtension>
            <gpxtpx:hr>156</gpxtpx:hr>
            <gpxtpx:cad>86</gpxtpx:cad>
            <gpxtpx:atemp>17.3</gpxtpx:atemp>
          </gpxtpx:TrackPointExtension>
        </extensions>
      </trkpt>
      <trkpt lat="51.0538835" lon="-114.0585622">
        <ele>1041.0</ele>
        <time>2026-08-19T12:09:55Z</time>
        <extensions>
          <gpxtpx:TrackPointExtension>
            <gpxtpx:hr>154</gpxtpx:hr>
            <gpxtpx:cad>85</gpxtpx:cad>
            <gpxtpx:atemp>16.7</gpxtpx:atemp>
          </gpxtpx:TrackPointExtension>
        </extensions>
      </trkpt>
      <trkpt lat="51.0539132" lon="-114.0584931">
        <ele>1041.5</ele>
        <time>2026-08-19T12:09:56Z</time>
        <extensions>
          <gpxtpx:TrackPointExtension>
            <gpxtpx:hr>155</gpxtpx:hr>
            <gpxtpx:cad>88</gpxtpx:cad>
            <gpxtpx:atemp>17.0</gpxtpx:atemp>
          </gpxtpx:TrackPointExtension>
        </extensions>
      </trkpt>
      <trkpt lat="51.0539296" lon="-114.0584519">
        <ele>1040.7</ele>
        <time>2026-08-19T12:09:57Z</time>
        <extensions>
          <gpxtpx:TrackPointExtension>
            <gpxtpx:hr>154</gpxtpx:hr>
            <gpxtpx:cad>87</gpxtpx:cad>
            <gpxtpx:atemp>17.1</gpxtpx:atemp>
          </gpxtpx:TrackPointExtension>
        </extensions>
      </trkpt>
      <trkpt lat="51.0539502" lon="-114.0584346">
        <ele>1040.4</ele>
        <time>2026-08-19T12:09:58Z</time>
        <extensions>
          <gpxtpx:TrackPointExtension>
            <gpxtpx:hr>155</gpxtpx:hr>
            <gpxtpx:cad>87</gpxtpx:cad>
            <gpxtpx:atemp>17.3</gpxtpx:atemp>
          </gpxtpx:TrackPointExtension>
        </extensions>
      </trkpt>
      <trkpt lat="51.0539588" lon="-114.0583884">
        <ele>1040.8</ele>
        <time>2026-08-19T12:09:59Z</time>
        <extensions>
          <gpxtpx:TrackPointExtension>
            <gpxtpx:hr>154</gpxtpx:hr>
            <gpxtpx:cad>86</gpxtpx:cad>
            <gpxtpx:atemp>16.6</gpxtpx:atemp>
          </gpxtpx:TrackPointExtension>
        </extensions>
      </trkpt>
      <trkpt lat="51.0539628" lon="-114.0583287">
        <ele>1041.3</ele>
        <time>2026-08-19T12:10:00Z</time>
        <extensions>
          <gpxtpx:TrackPointExtension>
            <gpxtpx:hr>154</gpxtpx:hr>
            <gpxtpx:cad>85</gpxtpx:cad>
            <gpxtpx:atemp>17.3</gpxtpx:atemp>
          </gpxtpx:TrackPointExtension>
        </extensions>
      </trkpt>
      <trkpt lat="51.0539831" lon="-114.0582890">
        <ele>1041.7</ele>
        <time>2026-08-19T12:10:01Z</time>
        <extensions>
          <gpxtpx:TrackPointExtension>
            <gpxtpx:hr>155</gpxtpx:hr>
            <gpxtpx:cad>85</gpxtpx:cad>
            <gpxtpx:atemp>17.1</gpxtpx:atemp>
          </gpxtpx:TrackPointExtension>
        </extensions>
      </trkpt>
      <trkpt lat="51.0539911" lon="-114.0582845">
        <ele>1041.0</ele>
        <time>2026-08-19T12:10:02Z</time>
        <extensions>
          <gpxtpx:TrackPointExtension>
            <gpxtpx:hr>155</gpxtpx:hr>
            <gpxtpx:cad>87</gpxtpx:cad>
            <gpxtpx:atemp>17.4</gpxtpx:atemp>
          </gpxtpx:TrackPointExtension>
        </extensions>
      </trkpt>
      <trkpt lat="51.0539909" lon="-114.0582405">
        <ele>1041.2</ele>
        <time>2026-08-19T12:10:03Z</time>
        <extensions>
          <gpxtpx:TrackPointExtension>
            <gpxtpx:hr>155</gpxtpx:hr>
            <gpxtpx:cad>86</gpxtpx:cad>
            <gpxtpx:atemp>16.8</gpxtpx:atemp>
          </gpxtpx:TrackPointExtension>
        </extensions>
      </trkpt>
      <trkpt lat="51.0539973" lon="-114.0581881">
        <ele>1040.4</ele>
        <time>2026-08-19T12:10:04Z</time>
        <extensions>
          <gpxtpx:TrackPointExtension>
            <gpxtpx:hr>155</gpxtpx:hr>
            <gpxtpx:cad>88</gpxtpx:cad>
            <gpxtpx:atemp>17.2</gpxtpx:atemp>
          </gpxtpx:TrackPointExtension>
        </extensions>
      </trkpt>
      <trkpt lat="51.0540169" lon="-114.0580959">
        <ele>1040.3</ele>
        <time>2026-08-19T12:10:05Z</time>
        <extensions>
          <gpxtpx:TrackPointExtension>
            <gpxtpx:hr>155</gpxtpx:hr>
            <gpxtpx:cad>88</gpxtpx:cad>
            <gpxtpx:atemp>17.0</gpxtpx:atemp>
          </gpxtpx:TrackPointExtension>
        </extensions>
      </trkpt>
      <trkpt lat="51.0540281" lon="-114.0580343">
        <ele>1041.1</ele>
        <time>2026-08-19T12:10:06Z</time>
        <extensions>
          <gpxtpx:TrackPointExtension>
            <gpxtpx:hr>155</gpxtpx:hr>
            <gpxtpx:cad>86</gpxtpx:cad>
            <gpxtpx:atemp>17.5</gpxtpx:atemp>
          </gpxtpx:TrackPointExtension>
        </extensions>
      </trkpt>
      <trkpt lat="51.0540331" lon="-114.0579882">
        <ele>1040.8</ele>
        <time>2026-08-19T12:10:07Z</time>
        <extensions>
          <gpxtpx:TrackPointExtension>
            <gpxtpx:hr>155</gpxtpx:hr>
            <gpxtpx:cad>87</gpxtpx:cad>
            <gpxtpx:atemp>16.7</gpxtpx:atemp>
          </gpxtpx:TrackPointExtension>
        </extensions>
      </trkpt>
      <trkpt lat="51.0540391" lon="-114.0579413">
        <ele>1040.5</ele>
        <time>2026-08-19T12:10:08Z</time>
        <extensions>
          <gpxtpx:TrackPointExtension>
            <gpxtpx:hr>154</gpxtpx:hr>
            <gpxtpx:cad>86</gpxtpx:cad>
            <gpxtpx:atemp>17.4</gpxtpx:atemp>
          </gpxtpx:TrackPointExtension>
        </extensions>
      </trkpt>
      <trkpt lat="51.0540417" lon="-114.0579058">
        <ele>1040.6</ele>
        <time>2026-08-19T12:10:09Z</time>
        <extensions>
          <gpxtpx:TrackPointExtension>
            <gpxtpx:hr>153</gpxtpx:hr>
            <gpxtpx:cad>84</gpxtpx:cad>
            <gpxtpx:atemp>17.4</gpxtpx:atemp>
          </gpxtpx:TrackPointExtension>
        </extensions>
      </trkpt>
      <trkpt lat="51.0540496" lon="-114.0578840">
        <ele>1041.1</ele>
        <time>2026-08-19T12:10:10Z</time>
        <extensions>
          <gpxtpx:TrackPointExtension>
            <gpxtpx:hr>154</gpxtpx:hr>
            <gpxtpx:cad>83</gpxtpx:cad>
            <gpxtpx:atemp>17.4</gpxtpx:atemp>
          </gpxtpx:TrackPointExtension>
        </extensions>
      </trkpt>
      <trkpt lat="51.0540779" lon="-114.0578386">
        <ele>1041.1</ele>
        <time>2026-08-19T12:10:11Z</time>
        <extensions>
          <gpxtpx:TrackPointExtension>
            <gpxtpx:hr>153</gpxtpx:hr>
            <gpxtpx:cad>85</gpxtpx:cad>
            <gpxtpx:atemp>17.0</gpxtpx:atemp>
          </gpxtpx:TrackPointExtension>
        </extensions>
      </trkpt>
      <trkpt lat="51.0540809" lon="-114.0577797">
        <ele>1042.3</ele>
        <time>2026-08-19T12:10:12Z</time>
        <extensions>
          <gpxtpx:TrackPointExtension>
            <gpxtpx:hr>153</gpxtpx:hr>
            <gpxtpx:cad>86</gpxtpx:cad>
            <gpxtpx:atemp>16.8</gpxtpx:atemp>
          </gpxtpx:TrackPointExtension>
        </extensions>
      </trkpt>
      <trkpt lat="51.0540923" lon="-114.0577407">
        <ele>1041.9</ele>
        <time>2026-08-19T12:10:13Z</time>
        <extensions>
          <gpxtpx:TrackPointExtension>
            <gpxtpx:hr>154</gpxtpx:hr>
            <gpxtpx:cad>85</gpxtpx:cad>
            <gpxtpx:atemp>17.2</gpxtpx:atemp>
          </gpxtpx:TrackPointExtension>
        </extensions>
      </trkpt>
      <trkpt lat="51.0541047" lon="-114.0576939">
        <ele>1042.3</ele>
        <time>2026-08-19T12:10:14Z</time>
        <extensions>
          <gpxtpx:TrackPointExtension>
            <gpxtpx:hr>153</gpxtpx:hr>
            <gpxtpx:cad>85</gpxtpx:cad>
            <gpxtpx:atemp>17.3</gpxtpx:atemp>
          </gpxtpx:TrackPointExtension>
        </extensions>
      </trkpt>
      <trkpt lat="51.0541190" lon="-114.0576458">
        <ele>1042.1</ele>
        <time>2026-08-19T12:10:15Z</time>
        <extensions>
          <gpxtpx:TrackPointExtension>
            <gpxtpx:hr>154</gpxtpx:hr>
            <gpxtpx:cad>85</gpxtpx:cad>
            <gpxtpx:atemp>16.7</gpxtpx:atemp>
          </gpxtpx:TrackPointExtension>
        </extensions>
      </trkpt>
      <trkpt lat="51.0541151" lon="-114.0575910">
        <ele>1041.9</ele>
        <time>2026-08-19T12:10:16Z</time>
        <extensions>
          <gpxtpx:TrackPointExtension>
            <gpxtpx:hr>153</gpxtpx:hr>
            <gpxtpx:cad>85</gpxtpx:cad>
            <gpxtpx:atemp>17.0</gpxtpx:atemp>
          </gpxtpx:TrackPointExtension>
        </extensions>
      </trkpt>
      <trkpt lat="51.0541061" lon="-114.0575402">
        <ele>1042.3</ele>
        <time>2026-08-19T12:10:17Z</time>
        <extensions>
          <gpxtpx:TrackPointExtension>
            <gpxtpx:hr>152</gpxtpx:hr>
            <gpxtpx:cad>85</gpxtpx:cad>
            <gpxtpx:atemp>17.1</gpxtpx:atemp>
          </gpxtpx:TrackPointExtension>
        </extensions>
      </trkpt>
      <trkpt lat="51.0541160" lon="-114.0574779">
        <ele>1041.2</ele>
        <time>2026-08-19T12:10:18Z</time>
        <extensions>
          <gpxtpx:TrackPointExtension>
            <gpxtpx:hr>153</gpxtpx:hr>
            <gpxtpx:cad>86</gpxtpx:cad>
            <gpxtpx:atemp>17.3</gpxtpx:atemp>
          </gpxtpx:TrackPointExtension>
        </extensions>
      </trkpt>
      <trkpt lat="51.0541342" lon="-114.0573931">
        <ele>1040.4</ele>
        <time>2026-08-19T12:10:19Z</time>
        <extensions>
          <gpxtpx:TrackPointExtension>
            <gpxtpx:hr>154</gpxtpx:hr>
            <gpxtpx:cad>86</gpxtpx:cad>
            <gpxtpx:atemp>17.1</gpxtpx:atemp>
          </gpxtpx:TrackPointExtension>
        </extensions>
      </trkpt>
      <trkpt lat="51.0541424" lon="-114.0573626">
        <ele>1039.9</ele>
        <time>2026-08-19T12:10:20Z</time>
        <extensions>
          <gpxtpx:TrackPointExtension>
            <gpxtpx:hr>154</gpxtpx:hr>
            <gpxtpx:cad>85</gpxtpx:cad>
            <gpxtpx:atemp>17.6</gpxtpx:atemp>
          </gpxtpx:TrackPointExtension>
        </extensions>
      </trkpt>
      <trkpt lat="51.0541306" lon="-114.0573377">
        <ele>1040.3</ele>
        <time>2026-08-19T12:10:21Z</time>
        <extensions>
          <gpxtpx:TrackPointExtension>
            <gpxtpx:hr>153</gpxtpx:hr>
            <gpxtpx:cad>86</gpxtpx:cad>
            <gpxtpx:atemp>17.0</gpxtpx:atemp>
          </gpxtpx:TrackPointExtension>
        </extensions>
      </trkpt>
      <trkpt lat="51.0541422" lon="-114.0573144">
        <ele>1039.8</ele>
        <time>2026-08-19T12:10:22Z</time>
        <extensions>
          <gpxtpx:TrackPointExtension>
            <gpxtpx:hr>153</gpxtpx:hr>
            <gpxtpx:cad>84</gpxtpx:cad>
            <gpxtpx:atemp>17.2</gpxtpx:atemp>
          </gpxtpx:TrackPointExtension>
        </extensions>
      </trkpt>
      <trkpt lat="51.0541674" lon="-114.0572650">
        <ele>1040.1</ele>
        <time>2026-08-19T12:10:23Z</time>
        <extensions>
          <gpxtpx:TrackPointExtension>
            <gpxtpx:hr>153</gpxtpx:hr>
            <gpxtpx:cad>85</gpxtpx:cad>
            <gpxtpx:atemp>16.7</gpxtpx:atemp>
          </gpxtpx:TrackPointExtension>
        </extensions>
      </trkpt>
      <trkpt lat="51.0541707" lon="-114.0572278">
        <ele>1040.5</ele>
        <time>2026-08-19T12:10:24Z</time>
        <extensions>
          <gpxtpx:TrackPointExtension>
            <gpxtpx:hr>153</gpxtpx:hr>
            <gpxtpx:cad>88</gpxtpx:cad>
            <gpxtpx:atemp>16.8</gpxtpx:atemp>
          </gpxtpx:TrackPointExtension>
        </extensions>
      </trkpt>
      <trkpt lat="51.0541942" lon="-114.0571867">
        <ele>1040.3</ele>
        <time>2026-08-19T12:10:25Z</time>
        <extensions>
          <gpxtpx:TrackPointExtension>
            <gpxtpx:hr>153</gpxtpx:hr>
            <gpxtpx:cad>85</gpxtpx:cad>
            <gpxtpx:atemp>17.0</gpxtpx:atemp>
          </gpxtpx:TrackPointExtension>
        </extensions>
      </trkpt>
      <trkpt lat="51.0541837" lon="-114.0571387">
        <ele>1040.4</ele>
        <time>2026-08-19T12:10:26Z</time>
        <extensions>
          <gpxtpx:TrackPointExtension>
            <gpxtpx:hr>153</gpxtpx:hr>
            <gpxtpx:cad>87</gpxtpx:cad>
            <gpxtpx:atemp>16.7</gpxtpx:atemp>
          </gpxtpx:TrackPointExtension>
        </extensions>
      </trkpt>
      <trkpt lat="51.0541957" lon="-114.0571385">
        <ele>1040.7</ele>
        <time>2026-08-19T12:10:27Z</time>
        <extensions>
          <gpxtpx:TrackPointExtension>
            <gpxtpx:hr>152</gpxtpx:hr>
            <gpxtpx:cad>86</gpxtpx:cad>
            <gpxtpx:atemp>16.9</gpxtpx:atemp>
          </gpxtpx:TrackPointExtension>
        </extensions>
      </trkpt>
      <trkpt lat="51.0542043" lon="-114.0570638">
        <ele>1041.5</ele>
        <time>2026-08-19T12:10:28Z</time>
        <extensions>
          <gpxtpx:TrackPointExtension>
            <gpxtpx:hr>153</gpxtpx:hr>
            <gpxtpx:cad>85</gpxtpx:cad>
            <gpxtpx:atemp>17.1</gpxtpx:atemp>
          </gpxtpx:TrackPointExtension>
        </extensions>
      </trkpt>
      <trkpt lat="51.0542018" lon="-114.0570600">
        <ele>1041.2</ele>
        <time>2026-08-19T12:10:29Z</time>
        <extensions>
          <gpxtpx:TrackPointExtension>
            <gpxtpx:hr>154</gpxtpx:hr>
            <gpxtpx:cad>86</gpxtpx:cad>
            <gpxtpx:atemp>16.9</gpxtpx:atemp>
          </gpxtpx:TrackPointExtension>
        </extensions>
      </trkpt>
      <trkpt lat="51.0542334" lon="-114.0570238">
        <ele>1041.4</ele>
        <time>2026-08-19T12:10:30Z</time>
        <extensions>
          <gpxtpx:TrackPointExtension>
            <gpxtpx:hr>153</gpxtpx:hr>
            <gpxtpx:cad>86</gpxtpx:cad>
            <gpxtpx:atemp>16.7</gpxtpx:atemp>
          </gpxtpx:TrackPointExtension>
        </extensions>
      </trkpt>
      <trkpt lat="51.0542285" lon="-114.0569531">
        <ele>1041.3</ele>
        <time>2026-08-19T12:10:31Z</time>
        <extensions>
          <gpxtpx:TrackPointExtension>
            <gpxtpx:hr>153</gpxtpx:hr>
            <gpxtpx:cad>85</gpxtpx:cad>
            <gpxtpx:atemp>17.2</gpxtpx:atemp>
          </gpxtpx:TrackPointExtension>
        </extensions>
      </trkpt>
      <trkpt lat="51.0542419" lon="-114.0569055">
        <ele>1041.5</ele>
        <time>2026-08-19T12:10:32Z</time>
        <extensions>
          <gpxtpx:TrackPointExtension>
            <gpxtpx:hr>152</gpxtpx:hr>
            <gpxtpx:cad>86</gpxtpx:cad>
            <gpxtpx:atemp>16.8</gpxtpx:atemp>
          </gpxtpx:TrackPointExtension>
        </extensions>
      </trkpt>
      <trkpt lat="51.0542340" lon="-114.0568810">
        <ele>1041.4</ele>
        <time>2026-08-19T12:10:33Z</time>
        <extensions>
          <gpxtpx:TrackPointExtension>
            <gpxtpx:hr>152</gpxtpx:hr>
            <gpxtpx:cad>83</gpxtpx:cad>
            <gpxtpx:atemp>17.2</gpxtpx:atemp>
          </gpxtpx:TrackPointExtension>
        </extensions>
      </trkpt>
      <trkpt lat="51.0542394" lon="-114.0568567">
        <ele>1040.5</ele>
        <time>2026-08-19T12:10:34Z</time>
        <extensions>
          <gpxtpx:TrackPointExtension>
            <gpxtpx:hr>152</gpxtpx:hr>
            <gpxtpx:cad>85</gpxtpx:cad>
            <gpxtpx:atemp>16.5</gpxtpx:atemp>
          </gpxtpx:TrackPointExtension>
        </extensions>
      </trkpt>
      <trkpt lat="51.0542435" lon="-114.0568216">
        <ele>1040.3</ele>
        <time>2026-08-19T12:10:35Z</time>
        <extensions>
          <gpxtpx:TrackPointExtension>
            <gpxtpx:hr>152</gpxtpx:hr>
            <gpxtpx:cad>85</gpxtpx:cad>
            <gpxtpx:atemp>16.9</gpxtpx:atemp>
          </gpxtpx:TrackPointExtension>
        </extensions>
      </trkpt>
      <trkpt lat="51.0542612" lon="-114.0567711">
        <ele>1040.4</ele>
        <time>2026-08-19T12:10:36Z</time>
        <extensions>
          <gpxtpx:TrackPointExtension>
            <gpxtpx:hr>152</gpxtpx:hr>
            <gpxtpx:cad>85</gpxtpx:cad>
            <gpxtpx:atemp>17.1</gpxtpx:atemp>
          </gpxtpx:TrackPointExtension>
        </extensions>
      </trkpt>
      <trkpt lat="51.0542892" lon="-114.0567069">
        <ele>1040.9</ele>
        <time>2026-08-19T12:10:37Z</time>
        <extensions>
          <gpxtpx:TrackPointExtension>
            <gpxtpx:hr>151</gpxtpx:hr>
            <gpxtpx:cad>85</gpxtpx:cad>
            <gpxtpx:atemp>17.2</gpxtpx:atemp>
          </gpxtpx:TrackPointExtension>
        </extensions>
      </trkpt>
      <trkpt lat="51.0543070" lon="-114.0566607">
        <ele>1040.3</ele>
        <time>2026-08-19T12:10:38Z</time>
        <extensions>
          <gpxtpx:TrackPointExtension>
            <gpxtpx:hr>151</gpxtpx:hr>
            <gpxtpx:cad>86</gpxtpx:cad>
            <gpxtpx:atemp>17.0</gpxtpx:atemp>
          </gpxtpx:TrackPointExtension>
        </extensions>
      </trkpt>
      <trkpt lat="51.0542952" lon="-114.0566061">
        <ele>1040.3</ele>
        <time>2026-08-19T12:10:39Z</time>
        <extensions>
          <gpxtpx:TrackPointExtension>
            <gpxtpx:hr>150</gpxtpx:hr>
            <gpxtpx:cad>89</gpxtpx:cad>
            <gpxtpx:atemp>17.1</gpxtpx:atemp>
          </gpxtpx:TrackPointExtension>
        </extensions>
      </trkpt>
      <trkpt lat="51.0542900" lon="-114.0565573">
        <ele>1040.3</ele>
        <time>2026-08-19T12:10:40Z</time>
        <extensions>
          <gpxtpx:TrackPointExtension>
            <gpxtpx:hr>150</gpxtpx:hr>
            <gpxtpx:cad>85</gpxtpx:cad>
            <gpxtpx:atemp>16.6</gpxtpx:atemp>
          </gpxtpx:TrackPointExtension>
        </extensions>
      </trkpt>
      <trkpt lat="51.0543021" lon="-114.0565140">
        <ele>1040.7</ele>
        <time>2026-08-19T12:10:41Z</time>
        <extensions>
          <gpxtpx:TrackPointExtension>
            <gpxtpx:hr>150</gpxtpx:hr>
            <gpxtpx:cad>85</gpxtpx:cad>
            <gpxtpx:atemp>16.8</gpxtpx:atemp>
          </gpxtpx:TrackPointExtension>
        </extensions>
      </trkpt>
      <trkpt lat="51.0543173" lon="-114.0564651">
        <ele>1040.5</ele>
        <time>2026-08-19T12:10:42Z</time>
        <extensions>
          <gpxtpx:TrackPointExtension>
            <gpxtpx:hr>150</gpxtpx:hr>
            <gpxtpx:cad>83</gpxtpx:cad>
            <gpxtpx:atemp>17.3</gpxtpx:atemp>
          </gpxtpx:TrackPointExtension>
        </extensions>
      </trkpt>
      <trkpt lat="51.0543094" lon="-114.0564127">
        <ele>1040.4</ele>
        <time>2026-08-19T12:10:43Z</time>
        <extensions>
          <gpxtpx:TrackPointExtension>
            <gpxtpx:hr>149</gpxtpx:hr>
            <gpxtpx:cad>84</gpxtpx:cad>
            <gpxtpx:atemp>17.0</gpxtpx:atemp>
          </gpxtpx:TrackPointExtension>
        </extensions>
      </trkpt>
      <trkpt lat="51.0543216" lon="-114.0563634">
        <ele>1040.1</ele>
        <time>2026-08-19T12:10:44Z</time>
        <extensions>
          <gpxtpx:TrackPointExtension>
            <gpxtpx:hr>149</gpxtpx:hr>
            <gpxtpx:cad>86</gpxtpx:cad>
            <gpxtpx:atemp>17.0</gpxtpx:atemp>
          </gpxtpx:TrackPointExtension>
        </extensions>
      </trkpt>
      <trkpt lat="51.0543277" lon="-114.0563539">
        <ele>1040.4</ele>
        <time>2026-08-19T12:10:45Z</time>
        <extensions>
          <gpxtpx:TrackPointExtension>
            <gpxtpx:hr>149</gpxtpx:hr>
            <gpxtpx:cad>86</gpxtpx:cad>
            <gpxtpx:atemp>17.4</gpxtpx:atemp>
          </gpxtpx:TrackPointExtension>
        </extensions>
      </trkpt>
      <trkpt lat="51.0543373" lon="-114.0563216">
        <ele>1040.0</ele>
        <time>2026-08-19T12:10:46Z</time>
        <extensions>
          <gpxtpx:TrackPointExtension>
            <gpxtpx:hr>149</gpxtpx:hr>
            <gpxtpx:cad>85</gpxtpx:cad>
            <gpxtpx:atemp>17.0</gpxtpx:atemp>
          </gpxtpx:TrackPointExtension>
        </extensions>
      </trkpt>
      <trkpt lat="51.0543453" lon="-114.0562628">
        <ele>1040.1</ele>
        <time>2026-08-19T12:10:47Z</time>
        <extensions>
          <gpxtpx:TrackPointExtension>
            <gpxtpx:hr>149</gpxtpx:hr>
            <gpxtpx:cad>86</gpxtpx:cad>
            <gpxtpx:atemp>16.9</gpxtpx:atemp>
          </gpxtpx:TrackPointExtension>
        </extensions>
      </trkpt>
      <trkpt lat="51.0543849" lon="-114.0562217">
        <ele>1040.4</ele>
        <time>2026-08-19T12:10:48Z</time>
        <extensions>
          <gpxtpx:TrackPointExtension>
            <gpxtpx:hr>148</gpxtpx:hr>
            <gpxtpx:cad>85</gpxtpx:cad>
            <gpxtpx:atemp>17.1</gpxtpx:atemp>
          </gpxtpx:TrackPointExtension>
        </extensions>
      </trkpt>
      <trkpt lat="51.0544053" lon="-114.0561977">
        <ele>1041.7</ele>
        <time>2026-08-19T12:10:49Z</time>
        <extensions>
          <gpxtpx:TrackPointExtension>
            <gpxtpx:hr>148</gpxtpx:hr>
            <gpxtpx:cad>86</gpxtpx:cad>
            <gpxtpx:atemp>17.1</gpxtpx:atemp>
          </gpxtpx:TrackPointExtension>
        </extensions>
      </trkpt>
      <trkpt lat="51.0544132" lon="-114.0561628">
        <ele>1041.0</ele>
        <time>2026-08-19T12:10:50Z</time>
        <extensions>
          <gpxtpx:TrackPointExtension>
            <gpxtpx:hr>149</gpxtpx:hr>
            <gpxtpx:cad>86</gpxtpx:cad>
            <gpxtpx:atemp>16.9</gpxtpx:atemp>
          </gpxtpx:TrackPointExtension>
        </extensions>
      </trkpt>
      <trkpt lat="51.0544113" lon="-114.0561057">
        <ele>1040.1</ele>
        <time>2026-08-19T12:10:51Z</time>
        <extensions>
          <gpxtpx:TrackPointExtension>
            <gpxtpx:hr>148</gpxtpx:hr>
            <gpxtpx:cad>87</gpxtpx:cad>
            <gpxtpx:atemp>17.4</gpxtpx:atemp>
          </gpxtpx:TrackPointExtension>
        </extensions>
      </trkpt>
      <trkpt lat="51.0544249" lon="-114.0560704">
        <ele>1039.7</ele>
        <time>2026-08-19T12:10:52Z</time>
        <extensions>
          <gpxtpx:TrackPointExtension>
            <gpxtpx:hr>148</gpxtpx:hr>
            <gpxtpx:cad>84</gpxtpx:cad>
            <gpxtpx:atemp>17.2</gpxtpx:atemp>
          </gpxtpx:TrackPointExtension>
        </extensions>
      </trkpt>
      <trkpt lat="51.0544346" lon="-114.0560081">
        <ele>1040.0</ele>
        <time>2026-08-19T12:10:53Z</time>
        <extensions>
          <gpxtpx:TrackPointExtension>
            <gpxtpx:hr>147</gpxtpx:hr>
            <gpxtpx:cad>86</gpxtpx:cad>
            <gpxtpx:atemp>16.7</gpxtpx:atemp>
          </gpxtpx:TrackPointExtension>
        </extensions>
      </trkpt>
      <trkpt lat="51.0544503" lon="-114.0559915">
        <ele>1040.3</ele>
        <time>2026-08-19T12:10:54Z</time>
        <extensions>
          <gpxtpx:TrackPointExtension>
            <gpxtpx:hr>148</gpxtpx:hr>
            <gpxtpx:cad>83</gpxtpx:cad>
            <gpxtpx:atemp>17.2</gpxtpx:atemp>
          </gpxtpx:TrackPointExtension>
        </extensions>
      </trkpt>
      <trkpt lat="51.0544693" lon="-114.0559153">
        <ele>1040.5</ele>
        <time>2026-08-19T12:10:55Z</time>
        <extensions>
          <gpxtpx:TrackPointExtension>
            <gpxtpx:hr>148</gpxtpx:hr>
            <gpxtpx:cad>83</gpxtpx:cad>
            <gpxtpx:atemp>16.9</gpxtpx:atemp>
          </gpxtpx:TrackPointExtension>
        </extensions>
      </trkpt>
      <trkpt lat="51.0544826" lon="-114.0558633">
        <ele>1040.8</ele>
        <time>2026-08-19T12:10:56Z</time>
        <extensions>
          <gpxtpx:TrackPointExtension>
            <gpxtpx:hr>148</gpxtpx:hr>
            <gpxtpx:cad>83</gpxtpx:cad>
            <gpxtpx:atemp>16.5</gpxtpx:atemp>
          </gpxtpx:TrackPointExtension>
        </extensions>
      </trkpt>
      <trkpt lat="51.0544950" lon="-114.0558426">
        <ele>1040.3</ele>
        <time>2026-08-19T12:10:57Z</time>
        <extensions>
          <gpxtpx:TrackPointExtension>
            <gpxtpx:hr>148</gpxtpx:hr>
            <gpxtpx:cad>85</gpxtpx:cad>
            <gpxtpx:atemp>17.6</gpxtpx:atemp>
          </gpxtpx:TrackPointExtension>
        </extensions>
      </trkpt>
      <trkpt lat="51.0544995" lon="-114.0557747">
        <ele>1040.6</ele>
        <time>2026-08-19T12:10:58Z</time>
        <extensions>
          <gpxtpx:TrackPointExtension>
            <gpxtpx:hr>147</gpxtpx:hr>
            <gpxtpx:cad>85</gpxtpx:cad>
            <gpxtpx:atemp>16.9</gpxtpx:atemp>
          </gpxtpx:TrackPointExtension>
        </extensions>
      </trkpt>
      <trkpt lat="51.0545025" lon="-114.0557310">
        <ele>1040.9</ele>
        <time>2026-08-19T12:10:59Z</time>
        <extensions>
          <gpxtpx:TrackPointExtension>
            <gpxtpx:hr>147</gpxtpx:hr>
            <gpxtpx:cad>84</gpxtpx:cad>
            <gpxtpx:atemp>16.6</gpxtpx:atemp>
          </gpxtpx:TrackPointExtension>
        </extensions>
      </trkpt>
      <trkpt lat="51.0545069" lon="-114.0556859">
        <ele>1040.5</ele>
        <time>2026-08-19T12:11:00Z</time>
        <extensions>
          <gpxtpx:TrackPointExtension>
            <gpxtpx:hr>146</gpxtpx:hr>
            <gpxtpx:cad>82</gpxtpx:cad>
            <gpxtpx:atemp>16.8</gpxtpx:atemp>
          </gpxtpx:TrackPointExtension>
        </extensions>
      </trkpt>
      <trkpt lat="51.0545224" lon="-114.0556617">
        <ele>1040.6</ele>
        <time>2026-08-19T12:11:01Z</time>
        <extensions>
          <gpxtpx:TrackPointExtension>
            <gpxtpx:hr>146</gpxtpx:hr>
            <gpxtpx:cad>85</gpxtpx:cad>
            <gpxtpx:atemp>17.4</gpxtpx:atemp>
          </gpxtpx:TrackPointExtension>
        </extensions>
      </trkpt>
      <trkpt lat="51.0545435" lon="-114.0556316">
        <ele>1040.8</ele>
        <time>2026-08-19T12:11:02Z</time>
        <extensions>
          <gpxtpx:TrackPointExtension>
            <gpxtpx:hr>146</gpxtpx:hr>
            <gpxtpx:cad>85</gpxtpx:cad>
            <gpxtpx:atemp>16.7</gpxtpx:atemp>
          </gpxtpx:TrackPointExtension>
        </extensions>
      </trkpt>
      <trkpt lat="51.0545429" lon="-114.0556150">
        <ele>1040.7</ele>
        <time>2026-08-19T12:11:03Z</time>
        <extensions>
          <gpxtpx:TrackPointExtension>
            <gpxtpx:hr>146</gpxtpx:hr>
            <gpxtpx:cad>86</gpxtpx:cad>
            <gpxtpx:atemp>17.6</gpxtpx:atemp>
          </gpxtpx:TrackPointExtension>
        </extensions>
      </trkpt>
      <trkpt lat="51.0545359" lon="-114.0555745">
        <ele>1040.6</ele>
        <time>2026-08-19T12:11:04Z</time>
        <extensions>
          <gpxtpx:TrackPointExtension>
            <gpxtpx:hr>146</gpxtpx:hr>
            <gpxtpx:cad>82</gpxtpx:cad>
            <gpxtpx:atemp>17.0</gpxtpx:atemp>
          </gpxtpx:TrackPointExtension>
        </extensions>
      </trkpt>
      <trkpt lat="51.0545297" lon="-114.0555243">
        <ele>1040.3</ele>
        <time>2026-08-19T12:11:05Z</time>
        <extensions>
          <gpxtpx:TrackPointExtension>
            <gpxtpx:hr>146</gpxtpx:hr>
            <gpxtpx:cad>85</gpxtpx:cad>
            <gpxtpx:atemp>17.0</gpxtpx:atemp>
          </gpxtpx:TrackPointExtension>
        </extensions>
      </trkpt>
      <trkpt lat="51.0545392" lon="-114.0554549">
        <ele>1040.3</ele>
        <time>2026-08-19T12:11:06Z</time>
        <extensions>
          <gpxtpx:TrackPointExtension>
            <gpxtpx:hr>146</gpxtpx:hr>
            <gpxtpx:cad>84</gpxtpx:cad>
            <gpxtpx:atemp>16.8</gpxtpx:atemp>
          </gpxtpx:TrackPointExtension>
        </extensions>
      </trkpt>
      <trkpt lat="51.0545352" lon="-114.0554327">
        <ele>1040.3</ele>
        <time>2026-08-19T12:11:07Z</time>
        <extensions>
          <gpxtpx:TrackPointExtension>
            <gpxtpx:hr>147</gpxtpx:hr>
            <gpxtpx:cad>84</gpxtpx:cad>
            <gpxtpx:atemp>16.8</gpxtpx:atemp>
          </gpxtpx:TrackPointExtension>
        </extensions>
      </trkpt>
      <trkpt lat="51.0545479" lon="-114.0553912">
        <ele>1040.9</ele>
        <time>2026-08-19T12:11:08Z</time>
        <extensions>
          <gpxtpx:TrackPointExtension>
            <gpxtpx:hr>147</gpxtpx:hr>
            <gpxtpx:cad>85</gpxtpx:cad>
            <gpxtpx:atemp>17.2</gpxtpx:atemp>
          </gpxtpx:TrackPointExtension>
        </extensions>
      </trkpt>
      <trkpt lat="51.0545720" lon="-114.0553667">
        <ele>1040.9</ele>
        <time>2026-08-19T12:11:09Z</time>
        <extensions>
          <gpxtpx:TrackPointExtension>
            <gpxtpx:hr>148</gpxtpx:hr>
            <gpxtpx:cad>86</gpxtpx:cad>
            <gpxtpx:atemp>17.4</gpxtpx:atemp>
          </gpxtpx:TrackPointExtension>
        </extensions>
      </trkpt>
      <trkpt lat="51.0545818" lon="-114.0553086">
        <ele>1040.2</ele>
        <time>2026-08-19T12:11:10Z</time>
        <extensions>
          <gpxtpx:TrackPointExtension>
            <gpxtpx:hr>149</gpxtpx:hr>
            <gpxtpx:cad>86</gpxtpx:cad>
            <gpxtpx:atemp>17.0</gpxtpx:atemp>
          </gpxtpx:TrackPointExtension>
        </extensions>
      </trkpt>
      <trkpt lat="51.0545962" lon="-114.0552543">
        <ele>1039.3</ele>
        <time>2026-08-19T12:11:11Z</time>
        <extensions>
          <gpxtpx:TrackPointExtension>
            <gpxtpx:hr>149</gpxtpx:hr>
            <gpxtpx:cad>85</gpxtpx:cad>
            <gpxtpx:atemp>16.9</gpxtpx:atemp>
          </gpxtpx:TrackPointExtension>
        </extensions>
      </trkpt>
      <trkpt lat="51.0546055" lon="-114.0552206">
        <ele>1039.2</ele>
        <time>2026-08-19T12:11:12Z</time>
        <extensions>
          <gpxtpx:TrackPointExtension>
            <gpxtpx:hr>149</gpxtpx:hr>
            <gpxtpx:cad>86</gpxtpx:cad>
            <gpxtpx:atemp>17.2</gpxtpx:atemp>
          </gpxtpx:TrackPointExtension>
        </extensions>
      </trkpt>
      <trkpt lat="51.0546087" lon="-114.0551771">
        <ele>1040.3</ele>
        <time>2026-08-19T12:11:13Z</time>
        <extensions>
          <gpxtpx:TrackPointExtension>
            <gpxtpx:hr>149</gpxtpx:hr>
            <gpxtpx:cad>86</gpxtpx:cad>
            <gpxtpx:atemp>17.0</gpxtpx:atemp>
          </gpxtpx:TrackPointExtension>
        </extensions>
      </trkpt>
      <trkpt lat="51.0545960" lon="-114.0551051">
        <ele>1040.0</ele>
        <time>2026-08-19T12:11:14Z</time>
        <extensions>
          <gpxtpx:TrackPointExtension>
            <gpxtpx:hr>150</gpxtpx:hr>
            <gpxtpx:cad>86</gpxtpx:cad>
            <gpxtpx:atemp>17.5</gpxtpx:atemp>
          </gpxtpx:TrackPointExtension>
        </extensions>
      </trkpt>
      <trkpt lat="51.0546098" lon="-114.0550662">
        <ele>1040.7</ele>
        <time>2026-08-19T12:11:15Z</time>
        <extensions>
          <gpxtpx:TrackPointExtension>
            <gpxtpx:hr>150</gpxtpx:hr>
            <gpxtpx:cad>88</gpxtpx:cad>
            <gpxtpx:atemp>16.4</gpxtpx:atemp>
          </gpxtpx:TrackPointExtension>
        </extensions>
      </trkpt>
      <trkpt lat="51.0546216" lon="-114.0550392">
        <ele>1040.7</ele>
        <time>2026-08-19T12:11:16Z</time>
        <extensions>
          <gpxtpx:TrackPointExtension>
            <gpxtpx:hr>149</gpxtpx:hr>
            <gpxtpx:cad>86</gpxtpx:cad>
            <gpxtpx:atemp>16.7</gpxtpx:atemp>
          </gpxtpx:TrackPointExtension>
        </extensions>
      </trkpt>
      <trkpt lat="51.0546060" lon="-114.0550219">
        <ele>1040.9</ele>
        <time>2026-08-19T12:11:17Z</time>
        <extensions>
          <gpxtpx:TrackPointExtension>
            <gpxtpx:hr>149</gpxtpx:hr>
            <gpxtpx:cad>86</gpxtpx:cad>
            <gpxtpx:atemp>17.4</gpxtpx:atemp>
          </gpxtpx:TrackPointExtension>
        </extensions>
      </trkpt>
      <trkpt lat="51.0546119" lon="-114.0549623">
        <ele>1041.5</ele>
        <time>2026-08-19T12:11:18Z</time>
        <extensions>
          <gpxtpx:TrackPointExtension>
            <gpxtpx:hr>149</gpxtpx:hr>
            <gpxtpx:cad>87</gpxtpx:cad>
            <gpxtpx:atemp>17.2</gpxtpx:atemp>
          </gpxtpx:TrackPointExtension>
        </extensions>
      </trkpt>
      <trkpt lat="51.0546285" lon="-114.0549094">
        <ele>1042.1</ele>
        <time>2026-08-19T12:11:19Z</time>
        <extensions>
          <gpxtpx:TrackPointExtension>
            <gpxtpx:hr>148</gpxtpx:hr>
            <gpxtpx:cad>86</gpxtpx:cad>
            <gpxtpx:atemp>17.4</gpxtpx:atemp>
          </gpxtpx:TrackPointExtension>
        </extensions>
      </trkpt>
      <trkpt lat="51.0546477" lon="-114.0548756">
        <ele>1041.0</ele>
        <time>2026-08-19T12:11:20Z</time>
        <extensions>
          <gpxtpx:TrackPointExtension>
            <gpxtpx:hr>149</gpxtpx:hr>
            <gpxtpx:cad>86</gpxtpx:cad>
            <gpxtpx:atemp>17.5</gpxtpx:atemp>
          </gpxtpx:TrackPointExtension>
        </extensions>
      </trkpt>
      <trkpt lat="51.0546597" lon="-114.0548342">
        <ele>1040.5</ele>
        <time>2026-08-19T12:11:21Z</time>
        <extensions>
          <gpxtpx:TrackPointExtension>
            <gpxtpx:hr>149</gpxtpx:hr>
            <gpxtpx:cad>84</gpxtpx:cad>
            <gpxtpx:atemp>17.0</gpxtpx:atemp>
          </gpxtpx:TrackPointExtension>
        </extensions>
      </trkpt>
      <trkpt lat="51.0546873" lon="-114.0547953">
        <ele>1040.3</ele>
        <time>2026-08-19T12:11:22Z</time>
        <extensions>
          <gpxtpx:TrackPointExtension>
            <gpxtpx:hr>149</gpxtpx:hr>
            <gpxtpx:cad>85</gpxtpx:cad>
            <gpxtpx:atemp>17.1</gpxtpx:atemp>
          </gpxtpx:TrackPointExtension>
        </extensions>
      </trkpt>
      <trkpt lat="51.0546903" lon="-114.0547484">
        <ele>1040.1</ele>
        <time>2026-08-19T12:11:23Z</time>
        <extensions>
          <gpxtpx:TrackPointExtension>
            <gpxtpx:hr>147</gpxtpx:hr>
            <gpxtpx:cad>85</gpxtpx:cad>
            <gpxtpx:atemp>17.1</gpxtpx:atemp>
          </gpxtpx:TrackPointExtension>
        </extensions>
      </trkpt>
      <trkpt lat="51.0546846" lon="-114.0546862">
        <ele>1041.3</ele>
        <time>2026-08-19T12:11:24Z</time>
        <extensions>
          <gpxtpx:TrackPointExtension>
            <gpxtpx:hr>147</gpxtpx:hr>
            <gpxtpx:cad>86</gpxtpx:cad>
            <gpxtpx:atemp>16.7</gpxtpx:atemp>
          </gpxtpx:TrackPointExtension>
        </extensions>
      </trkpt>
      <trkpt lat="51.0546874" lon="-114.0546608">
        <ele>1041.6</ele>
        <time>2026-08-19T12:11:25Z</time>
        <extensions>
          <gpxtpx:TrackPointExtension>
            <gpxtpx:hr>147</gpxtpx:hr>
            <gpxtpx:cad>87</gpxtpx:cad>
            <gpxtpx:atemp>16.8</gpxtpx:atemp>
          </gpxtpx:TrackPointExtension>
        </extensions>
      </trkpt>
      <trkpt lat="51.0547076" lon="-114.0545950">
        <ele>1042.5</ele>
        <time>2026-08-19T12:11:26Z</time>
        <extensions>
          <gpxtpx:TrackPointExtension>
            <gpxtpx:hr>148</gpxtpx:hr>
            <gpxtpx:cad>85</gpxtpx:cad>
            <gpxtpx:atemp>17.1</gpxtpx:atemp>
          </gpxtpx:TrackPointExtension>
        </extensions>
      </trkpt>
      <trkpt lat="51.0547148" lon="-114.0545389">
        <ele>1041.8</ele>
        <time>2026-08-19T12:11:27Z</time>
        <extensions>
          <gpxtpx:TrackPointExtension>
            <gpxtpx:hr>147</gpxtpx:hr>
            <gpxtpx:cad>87</gpxtpx:cad>
            <gpxtpx:atemp>16.5</gpxtpx:atemp>
          </gpxtpx:TrackPointExtension>
        </extensions>
      </trkpt>
      <trkpt lat="51.0547120" lon="-114.0544805">
        <ele>1042.2</ele>
        <time>2026-08-19T12:11:28Z</time>
        <extensions>
          <gpxtpx:TrackPointExtension>
            <gpxtpx:hr>147</gpxtpx:hr>
            <gpxtpx:cad>87</gpxtpx:cad>
            <gpxtpx:atemp>16.5</gpxtpx:atemp>
          </gpxtpx:TrackPointExtension>
        </extensions>
      </trkpt>
      <trkpt lat="51.0547210" lon="-114.0544172">
        <ele>1041.6</ele>
        <time>2026-08-19T12:11:29Z</time>
        <extensions>
          <gpxtpx:TrackPointExtension>
            <gpxtpx:hr>147</gpxtpx:hr>
            <gpxtpx:cad>85</gpxtpx:cad>
            <gpxtpx:atemp>17.3</gpxtpx:atemp>
          </gpxtpx:TrackPointExtension>
        </extensions>
      </trkpt>
      <trkpt lat="51.0547298" lon="-114.0543557">
        <ele>1041.6</ele>
        <time>2026-08-19T12:11:30Z</time>
        <extensions>
          <gpxtpx:TrackPointExtension>
            <gpxtpx:hr>147</gpxtpx:hr>
            <gpxtpx:cad>87</gpxtpx:cad>
            <gpxtpx:atemp>16.9</gpxtpx:atemp>
          </gpxtpx:TrackPointExtension>
        </extensions>
      </trkpt>
      <trkpt lat="51.0547459" lon="-114.0542884">
        <ele>1041.8</ele>
        <time>2026-08-19T12:11:31Z</time>
        <extensions>
          <gpxtpx:TrackPointExtension>
            <gpxtpx:hr>148</gpxtpx:hr>
            <gpxtpx:cad>86</gpxtpx:cad>
            <gpxtpx:atemp>16.7</gpxtpx:atemp>
          </gpxtpx:TrackPointExtension>
        </extensions>
      </trkpt>
      <trkpt lat="51.0547503" lon="-114.0542531">
        <ele>1042.3</ele>
        <time>2026-08-19T12:11:32Z</time>
        <extensions>
          <gpxtpx:TrackPointExtension>
            <gpxtpx:hr>148</gpxtpx:hr>
            <gpxtpx:cad>85</gpxtpx:cad>
            <gpxtpx:atemp>17.1</gpxtpx:atemp>
          </gpxtpx:TrackPointExtension>
        </extensions>
      </trkpt>
      <trkpt lat="51.0547712" lon="-114.0542169">
        <ele>1042.1</ele>
        <time>2026-08-19T12:11:33Z</time>
        <extensions>
          <gpxtpx:TrackPointExtension>
            <gpxtpx:hr>148</gpxtpx:hr>
            <gpxtpx:cad>87</gpxtpx:cad>
            <gpxtpx:atemp>17.2</gpxtpx:atemp>
          </gpxtpx:TrackPointExtension>
        </extensions>
      </trkpt>
      <trkpt lat="51.0547683" lon="-114.0541949">
        <ele>1042.0</ele>
        <time>2026-08-19T12:11:34Z</time>
        <extensions>
          <gpxtpx:TrackPointExtension>
            <gpxtpx:hr>149</gpxtpx:hr>
            <gpxtpx:cad>85</gpxtpx:cad>
            <gpxtpx:atemp>16.9</gpxtpx:atemp>
          </gpxtpx:TrackPointExtension>
        </extensions>
      </trkpt>
      <trkpt lat="51.0547831" lon="-114.0541388">
        <ele>1041.2</ele>
        <time>2026-08-19T12:11:35Z</time>
        <extensions>
          <gpxtpx:TrackPointExtension>
            <gpxtpx:hr>149</gpxtpx:hr>
            <gpxtpx:cad>85</gpxtpx:cad>
            <gpxtpx:atemp>16.7</gpxtpx:atemp>
          </gpxtpx:TrackPointExtension>
        </extensions>
      </trkpt>
      <trkpt lat="51.0548049" lon="-114.0541088">
        <ele>1042.1</ele>
        <time>2026-08-19T12:11:36Z</time>
        <extensions>
          <gpxtpx:TrackPointExtension>
            <gpxtpx:hr>149</gpxtpx:hr>
            <gpxtpx:cad>84</gpxtpx:cad>
            <gpxtpx:atemp>16.8</gpxtpx:atemp>
          </gpxtpx:TrackPointExtension>
        </extensions>
      </trkpt>
      <trkpt lat="51.0548041" lon="-114.0540543">
        <ele>1041.9</ele>
        <time>2026-08-19T12:11:37Z</time>
        <extensions>
          <gpxtpx:TrackPointExtension>
            <gpxtpx:hr>149</gpxtpx:hr>
            <gpxtpx:cad>86</gpxtpx:cad>
            <gpxtpx:atemp>17.3</gpxtpx:atemp>
          </gpxtpx:TrackPointExtension>
        </extensions>
      </trkpt>
      <trkpt lat="51.0548076" lon="-114.0540233">
        <ele>1041.6</ele>
        <time>2026-08-19T12:11:38Z</time>
        <extensions>
          <gpxtpx:TrackPointExtension>
            <gpxtpx:hr>149</gpxtpx:hr>
            <gpxtpx:cad>85</gpxtpx:cad>
            <gpxtpx:atemp>16.7</gpxtpx:atemp>
          </gpxtpx:TrackPointExtension>
        </extensions>
      </trkpt>
      <trkpt lat="51.0548365" lon="-114.0539870">
        <ele>1042.1</ele>
        <time>2026-08-19T12:11:39Z</time>
        <extensions>
          <gpxtpx:TrackPointExtension>
            <gpxtpx:hr>148</gpxtpx:hr>
            <gpxtpx:cad>87</gpxtpx:cad>
            <gpxtpx:atemp>16.8</gpxtpx:atemp>
          </gpxtpx:TrackPointExtension>
        </extensions>
      </trkpt>
      <trkpt lat="51.0548580" lon="-114.0539348">
        <ele>1042.3</ele>
        <time>2026-08-19T12:11:40Z</time>
        <extensions>
          <gpxtpx:TrackPointExtension>
            <gpxtpx:hr>147</gpxtpx:hr>
            <gpxtpx:cad>84</gpxtpx:cad>
            <gpxtpx:atemp>16.8</gpxtpx:atemp>
          </gpxtpx:TrackPointExtension>
        </extensions>
      </trkpt>
      <trkpt lat="51.0548613" lon="-114.0539112">
        <ele>1041.9</ele>
        <time>2026-08-19T12:11:41Z</time>
        <extensions>
          <gpxtpx:TrackPointExtension>
            <gpxtpx:hr>149</gpxtpx:hr>
            <gpxtpx:cad>84</gpxtpx:cad>
            <gpxtpx:atemp>17.2</gpxtpx:atemp>
          </gpxtpx:TrackPointExtension>
        </extensions>
      </trkpt>
      <trkpt lat="51.0548749" lon="-114.0538738">
        <ele>1042.1</ele>
        <time>2026-08-19T12:11:42Z</time>
        <extensions>
          <gpxtpx:TrackPointExtension>
            <gpxtpx:hr>149</gpxtpx:hr>
            <gpxtpx:cad>85</gpxtpx:cad>
            <gpxtpx:atemp>17.0</gpxtpx:atemp>
          </gpxtpx:TrackPointExtension>
        </extensions>
      </trkpt>
      <trkpt lat="51.0548985" lon="-114.0538117">
        <ele>1041.1</ele>
        <time>2026-08-19T12:11:43Z</time>
        <extensions>
          <gpxtpx:TrackPointExtension>
            <gpxtpx:hr>150</gpxtpx:hr>
            <gpxtpx:cad>85</gpxtpx:cad>
            <gpxtpx:atemp>17.3</gpxtpx:atemp>
          </gpxtpx:TrackPointExtension>
        </extensions>
      </trkpt>
      <trkpt lat="51.0549060" lon="-114.0537437">
        <ele>1040.8</ele>
        <time>2026-08-19T12:11:44Z</time>
        <extensions>
          <gpxtpx:TrackPointExtension>
            <gpxtpx:hr>150</gpxtpx:hr>
            <gpxtpx:cad>84</gpxtpx:cad>
            <gpxtpx:atemp>17.1</gpxtpx:atemp>
          </gpxtpx:TrackPointExtension>
        </extensions>
      </trkpt>
      <trkpt lat="51.0549207" lon="-114.0537056">
        <ele>1041.2</ele>
        <time>2026-08-19T12:11:45Z</time>
        <extensions>
          <gpxtpx:TrackPointExtension>
            <gpxtpx:hr>150</gpxtpx:hr>
            <gpxtpx:cad>85</gpxtpx:cad>
            <gpxtpx:atemp>16.9</gpxtpx:atemp>
          </gpxtpx:TrackPointExtension>
        </extensions>
      </trkpt>
      <trkpt lat="51.0549184" lon="-114.0536587">
        <ele>1041.7</ele>
        <time>2026-08-19T12:11:46Z</time>
        <extensions>
          <gpxtpx:TrackPointExtension>
            <gpxtpx:hr>149</gpxtpx:hr>
            <gpxtpx:cad>82</gpxtpx:cad>
            <gpxtpx:atemp>17.1</gpxtpx:atemp>
          </gpxtpx:TrackPointExtension>
        </extensions>
      </trkpt>
      <trkpt lat="51.0549162" lon="-114.0536136">
        <ele>1041.5</ele>
        <time>2026-08-19T12:11:47Z</time>
        <extensions>
          <gpxtpx:TrackPointExtension>
            <gpxtpx:hr>149</gpxtpx:hr>
            <gpxtpx:cad>86</gpxtpx:cad>
            <gpxtpx:atemp>17.3</gpxtpx:atemp>
          </gpxtpx:TrackPointExtension>
        </extensions>
      </trkpt>
      <trkpt lat="51.0549270" lon="-114.0535873">
        <ele>1041.7</ele>
        <time>2026-08-19T12:11:48Z</time>
        <extensions>
          <gpxtpx:TrackPointExtension>
            <gpxtpx:hr>150</gpxtpx:hr>
            <gpxtpx:cad>83</gpxtpx:cad>
            <gpxtpx:atemp>17.3</gpxtpx:atemp>
          </gpxtpx:TrackPointExtension>
        </extensions>
      </trkpt>
      <trkpt lat="51.0549408" lon="-114.0535515">
        <ele>1041.3</ele>
        <time>2026-08-19T12:11:49Z</time>
        <extensions>
          <gpxtpx:TrackPointExtension>
            <gpxtpx:hr>149</gpxtpx:hr>
            <gpxtpx:cad>86</gpxtpx:cad>
            <gpxtpx:atemp>17.2</gpxtpx:atemp>
          </gpxtpx:TrackPointExtension>
        </extensions>
      </trkpt>
      <trkpt lat="51.0549393" lon="-114.0534713">
        <ele>1041.1</ele>
        <time>2026-08-19T12:11:50Z</time>
        <extensions>
          <gpxtpx:TrackPointExtension>
            <gpxtpx:hr>149</gpxtpx:hr>
            <gpxtpx:cad>85</gpxtpx:cad>
            <gpxtpx:atemp>17.1</gpxtpx:atemp>
          </gpxtpx:TrackPointExtension>
        </extensions>
      </trkpt>
      <trkpt lat="51.0549482" lon="-114.0534482">
        <ele>1041.7</ele>
        <time>2026-08-19T12:11:51Z</time>
        <extensions>
          <gpxtpx:TrackPointExtension>
            <gpxtpx:hr>149</gpxtpx:hr>
            <gpxtpx:cad>84</gpxtpx:cad>
            <gpxtpx:atemp>17.0</gpxtpx:atemp>
          </gpxtpx:TrackPointExtension>
        </extensions>
      </trkpt>
      <trkpt lat="51.0549529" lon="-114.0533989">
        <ele>1041.5</ele>
        <time>2026-08-19T12:11:52Z</time>
        <extensions>
          <gpxtpx:TrackPointExtension>
            <gpxtpx:hr>149</gpxtpx:hr>
            <gpxtpx:cad>86</gpxtpx:cad>
            <gpxtpx:atemp>17.6</gpxtpx:atemp>
          </gpxtpx:TrackPointExtension>
        </extensions>
      </trkpt>
      <trkpt lat="51.0549483" lon="-114.0533680">
        <ele>1042.3</ele>
        <time>2026-08-19T12:11:53Z</time>
        <extensions>
          <gpxtpx:TrackPointExtension>
            <gpxtpx:hr>149</gpxtpx:hr>
            <gpxtpx:cad>86</gpxtpx:cad>
            <gpxtpx:atemp>17.0</gpxtpx:atemp>
          </gpxtpx:TrackPointExtension>
        </extensions>
      </trkpt>
      <trkpt lat="51.0549567" lon="-114.0533246">
        <ele>1041.8</ele>
        <time>2026-08-19T12:11:54Z</time>
        <extensions>
          <gpxtpx:TrackPointExtension>
            <gpxtpx:hr>149</gpxtpx:hr>
            <gpxtpx:cad>83</gpxtpx:cad>
            <gpxtpx:atemp>16.7</gpxtpx:atemp>
          </gpxtpx:TrackPointExtension>
        </extensions>
      </trkpt>
      <trkpt lat="51.0549827" lon="-114.0533315">
        <ele>1042.1</ele>
        <time>2026-08-19T12:11:55Z</time>
        <extensions>
          <gpxtpx:TrackPointExtension>
            <gpxtpx:hr>149</gpxtpx:hr>
            <gpxtpx:cad>85</gpxtpx:cad>
            <gpxtpx:atemp>16.7</gpxtpx:atemp>
          </gpxtpx:TrackPointExtension>
        </extensions>
      </trkpt>
      <trkpt lat="51.0550280" lon="-114.0532731">
        <ele>1042.2</ele>
        <time>2026-08-19T12:11:56Z</time>
        <extensions>
          <gpxtpx:TrackPointExtension>
            <gpxtpx:hr>149</gpxtpx:hr>
            <gpxtpx:cad>84</gpxtpx:cad>
            <gpxtpx:atemp>16.9</gpxtpx:atemp>
          </gpxtpx:TrackPointExtension>
        </extensions>
      </trkpt>
      <trkpt lat="51.0550524" lon="-114.0532357">
        <ele>1042.0</ele>
        <time>2026-08-19T12:11:57Z</time>
        <extensions>
          <gpxtpx:TrackPointExtension>
            <gpxtpx:hr>149</gpxtpx:hr>
            <gpxtpx:cad>84</gpxtpx:cad>
            <gpxtpx:atemp>16.6</gpxtpx:atemp>
          </gpxtpx:TrackPointExtension>
        </extensions>
      </trkpt>
      <trkpt lat="51.0550358" lon="-114.0531792">
        <ele>1041.7</ele>
        <time>2026-08-19T12:11:58Z</time>
        <extensions>
          <gpxtpx:TrackPointExtension>
            <gpxtpx:hr>149</gpxtpx:hr>
            <gpxtpx:cad>86</gpxtpx:cad>
            <gpxtpx:atemp>16.7</gpxtpx:atemp>
          </gpxtpx:TrackPointExtension>
        </extensions>
      </trkpt>
      <trkpt lat="51.0550420" lon="-114.0531559">
        <ele>1041.5</ele>
        <time>2026-08-19T12:11:59Z</time>
        <extensions>
          <gpxtpx:TrackPointExtension>
            <gpxtpx:hr>149</gpxtpx:hr>
            <gpxtpx:cad>84</gpxtpx:cad>
            <gpxtpx:atemp>17.3</gpxtpx:atemp>
          </gpxtpx:TrackPointExtension>
        </extensions>
      </trkpt>
      <trkpt lat="51.0550394" lon="-114.0530843">
        <ele>1041.1</ele>
        <time>2026-08-19T12:12:00Z</time>
        <extensions>
          <gpxtpx:TrackPointExtension>
            <gpxtpx:hr>150</gpxtpx:hr>
            <gpxtpx:cad>85</gpxtpx:cad>
            <gpxtpx:atemp>17.0</gpxtpx:atemp>
          </gpxtpx:TrackPointExtension>
        </extensions>
      </trkpt>
      <trkpt lat="51.0550491" lon="-114.0530237">
        <ele>1040.8</ele>
        <time>2026-08-19T12:12:01Z</time>
        <extensions>
          <gpxtpx:TrackPointExtension>
            <gpxtpx:hr>149</gpxtpx:hr>
            <gpxtpx:cad>86</gpxtpx:cad>
            <gpxtpx:atemp>16.7</gpxtpx:atemp>
          </gpxtpx:TrackPointExtension>
        </extensions>
      </trkpt>
      <trkpt lat="51.0550700" lon="-114.0529712">
        <ele>1040.4</ele>
        <time>2026-08-19T12:12:02Z</time>
        <extensions>
          <gpxtpx:TrackPointExtension>
            <gpxtpx:hr>150</gpxtpx:hr>
            <gpxtpx:cad>87</gpxtpx:cad>
            <gpxtpx:atemp>17.2</gpxtpx:atemp>
          </gpxtpx:TrackPointExtension>
        </extensions>
      </trkpt>
      <trkpt lat="51.0550705" lon="-114.0529255">
        <ele>1040.2</ele>
        <time>2026-08-19T12:12:03Z</time>
        <extensions>
          <gpxtpx:TrackPointExtension>
            <gpxtpx:hr>150</gpxtpx:hr>
            <gpxtpx:cad>85</gpxtpx:cad>
            <gpxtpx:atemp>16.8</gpxtpx:atemp>
          </gpxtpx:TrackPointExtension>
        </extensions>
      </trkpt>
      <trkpt lat="51.0550688" lon="-114.0528540">
        <ele>1040.5</ele>
        <time>2026-08-19T12:12:04Z</time>
        <extensions>
          <gpxtpx:TrackPointExtension>
            <gpxtpx:hr>149</gpxtpx:hr>
            <gpxtpx:cad>85</gpxtpx:cad>
            <gpxtpx:atemp>16.5</gpxtpx:atemp>
          </gpxtpx:TrackPointExtension>
        </extensions>
      </trkpt>
      <trkpt lat="51.0550834" lon="-114.0528391">
        <ele>1040.3</ele>
        <time>2026-08-19T12:12:05Z</time>
        <extensions>
          <gpxtpx:TrackPointExtension>
            <gpxtpx:hr>150</gpxtpx:hr>
            <gpxtpx:cad>86</gpxtpx:cad>
            <gpxtpx:atemp>16.9</gpxtpx:atemp>
          </gpxtpx:TrackPointExtension>
        </extensions>
      </trkpt>
      <trkpt lat="51.0550850" lon="-114.0528023">
        <ele>1040.1</ele>
        <time>2026-08-19T12:12:06Z</time>
        <extensions>
          <gpxtpx:TrackPointExtension>
            <gpxtpx:hr>150</gpxtpx:hr>
            <gpxtpx:cad>87</gpxtpx:cad>
            <gpxtpx:atemp>17.3</gpxtpx:atemp>
          </gpxtpx:TrackPointExtension>
        </extensions>
      </trkpt>
      <trkpt lat="51.0550814" lon="-114.0527788">
        <ele>1040.5</ele>
        <time>2026-08-19T12:12:07Z</time>
        <extensions>
          <gpxtpx:TrackPointExtension>
            <gpxtpx:hr>150</gpxtpx:hr>
            <gpxtpx:cad>83</gpxtpx:cad>
            <gpxtpx:atemp>17.1</gpxtpx:atemp>
          </gpxtpx:TrackPointExtension>
        </extensions>
      </trkpt>
      <trkpt lat="51.0551014" lon="-114.0527057">
        <ele>1040.5</ele>
        <time>2026-08-19T12:12:08Z</time>
        <extensions>
          <gpxtpx:TrackPointExtension>
            <gpxtpx:hr>150</gpxtpx:hr>
            <gpxtpx:cad>86</gpxtpx:cad>
            <gpxtpx:atemp>17.1</gpxtpx:atemp>
          </gpxtpx:TrackPointExtension>
        </extensions>
      </trkpt>
      <trkpt lat="51.0551163" lon="-114.0526007">
        <ele>1040.8</ele>
        <time>2026-08-19T12:12:09Z</time>
        <extensions>
          <gpxtpx:TrackPointExtension>
            <gpxtpx:hr>150</gpxtpx:hr>
            <gpxtpx:cad>84</gpxtpx:cad>
            <gpxtpx:atemp>17.4</gpxtpx:atemp>
          </gpxtpx:TrackPointExtension>
        </extensions>
      </trkpt>
      <trkpt lat="51.0551284" lon="-114.0525659">
        <ele>1040.5</ele>
        <time>2026-08-19T12:12:10Z</time>
        <extensions>
          <gpxtpx:TrackPointExtension>
            <gpxtpx:hr>150</gpxtpx:hr>
            <gpxtpx:cad>85</gpxtpx:cad>
            <gpxtpx:atemp>17.2</gpxtpx:atemp>
          </gpxtpx:TrackPointExtension>
        </extensions>
      </trkpt>
      <trkpt lat="51.0551371" lon="-114.0525421">
        <ele>1040.7</ele>
        <time>2026-08-19T12:12:11Z</time>
        <extensions>
          <gpxtpx:TrackPointExtension>
            <gpxtpx:hr>150</gpxtpx:hr>
            <gpxtpx:cad>85</gpxtpx:cad>
            <gpxtpx:atemp>17.3</gpxtpx:atemp>
          </gpxtpx:TrackPointExtension>
        </extensions>
      </trkpt>
      <trkpt lat="51.0551325" lon="-114.0524885">
        <ele>1041.9</ele>
        <time>2026-08-19T12:12:12Z</time>
        <extensions>
          <gpxtpx:TrackPointExtension>
            <gpxtpx:hr>149</gpxtpx:hr>
            <gpxtpx:cad>84</gpxtpx:cad>
            <gpxtpx:atemp>17.1</gpxtpx:atemp>
          </gpxtpx:TrackPointExtension>
        </extensions>
      </trkpt>
      <trkpt lat="51.0551411" lon="-114.0524592">
        <ele>1042.3</ele>
        <time>2026-08-19T12:12:13Z</time>
        <extensions>
          <gpxtpx:TrackPointExtension>
            <gpxtpx:hr>149</gpxtpx:hr>
            <gpxtpx:cad>84</gpxtpx:cad>
            <gpxtpx:atemp>17.1</gpxtpx:atemp>
          </gpxtpx:TrackPointExtension>
        </extensions>
      </trkpt>
      <trkpt lat="51.0551676" lon="-114.0524254">
        <ele>1041.5</ele>
        <time>2026-08-19T12:12:14Z</time>
        <extensions>
          <gpxtpx:TrackPointExtension>
            <gpxtpx:hr>150</gpxtpx:hr>
            <gpxtpx:cad>86</gpxtpx:cad>
            <gpxtpx:atemp>17.4</gpxtpx:atemp>
          </gpxtpx:TrackPointExtension>
        </extensions>
      </trkpt>
      <trkpt lat="51.0551777" lon="-114.0522950">
        <ele>1040.3</ele>
        <time>2026-08-19T12:12:15Z</time>
        <extensions>
          <gpxtpx:TrackPointExtension>
            <gpxtpx:hr>150</gpxtpx:hr>
            <gpxtpx:cad>84</gpxtpx:cad>
            <gpxtpx:atemp>16.9</gpxtpx:atemp>
          </gpxtpx:TrackPointExtension>
        </extensions>
      </trkpt>
      <trkpt lat="51.0551758" lon="-114.0522499">
        <ele>1040.2</ele>
        <time>2026-08-19T12:12:16Z</time>
        <extensions>
          <gpxtpx:TrackPointExtension>
            <gpxtpx:hr>150</gpxtpx:hr>
            <gpxtpx:cad>82</gpxtpx:cad>
            <gpxtpx:atemp>17.1</gpxtpx:atemp>
          </gpxtpx:TrackPointExtension>
        </extensions>
      </trkpt>
      <trkpt lat="51.0551711" lon="-114.0522320">
        <ele>1040.0</ele>
        <time>2026-08-19T12:12:17Z</time>
        <extensions>
          <gpxtpx:TrackPointExtension>
            <gpxtpx:hr>149</gpxtpx:hr>
            <gpxtpx:cad>83</gpxtpx:cad>
            <gpxtpx:atemp>16.9</gpxtpx:atemp>
          </gpxtpx:TrackPointExtension>
        </extensions>
      </trkpt>
      <trkpt lat="51.0551806" lon="-114.0521918">
        <ele>1039.7</ele>
        <time>2026-08-19T12:12:18Z</time>
        <extensions>
          <gpxtpx:TrackPointExtension>
            <gpxtpx:hr>149</gpxtpx:hr>
            <gpxtpx:cad>84</gpxtpx:cad>
            <gpxtpx:atemp>17.4</gpxtpx:atemp>
          </gpxtpx:TrackPointExtension>
        </extensions>
      </trkpt>
      <trkpt lat="51.0552031" lon="-114.0521509">
        <ele>1040.5</ele>
        <time>2026-08-19T12:12:19Z</time>
        <extensions>
          <gpxtpx:TrackPointExtension>
            <gpxtpx:hr>149</gpxtpx:hr>
            <gpxtpx:cad>86</gpxtpx:cad>
            <gpxtpx:atemp>17.1</gpxtpx:atemp>
          </gpxtpx:TrackPointExtension>
        </extensions>
      </trkpt>
      <trkpt lat="51.0552156" lon="-114.0521208">
        <ele>1039.9</ele>
        <time>2026-08-19T12:12:20Z</time>
        <extensions>
          <gpxtpx:TrackPointExtension>
            <gpxtpx:hr>149</gpxtpx:hr>
            <gpxtpx:cad>86</gpxtpx:cad>
            <gpxtpx:atemp>17.1</gpxtpx:atemp>
          </gpxtpx:TrackPointExtension>
        </extensions>
      </trkpt>
      <trkpt lat="51.0552205" lon="-114.0520733">
        <ele>1040.6</ele>
        <time>2026-08-19T12:12:21Z</time>
        <extensions>
          <gpxtpx:TrackPointExtension>
            <gpxtpx:hr>149</gpxtpx:hr>
            <gpxtpx:cad>87</gpxtpx:cad>
            <gpxtpx:atemp>17.0</gpxtpx:atemp>
          </gpxtpx:TrackPointExtension>
        </extensions>
      </trkpt>
      <trkpt lat="51.0552370" lon="-114.0520631">
        <ele>1040.3</ele>
        <time>2026-08-19T12:12:22Z</time>
        <extensions>
          <gpxtpx:TrackPointExtension>
            <gpxtpx:hr>149</gpxtpx:hr>
            <gpxtpx:cad>87</gpxtpx:cad>
            <gpxtpx:atemp>17.0</gpxtpx:atemp>
          </gpxtpx:TrackPointExtension>
        </extensions>
      </trkpt>
      <trkpt lat="51.0552436" lon="-114.0520121">
        <ele>1040.5</ele>
        <time>2026-08-19T12:12:23Z</time>
        <extensions>
          <gpxtpx:TrackPointExtension>
            <gpxtpx:hr>150</gpxtpx:hr>
            <gpxtpx:cad>87</gpxtpx:cad>
            <gpxtpx:atemp>16.8</gpxtpx:atemp>
          </gpxtpx:TrackPointExtension>
        </extensions>
      </trkpt>
      <trkpt lat="51.0552347" lon="-114.0519597">
        <ele>1040.5</ele>
        <time>2026-08-19T12:12:24Z</time>
        <extensions>
          <gpxtpx:TrackPointExtension>
            <gpxtpx:hr>150</gpxtpx:hr>
            <gpxtpx:cad>85</gpxtpx:cad>
            <gpxtpx:atemp>16.5</gpxtpx:atemp>
          </gpxtpx:TrackPointExtension>
        </extensions>
      </trkpt>
      <trkpt lat="51.0552248" lon="-114.0519269">
        <ele>1040.6</ele>
        <time>2026-08-19T12:12:25Z</time>
        <extensions>
          <gpxtpx:TrackPointExtension>
            <gpxtpx:hr>150</gpxtpx:hr>
            <gpxtpx:cad>85</gpxtpx:cad>
            <gpxtpx:atemp>17.1</gpxtpx:atemp>
          </gpxtpx:TrackPointExtension>
        </extensions>
      </trkpt>
      <trkpt lat="51.0552340" lon="-114.0519012">
        <ele>1040.1</ele>
        <time>2026-08-19T12:12:26Z</time>
        <extensions>
          <gpxtpx:TrackPointExtension>
            <gpxtpx:hr>150</gpxtpx:hr>
            <gpxtpx:cad>83</gpxtpx:cad>
            <gpxtpx:atemp>16.9</gpxtpx:atemp>
          </gpxtpx:TrackPointExtension>
        </extensions>
      </trkpt>
      <trkpt lat="51.0552221" lon="-114.0518454">
        <ele>1039.7</ele>
        <time>2026-08-19T12:12:27Z</time>
        <extensions>
          <gpxtpx:TrackPointExtension>
            <gpxtpx:hr>150</gpxtpx:hr>
            <gpxtpx:cad>83</gpxtpx:cad>
            <gpxtpx:atemp>17.2</gpxtpx:atemp>
          </gpxtpx:TrackPointExtension>
        </extensions>
      </trkpt>
      <trkpt lat="51.0552406" lon="-114.0518139">
        <ele>1040.4</ele>
        <time>2026-08-19T12:12:28Z</time>
        <extensions>
          <gpxtpx:TrackPointExtension>
            <gpxtpx:hr>149</gpxtpx:hr>
            <gpxtpx:cad>85</gpxtpx:cad>
            <gpxtpx:atemp>16.9</gpxtpx:atemp>
          </gpxtpx:TrackPointExtension>
        </extensions>
      </trkpt>
      <trkpt lat="51.0552461" lon="-114.0517773">
        <ele>1040.6</ele>
        <time>2026-08-19T12:12:29Z</time>
        <extensions>
          <gpxtpx:TrackPointExtension>
            <gpxtpx:hr>149</gpxtpx:hr>
            <gpxtpx:cad>85</gpxtpx:cad>
            <gpxtpx:atemp>17.2</gpxtpx:atemp>
          </gpxtpx:TrackPointExtension>
        </extensions>
      </trkpt>
      <trkpt lat="51.0552713" lon="-114.0517150">
        <ele>1040.0</ele>
        <time>2026-08-19T12:12:30Z</time>
        <extensions>
          <gpxtpx:TrackPointExtension>
            <gpxtpx:hr>148</gpxtpx:hr>
            <gpxtpx:cad>86</gpxtpx:cad>
            <gpxtpx:atemp>17.3</gpxtpx:atemp>
          </gpxtpx:TrackPointExtension>
        </extensions>
      </trkpt>
      <trkpt lat="51.0552697" lon="-114.0516453">
        <ele>1040.3</ele>
        <time>2026-08-19T12:12:31Z</time>
        <extensions>
          <gpxtpx:TrackPointExtension>
            <gpxtpx:hr>147</gpxtpx:hr>
            <gpxtpx:cad>84</gpxtpx:cad>
            <gpxtpx:atemp>17.1</gpxtpx:atemp>
          </gpxtpx:TrackPointExtension>
        </extensions>
      </trkpt>
      <trkpt lat="51.0552921" lon="-114.0516062">
        <ele>1039.9</ele>
        <time>2026-08-19T12:12:32Z</time>
        <extensions>
          <gpxtpx:TrackPointExtension>
            <gpxtpx:hr>147</gpxtpx:hr>
            <gpxtpx:cad>86</gpxtpx:cad>
            <gpxtpx:atemp>16.6</gpxtpx:atemp>
          </gpxtpx:TrackPointExtension>
        </extensions>
      </trkpt>
      <trkpt lat="51.0552880" lon="-114.0515727">
        <ele>1040.7</ele>
        <time>2026-08-19T12:12:33Z</time>
        <extensions>
          <gpxtpx:TrackPointExtension>
            <gpxtpx:hr>148</gpxtpx:hr>
            <gpxtpx:cad>84</gpxtpx:cad>
            <gpxtpx:atemp>16.8</gpxtpx:atemp>
          </gpxtpx:TrackPointExtension>
        </extensions>
      </trkpt>
      <trkpt lat="51.0552792" lon="-114.0515328">
        <ele>1040.3</ele>
        <time>2026-08-19T12:12:34Z</time>
        <extensions>
          <gpxtpx:TrackPointExtension>
            <gpxtpx:hr>148</gpxtpx:hr>
            <gpxtpx:cad>86</gpxtpx:cad>
            <gpxtpx:atemp>17.0</gpxtpx:atemp>
          </gpxtpx:TrackPointExtension>
        </extensions>
      </trkpt>
      <trkpt lat="51.0552629" lon="-114.0514789">
        <ele>1040.3</ele>
        <time>2026-08-19T12:12:35Z</time>
        <extensions>
          <gpxtpx:TrackPointExtension>
            <gpxtpx:hr>149</gpxtpx:hr>
            <gpxtpx:cad>87</gpxtpx:cad>
            <gpxtpx:atemp>17.0</gpxtpx:atemp>
          </gpxtpx:TrackPointExtension>
        </extensions>
      </trkpt>
      <trkpt lat="51.0552713" lon="-114.0514220">
        <ele>1040.5</ele>
        <time>2026-08-19T12:12:36Z</time>
        <extensions>
          <gpxtpx:TrackPointExtension>
            <gpxtpx:hr>149</gpxtpx:hr>
            <gpxtpx:cad>86</gpxtpx:cad>
            <gpxtpx:atemp>17.2</gpxtpx:atemp>
          </gpxtpx:TrackPointExtension>
        </extensions>
      </trkpt>
      <trkpt lat="51.0552591" lon="-114.0513981">
        <ele>1040.5</ele>
        <time>2026-08-19T12:12:37Z</time>
        <extensions>
          <gpxtpx:TrackPointExtension>
            <gpxtpx:hr>149</gpxtpx:hr>
            <gpxtpx:cad>86</gpxtpx:cad>
            <gpxtpx:atemp>17.0</gpxtpx:atemp>
          </gpxtpx:TrackPointExtension>
        </extensions>
      </trkpt>
      <trkpt lat="51.0552549" lon="-114.0513512">
        <ele>1040.4</ele>
        <time>2026-08-19T12:12:38Z</time>
        <extensions>
          <gpxtpx:TrackPointExtension>
            <gpxtpx:hr>148</gpxtpx:hr>
            <gpxtpx:cad>88</gpxtpx:cad>
            <gpxtpx:atemp>16.8</gpxtpx:atemp>
          </gpxtpx:TrackPointExtension>
        </extensions>
      </trkpt>
      <trkpt lat="51.0552590" lon="-114.0513294">
        <ele>1040.6</ele>
        <time>2026-08-19T12:12:39Z</time>
        <extensions>
          <gpxtpx:TrackPointExtension>
            <gpxtpx:hr>148</gpxtpx:hr>
            <gpxtpx:cad>88</gpxtpx:cad>
            <gpxtpx:atemp>17.7</gpxtpx:atemp>
          </gpxtpx:TrackPointExtension>
        </extensions>
      </trkpt>
      <trkpt lat="51.0552476" lon="-114.0512926">
        <ele>1040.7</ele>
        <time>2026-08-19T12:12:40Z</time>
        <extensions>
          <gpxtpx:TrackPointExtension>
            <gpxtpx:hr>149</gpxtpx:hr>
            <gpxtpx:cad>84</gpxtpx:cad>
            <gpxtpx:atemp>17.2</gpxtpx:atemp>
          </gpxtpx:TrackPointExtension>
        </extensions>
      </trkpt>
      <trkpt lat="51.0552434" lon="-114.0512413">
        <ele>1040.4</ele>
        <time>2026-08-19T12:12:41Z</time>
        <extensions>
          <gpxtpx:TrackPointExtension>
            <gpxtpx:hr>149</gpxtpx:hr>
            <gpxtpx:cad>87</gpxtpx:cad>
            <gpxtpx:atemp>17.3</gpxtpx:atemp>
          </gpxtpx:TrackPointExtension>
        </extensions>
      </trkpt>
      <trkpt lat="51.0552550" lon="-114.0511725">
        <ele>1040.6</ele>
        <time>2026-08-19T12:12:42Z</time>
        <extensions>
          <gpxtpx:TrackPointExtension>
            <gpxtpx:hr>149</gpxtpx:hr>
            <gpxtpx:cad>89</gpxtpx:cad>
            <gpxtpx:atemp>17.0</gpxtpx:atemp>
          </gpxtpx:TrackPointExtension>
        </extensions>
      </trkpt>
      <trkpt lat="51.0552638" lon="-114.0510975">
        <ele>1040.6</ele>
        <time>2026-08-19T12:12:43Z</time>
        <extensions>
          <gpxtpx:TrackPointExtension>
            <gpxtpx:hr>149</gpxtpx:hr>
            <gpxtpx:cad>86</gpxtpx:cad>
            <gpxtpx:atemp>16.9</gpxtpx:atemp>
          </gpxtpx:TrackPointExtension>
        </extensions>
      </trkpt>
      <trkpt lat="51.0552917" lon="-114.0510642">
        <ele>1041.0</ele>
        <time>2026-08-19T12:12:44Z</time>
        <extensions>
          <gpxtpx:TrackPointExtension>
            <gpxtpx:hr>149</gpxtpx:hr>
            <gpxtpx:cad>87</gpxtpx:cad>
            <gpxtpx:atemp>16.4</gpxtpx:atemp>
          </gpxtpx:TrackPointExtension>
        </extensions>
      </trkpt>
      <trkpt lat="51.0553134" lon="-114.0510134">
        <ele>1041.1</ele>
        <time>2026-08-19T12:12:45Z</time>
        <extensions>
          <gpxtpx:TrackPointExtension>
            <gpxtpx:hr>149</gpxtpx:hr>
            <gpxtpx:cad>86</gpxtpx:cad>
            <gpxtpx:atemp>17.2</gpxtpx:atemp>
          </gpxtpx:TrackPointExtension>
        </extensions>
      </trkpt>
      <trkpt lat="51.0553054" lon="-114.0509928">
        <ele>1041.0</ele>
        <time>2026-08-19T12:12:46Z</time>
        <extensions>
          <gpxtpx:TrackPointExtension>
            <gpxtpx:hr>149</gpxtpx:hr>
            <gpxtpx:cad>87</gpxtpx:cad>
            <gpxtpx:atemp>16.8</gpxtpx:atemp>
          </gpxtpx:TrackPointExtension>
        </extensions>
      </trkpt>
      <trkpt lat="51.0553167" lon="-114.0509426">
        <ele>1040.7</ele>
        <time>2026-08-19T12:12:47Z</time>
        <extensions>
          <gpxtpx:TrackPointExtension>
            <gpxtpx:hr>149</gpxtpx:hr>
            <gpxtpx:cad>86</gpxtpx:cad>
            <gpxtpx:atemp>17.1</gpxtpx:atemp>
          </gpxtpx:TrackPointExtension>
        </extensions>
      </trkpt>
      <trkpt lat="51.0553338" lon="-114.0508902">
        <ele>1040.4</ele>
        <time>2026-08-19T12:12:48Z</time>
        <extensions>
          <gpxtpx:TrackPointExtension>
            <gpxtpx:hr>148</gpxtpx:hr>
            <gpxtpx:cad>86</gpxtpx:cad>
            <gpxtpx:atemp>16.7</gpxtpx:atemp>
          </gpxtpx:TrackPointExtension>
        </extensions>
      </trkpt>
      <trkpt lat="51.0553467" lon="-114.0508667">
        <ele>1040.1</ele>
        <time>2026-08-19T12:12:49Z</time>
        <extensions>
          <gpxtpx:TrackPointExtension>
            <gpxtpx:hr>147</gpxtpx:hr>
            <gpxtpx:cad>86</gpxtpx:cad>
            <gpxtpx:atemp>17.3</gpxtpx:atemp>
          </gpxtpx:TrackPointExtension>
        </extensions>
      </trkpt>
      <trkpt lat="51.0553516" lon="-114.0508572">
        <ele>1039.8</ele>
        <time>2026-08-19T12:12:50Z</time>
        <extensions>
          <gpxtpx:TrackPointExtension>
            <gpxtpx:hr>148</gpxtpx:hr>
            <gpxtpx:cad>85</gpxtpx:cad>
            <gpxtpx:atemp>16.9</gpxtpx:atemp>
          </gpxtpx:TrackPointExtension>
        </extensions>
      </trkpt>
      <trkpt lat="51.0553575" lon="-114.0507876">
        <ele>1040.0</ele>
        <time>2026-08-19T12:12:51Z</time>
        <extensions>
          <gpxtpx:TrackPointExtension>
            <gpxtpx:hr>148</gpxtpx:hr>
            <gpxtpx:cad>87</gpxtpx:cad>
            <gpxtpx:atemp>17.6</gpxtpx:atemp>
          </gpxtpx:TrackPointExtension>
        </extensions>
      </trkpt>
      <trkpt lat="51.0553909" lon="-114.0507325">
        <ele>1040.7</ele>
        <time>2026-08-19T12:12:52Z</time>
        <extensions>
          <gpxtpx:TrackPointExtension>
            <gpxtpx:hr>148</gpxtpx:hr>
            <gpxtpx:cad>86</gpxtpx:cad>
            <gpxtpx:atemp>16.9</gpxtpx:atemp>
          </gpxtpx:TrackPointExtension>
        </extensions>
      </trkpt>
      <trkpt lat="51.0554123" lon="-114.0506786">
        <ele>1040.4</ele>
        <time>2026-08-19T12:12:53Z</time>
        <extensions>
          <gpxtpx:TrackPointExtension>
            <gpxtpx:hr>148</gpxtpx:hr>
            <gpxtpx:cad>88</gpxtpx:cad>
            <gpxtpx:atemp>16.6</gpxtpx:atemp>
          </gpxtpx:TrackPointExtension>
        </extensions>
      </trkpt>
      <trkpt lat="51.0553908" lon="-114.0506633">
        <ele>1040.0</ele>
        <time>2026-08-19T12:12:54Z</time>
        <extensions>
          <gpxtpx:TrackPointExtension>
            <gpxtpx:hr>149</gpxtpx:hr>
            <gpxtpx:cad>86</gpxtpx:cad>
            <gpxtpx:atemp>17.0</gpxtpx:atemp>
          </gpxtpx:TrackPointExtension>
        </extensions>
      </trkpt>
      <trkpt lat="51.0553871" lon="-114.0506234">
        <ele>1041.1</ele>
        <time>2026-08-19T12:12:55Z</time>
        <extensions>
          <gpxtpx:TrackPointExtension>
            <gpxtpx:hr>149</gpxtpx:hr>
            <gpxtpx:cad>85</gpxtpx:cad>
            <gpxtpx:atemp>16.8</gpxtpx:atemp>
          </gpxtpx:TrackPointExtension>
        </extensions>
      </trkpt>
      <trkpt lat="51.0554003" lon="-114.0505602">
        <ele>1041.4</ele>
        <time>2026-08-19T12:12:56Z</time>
        <extensions>
          <gpxtpx:TrackPointExtension>
            <gpxtpx:hr>149</gpxtpx:hr>
            <gpxtpx:cad>87</gpxtpx:cad>
            <gpxtpx:atemp>17.3</gpxtpx:atemp>
          </gpxtpx:TrackPointExtension>
        </extensions>
      </trkpt>
      <trkpt lat="51.0554164" lon="-114.0505001">
        <ele>1041.3</ele>
        <time>2026-08-19T12:12:57Z</time>
        <extensions>
          <gpxtpx:TrackPointExtension>
            <gpxtpx:hr>149</gpxtpx:hr>
            <gpxtpx:cad>88</gpxtpx:cad>
            <gpxtpx:atemp>17.1</gpxtpx:atemp>
          </gpxtpx:TrackPointExtension>
        </extensions>
      </trkpt>
      <trkpt lat="51.0554361" lon="-114.0504407">
        <ele>1041.2</ele>
        <time>2026-08-19T12:12:58Z</time>
        <extensions>
          <gpxtpx:TrackPointExtension>
            <gpxtpx:hr>149</gpxtpx:hr>
            <gpxtpx:cad>85</gpxtpx:cad>
            <gpxtpx:atemp>17.1</gpxtpx:atemp>
          </gpxtpx:TrackPointExtension>
        </extensions>
      </trkpt>
      <trkpt lat="51.0554348" lon="-114.0503800">
        <ele>1042.8</ele>
        <time>2026-08-19T12:12:59Z</time>
        <extensions>
          <gpxtpx:TrackPointExtension>
            <gpxtpx:hr>149</gpxtpx:hr>
            <gpxtpx:cad>87</gpxtpx:cad>
            <gpxtpx:atemp>17.1</gpxtpx:atemp>
          </gpxtpx:TrackPointExtension>
        </extensions>
      </trkpt>
      <trkpt lat="51.0554613" lon="-114.0503239">
        <ele>1042.4</ele>
        <time>2026-08-19T12:13:00Z</time>
        <extensions>
          <gpxtpx:TrackPointExtension>
            <gpxtpx:hr>149</gpxtpx:hr>
            <gpxtpx:cad>88</gpxtpx:cad>
            <gpxtpx:atemp>16.7</gpxtpx:atemp>
          </gpxtpx:TrackPointExtension>
        </extensions>
      </trkpt>
      <trkpt lat="51.0554455" lon="-114.0502310">
        <ele>1042.2</ele>
        <time>2026-08-19T12:13:01Z</time>
        <extensions>
          <gpxtpx:TrackPointExtension>
            <gpxtpx:hr>148</gpxtpx:hr>
            <gpxtpx:cad>83</gpxtpx:cad>
            <gpxtpx:atemp>17.2</gpxtpx:atemp>
          </gpxtpx:TrackPointExtension>
        </extensions>
      </trkpt>
      <trkpt lat="51.0554524" lon="-114.0502032">
        <ele>1041.6</ele>
        <time>2026-08-19T12:13:02Z</time>
        <extensions>
          <gpxtpx:TrackPointExtension>
            <gpxtpx:hr>148</gpxtpx:hr>
            <gpxtpx:cad>86</gpxtpx:cad>
            <gpxtpx:atemp>17.2</gpxtpx:atemp>
          </gpxtpx:TrackPointExtension>
        </extensions>
      </trkpt>
      <trkpt lat="51.0554719" lon="-114.0501455">
        <ele>1041.2</ele>
        <time>2026-08-19T12:13:03Z</time>
        <extensions>
          <gpxtpx:TrackPointExtension>
            <gpxtpx:hr>149</gpxtpx:hr>
            <gpxtpx:cad>85</gpxtpx:cad>
            <gpxtpx:atemp>16.9</gpxtpx:atemp>
          </gpxtpx:TrackPointExtension>
        </extensions>
      </trkpt>
      <trkpt lat="51.0554814" lon="-114.0501286">
        <ele>1041.2</ele>
        <time>2026-08-19T12:13:04Z</time>
        <extensions>
          <gpxtpx:TrackPointExtension>
            <gpxtpx:hr>149</gpxtpx:hr>
            <gpxtpx:cad>86</gpxtpx:cad>
            <gpxtpx:atemp>17.2</gpxtpx:atemp>
          </gpxtpx:TrackPointExtension>
        </extensions>
      </trkpt>
      <trkpt lat="51.0554820" lon="-114.0501037">
        <ele>1041.0</ele>
        <time>2026-08-19T12:13:05Z</time>
        <extensions>
          <gpxtpx:TrackPointExtension>
            <gpxtpx:hr>149</gpxtpx:hr>
            <gpxtpx:cad>86</gpxtpx:cad>
            <gpxtpx:atemp>17.0</gpxtpx:atemp>
          </gpxtpx:TrackPointExtension>
        </extensions>
      </trkpt>
      <trkpt lat="51.0554842" lon="-114.0500505">
        <ele>1040.6</ele>
        <time>2026-08-19T12:13:06Z</time>
        <extensions>
          <gpxtpx:TrackPointExtension>
            <gpxtpx:hr>149</gpxtpx:hr>
            <gpxtpx:cad>85</gpxtpx:cad>
            <gpxtpx:atemp>16.8</gpxtpx:atemp>
          </gpxtpx:TrackPointExtension>
        </extensions>
      </trkpt>
      <trkpt lat="51.0554957" lon="-114.0500224">
        <ele>1040.4</ele>
        <time>2026-08-19T12:13:07Z</time>
        <extensions>
          <gpxtpx:TrackPointExtension>
            <gpxtpx:hr>149</gpxtpx:hr>
            <gpxtpx:cad>83</gpxtpx:cad>
            <gpxtpx:atemp>17.1</gpxtpx:atemp>
          </gpxtpx:TrackPointExtension>
        </extensions>
      </trkpt>
      <trkpt lat="51.0555091" lon="-114.0499813">
        <ele>1040.2</ele>
        <time>2026-08-19T12:13:08Z</time>
        <extensions>
          <gpxtpx:TrackPointExtension>
            <gpxtpx:hr>149</gpxtpx:hr>
            <gpxtpx:cad>87</gpxtpx:cad>
            <gpxtpx:atemp>17.0</gpxtpx:atemp>
          </gpxtpx:TrackPointExtension>
        </extensions>
      </trkpt>
      <trkpt lat="51.0555149" lon="-114.0499328">
        <ele>1039.4</ele>
        <time>2026-08-19T12:13:09Z</time>
        <extensions>
          <gpxtpx:TrackPointExtension>
            <gpxtpx:hr>149</gpxtpx:hr>
            <gpxtpx:cad>85</gpxtpx:cad>
            <gpxtpx:atemp>16.8</gpxtpx:atemp>
          </gpxtpx:TrackPointExtension>
        </extensions>
      </trkpt>
      <trkpt lat="51.0555150" lon="-114.0498884">
        <ele>1039.1</ele>
        <time>2026-08-19T12:13:10Z</time>
        <extensions>
          <gpxtpx:TrackPointExtension>
            <gpxtpx:hr>149</gpxtpx:hr>
            <gpxtpx:cad>86</gpxtpx:cad>
            <gpxtpx:atemp>17.1</gpxtpx:atemp>
          </gpxtpx:TrackPointExtension>
        </extensions>
      </trkpt>
      <trkpt lat="51.0555221" lon="-114.0498417">
        <ele>1040.0</ele>
        <time>2026-08-19T12:13:11Z</time>
        <extensions>
          <gpxtpx:TrackPointExtension>
            <gpxtpx:hr>150</gpxtpx:hr>
            <gpxtpx:cad>83</gpxtpx:cad>
            <gpxtpx:atemp>16.6</gpxtpx:atemp>
          </gpxtpx:TrackPointExtension>
        </extensions>
      </trkpt>
      <trkpt lat="51.0555280" lon="-114.0497978">
        <ele>1040.2</ele>
        <time>2026-08-19T12:13:12Z</time>
        <extensions>
          <gpxtpx:TrackPointExtension>
            <gpxtpx:hr>150</gpxtpx:hr>
            <gpxtpx:cad>86</gpxtpx:cad>
            <gpxtpx:atemp>17.0</gpxtpx:atemp>
          </gpxtpx:TrackPointExtension>
        </extensions>
      </trkpt>
      <trkpt lat="51.0555450" lon="-114.0497807">
        <ele>1039.3</ele>
        <time>2026-08-19T12:13:13Z</time>
        <extensions>
          <gpxtpx:TrackPointExtension>
            <gpxtpx:hr>150</gpxtpx:hr>
            <gpxtpx:cad>86</gpxtpx:cad>
            <gpxtpx:atemp>16.6</gpxtpx:atemp>
          </gpxtpx:TrackPointExtension>
        </extensions>
      </trkpt>
      <trkpt lat="51.0555308" lon="-114.0497197">
        <ele>1039.5</ele>
        <time>2026-08-19T12:13:14Z</time>
        <extensions>
          <gpxtpx:TrackPointExtension>
            <gpxtpx:hr>149</gpxtpx:hr>
            <gpxtpx:cad>86</gpxtpx:cad>
            <gpxtpx:atemp>16.9</gpxtpx:atemp>
          </gpxtpx:TrackPointExtension>
        </extensions>
      </trkpt>
      <trkpt lat="51.0555445" lon="-114.0496867">
        <ele>1039.5</ele>
        <time>2026-08-19T12:13:15Z</time>
        <extensions>
          <gpxtpx:TrackPointExtension>
            <gpxtpx:hr>150</gpxtpx:hr>
            <gpxtpx:cad>85</gpxtpx:cad>
            <gpxtpx:atemp>16.9</gpxtpx:atemp>
          </gpxtpx:TrackPointExtension>
        </extensions>
      </trkpt>
      <trkpt lat="51.0555584" lon="-114.0496077">
        <ele>1040.7</ele>
        <time>2026-08-19T12:13:16Z</time>
        <extensions>
          <gpxtpx:TrackPointExtension>
            <gpxtpx:hr>149</gpxtpx:hr>
            <gpxtpx:cad>88</gpxtpx:cad>
            <gpxtpx:atemp>17.4</gpxtpx:atemp>
          </gpxtpx:TrackPointExtension>
        </extensions>
      </trkpt>
      <trkpt lat="51.0555636" lon="-114.0495661">
        <ele>1040.5</ele>
        <time>2026-08-19T12:13:17Z</time>
        <extensions>
          <gpxtpx:TrackPointExtension>
            <gpxtpx:hr>149</gpxtpx:hr>
            <gpxtpx:cad>87</gpxtpx:cad>
            <gpxtpx:atemp>16.7</gpxtpx:atemp>
          </gpxtpx:TrackPointExtension>
        </extensions>
      </trkpt>
      <trkpt lat="51.0555566" lon="-114.0495121">
        <ele>1041.3</ele>
        <time>2026-08-19T12:13:18Z</time>
        <extensions>
          <gpxtpx:TrackPointExtension>
            <gpxtpx:hr>150</gpxtpx:hr>
            <gpxtpx:cad>86</gpxtpx:cad>
            <gpxtpx:atemp>16.9</gpxtpx:atemp>
          </gpxtpx:TrackPointExtension>
        </extensions>
      </trkpt>
      <trkpt lat="51.0555630" lon="-114.0494850">
        <ele>1041.9</ele>
        <time>2026-08-19T12:13:19Z</time>
        <extensions>
          <gpxtpx:TrackPointExtension>
            <gpxtpx:hr>148</gpxtpx:hr>
            <gpxtpx:cad>87</gpxtpx:cad>
            <gpxtpx:atemp>17.0</gpxtpx:atemp>
          </gpxtpx:TrackPointExtension>
        </extensions>
      </trkpt>
      <trkpt lat="51.0555796" lon="-114.0494590">
        <ele>1041.1</ele>
        <time>2026-08-19T12:13:20Z</time>
        <extensions>
          <gpxtpx:TrackPointExtension>
            <gpxtpx:hr>148</gpxtpx:hr>
            <gpxtpx:cad>85</gpxtpx:cad>
            <gpxtpx:atemp>17.0</gpxtpx:atemp>
          </gpxtpx:TrackPointExtension>
        </extensions>
      </trkpt>
      <trkpt lat="51.0555688" lon="-114.0494287">
        <ele>1041.4</ele>
        <time>2026-08-19T12:13:21Z</time>
        <extensions>
          <gpxtpx:TrackPointExtension>
            <gpxtpx:hr>149</gpxtpx:hr>
            <gpxtpx:cad>86</gpxtpx:cad>
            <gpxtpx:atemp>16.6</gpxtpx:atemp>
          </gpxtpx:TrackPointExtension>
        </extensions>
      </trkpt>
      <trkpt lat="51.0555647" lon="-114.0493437">
        <ele>1040.3</ele>
        <time>2026-08-19T12:13:22Z</time>
        <extensions>
          <gpxtpx:TrackPointExtension>
            <gpxtpx:hr>149</gpxtpx:hr>
            <gpxtpx:cad>86</gpxtpx:cad>
            <gpxtpx:atemp>16.9</gpxtpx:atemp>
          </gpxtpx:TrackPointExtension>
        </extensions>
      </trkpt>
      <trkpt lat="51.0555851" lon="-114.0493201">
        <ele>1040.3</ele>
        <time>2026-08-19T12:13:23Z</time>
        <extensions>
          <gpxtpx:TrackPointExtension>
            <gpxtpx:hr>149</gpxtpx:hr>
            <gpxtpx:cad>87</gpxtpx:cad>
            <gpxtpx:atemp>17.2</gpxtpx:atemp>
          </gpxtpx:TrackPointExtension>
        </extensions>
      </trkpt>
      <trkpt lat="51.0555712" lon="-114.0493030">
        <ele>1040.8</ele>
        <time>2026-08-19T12:13:24Z</time>
        <extensions>
          <gpxtpx:TrackPointExtension>
            <gpxtpx:hr>149</gpxtpx:hr>
            <gpxtpx:cad>82</gpxtpx:cad>
            <gpxtpx:atemp>16.6</gpxtpx:atemp>
          </gpxtpx:TrackPointExtension>
        </extensions>
      </trkpt>
      <trkpt lat="51.0555779" lon="-114.0492506">
        <ele>1041.1</ele>
        <time>2026-08-19T12:13:25Z</time>
        <extensions>
          <gpxtpx:TrackPointExtension>
            <gpxtpx:hr>149</gpxtpx:hr>
            <gpxtpx:cad>87</gpxtpx:cad>
            <gpxtpx:atemp>17.5</gpxtpx:atemp>
          </gpxtpx:TrackPointExtension>
        </extensions>
      </trkpt>
      <trkpt lat="51.0555761" lon="-114.0491490">
        <ele>1040.9</ele>
        <time>2026-08-19T12:13:26Z</time>
        <extensions>
          <gpxtpx:TrackPointExtension>
            <gpxtpx:hr>149</gpxtpx:hr>
            <gpxtpx:cad>87</gpxtpx:cad>
            <gpxtpx:atemp>17.0</gpxtpx:atemp>
          </gpxtpx:TrackPointExtension>
        </extensions>
      </trkpt>
      <trkpt lat="51.0555828" lon="-114.0490743">
        <ele>1041.7</ele>
        <time>2026-08-19T12:13:27Z</time>
        <extensions>
          <gpxtpx:TrackPointExtension>
            <gpxtpx:hr>150</gpxtpx:hr>
            <gpxtpx:cad>87</gpxtpx:cad>
            <gpxtpx:atemp>17.0</gpxtpx:atemp>
          </gpxtpx:TrackPointExtension>
        </extensions>
      </trkpt>
      <trkpt lat="51.0555682" lon="-114.0490290">
        <ele>1041.0</ele>
        <time>2026-08-19T12:13:28Z</time>
        <extensions>
          <gpxtpx:TrackPointExtension>
            <gpxtpx:hr>150</gpxtpx:hr>
            <gpxtpx:cad>85</gpxtpx:cad>
            <gpxtpx:atemp>17.2</gpxtpx:atemp>
          </gpxtpx:TrackPointExtension>
        </extensions>
      </trkpt>
      <trkpt lat="51.0555786" lon="-114.0489814">
        <ele>1041.6</ele>
        <time>2026-08-19T12:13:29Z</time>
        <extensions>
          <gpxtpx:TrackPointExtension>
            <gpxtpx:hr>150</gpxtpx:hr>
            <gpxtpx:cad>85</gpxtpx:cad>
            <gpxtpx:atemp>17.1</gpxtpx:atemp>
          </gpxtpx:TrackPointExtension>
        </extensions>
      </trkpt>
      <trkpt lat="51.0555920" lon="-114.0489642">
        <ele>1041.2</ele>
        <time>2026-08-19T12:13:30Z</time>
        <extensions>
          <gpxtpx:TrackPointExtension>
            <gpxtpx:hr>150</gpxtpx:hr>
            <gpxtpx:cad>88</gpxtpx:cad>
            <gpxtpx:atemp>16.9</gpxtpx:atemp>
          </gpxtpx:TrackPointExtension>
        </extensions>
      </trkpt>
      <trkpt lat="51.0556186" lon="-114.0489464">
        <ele>1041.4</ele>
        <time>2026-08-19T12:13:31Z</time>
        <extensions>
          <gpxtpx:TrackPointExtension>
            <gpxtpx:hr>150</gpxtpx:hr>
            <gpxtpx:cad>87</gpxtpx:cad>
            <gpxtpx:atemp>16.8</gpxtpx:atemp>
          </gpxtpx:TrackPointExtension>
        </extensions>
      </trkpt>
      <trkpt lat="51.0556357" lon="-114.0489013">
        <ele>1041.3</ele>
        <time>2026-08-19T12:13:32Z</time>
        <extensions>
          <gpxtpx:TrackPointExtension>
            <gpxtpx:hr>151</gpxtpx:hr>
            <gpxtpx:cad>87</gpxtpx:cad>
            <gpxtpx:atemp>17.1</gpxtpx:atemp>
          </gpxtpx:TrackPointExtension>
        </extensions>
      </trkpt>
      <trkpt lat="51.0556421" lon="-114.0488237">
        <ele>1040.6</ele>
        <time>2026-08-19T12:13:33Z</time>
        <extensions>
          <gpxtpx:TrackPointExtension>
            <gpxtpx:hr>151</gpxtpx:hr>
            <gpxtpx:cad>86</gpxtpx:cad>
            <gpxtpx:atemp>16.8</gpxtpx:atemp>
          </gpxtpx:TrackPointExtension>
        </extensions>
      </trkpt>
      <trkpt lat="51.0556620" lon="-114.0487494">
        <ele>1040.5</ele>
        <time>2026-08-19T12:13:34Z</time>
        <extensions>
          <gpxtpx:TrackPointExtension>
            <gpxtpx:hr>151</gpxtpx:hr>
            <gpxtpx:cad>87</gpxtpx:cad>
            <gpxtpx:atemp>17.1</gpxtpx:atemp>
          </gpxtpx:TrackPointExtension>
        </extensions>
      </trkpt>
      <trkpt lat="51.0556616" lon="-114.0487158">
        <ele>1040.8</ele>
        <time>2026-08-19T12:13:35Z</time>
        <extensions>
          <gpxtpx:TrackPointExtension>
            <gpxtpx:hr>151</gpxtpx:hr>
            <gpxtpx:cad>86</gpxtpx:cad>
            <gpxtpx:atemp>17.0</gpxtpx:atemp>
          </gpxtpx:TrackPointExtension>
        </extensions>
      </trkpt>
      <trkpt lat="51.0556688" lon="-114.0486853">
        <ele>1040.5</ele>
        <time>2026-08-19T12:13:36Z</time>
        <extensions>
          <gpxtpx:TrackPointExtension>
            <gpxtpx:hr>152</gpxtpx:hr>
            <gpxtpx:cad>88</gpxtpx:cad>
            <gpxtpx:atemp>17.0</gpxtpx:atemp>
          </gpxtpx:TrackPointExtension>
        </extensions>
      </trkpt>
      <trkpt lat="51.0556730" lon="-114.0486395">
        <ele>1039.9</ele>
        <time>2026-08-19T12:13:37Z</time>
        <extensions>
          <gpxtpx:TrackPointExtension>
            <gpxtpx:hr>152</gpxtpx:hr>
            <gpxtpx:cad>86</gpxtpx:cad>
            <gpxtpx:atemp>16.7</gpxtpx:atemp>
          </gpxtpx:TrackPointExtension>
        </extensions>
      </trkpt>
      <trkpt lat="51.0556720" lon="-114.0485866">
        <ele>1039.8</ele>
        <time>2026-08-19T12:13:38Z</time>
        <extensions>
          <gpxtpx:TrackPointExtension>
            <gpxtpx:hr>153</gpxtpx:hr>
            <gpxtpx:cad>86</gpxtpx:cad>
            <gpxtpx:atemp>16.8</gpxtpx:atemp>
          </gpxtpx:TrackPointExtension>
        </extensions>
      </trkpt>
      <trkpt lat="51.0556709" lon="-114.0485250">
        <ele>1040.4</ele>
        <time>2026-08-19T12:13:39Z</time>
        <extensions>
          <gpxtpx:TrackPointExtension>
            <gpxtpx:hr>152</gpxtpx:hr>
            <gpxtpx:cad>87</gpxtpx:cad>
            <gpxtpx:atemp>16.9</gpxtpx:atemp>
          </gpxtpx:TrackPointExtension>
        </extensions>
      </trkpt>
      <trkpt lat="51.0556878" lon="-114.0484777">
        <ele>1039.8</ele>
        <time>2026-08-19T12:13:40Z</time>
        <extensions>
          <gpxtpx:TrackPointExtension>
            <gpxtpx:hr>152</gpxtpx:hr>
            <gpxtpx:cad>86</gpxtpx:cad>
            <gpxtpx:atemp>16.7</gpxtpx:atemp>
          </gpxtpx:TrackPointExtension>
        </extensions>
      </trkpt>
      <trkpt lat="51.0556823" lon="-114.0484186">
        <ele>1038.9</ele>
        <time>2026-08-19T12:13:41Z</time>
        <extensions>
          <gpxtpx:TrackPointExtension>
            <gpxtpx:hr>152</gpxtpx:hr>
            <gpxtpx:cad>86</gpxtpx:cad>
            <gpxtpx:atemp>16.9</gpxtpx:atemp>
          </gpxtpx:TrackPointExtension>
        </extensions>
      </trkpt>
      <trkpt lat="51.0556936" lon="-114.0483528">
        <ele>1038.1</ele>
        <time>2026-08-19T12:13:42Z</time>
        <extensions>
          <gpxtpx:TrackPointExtension>
            <gpxtpx:hr>151</gpxtpx:hr>
            <gpxtpx:cad>86</gpxtpx:cad>
            <gpxtpx:atemp>16.9</gpxtpx:atemp>
          </gpxtpx:TrackPointExtension>
        </extensions>
      </trkpt>
      <trkpt lat="51.0557026" lon="-114.0483253">
        <ele>1038.0</ele>
        <time>2026-08-19T12:13:43Z</time>
        <extensions>
          <gpxtpx:TrackPointExtension>
            <gpxtpx:hr>152</gpxtpx:hr>
            <gpxtpx:cad>88</gpxtpx:cad>
            <gpxtpx:atemp>16.9</gpxtpx:atemp>
          </gpxtpx:TrackPointExtension>
        </extensions>
      </trkpt>
      <trkpt lat="51.0557014" lon="-114.0482580">
        <ele>1038.2</ele>
        <time>2026-08-19T12:13:44Z</time>
        <extensions>
          <gpxtpx:TrackPointExtension>
            <gpxtpx:hr>152</gpxtpx:hr>
            <gpxtpx:cad>89</gpxtpx:cad>
            <gpxtpx:atemp>17.2</gpxtpx:atemp>
          </gpxtpx:TrackPointExtension>
        </extensions>
      </trkpt>
      <trkpt lat="51.0557063" lon="-114.0482337">
        <ele>1038.5</ele>
        <time>2026-08-19T12:13:45Z</time>
        <extensions>
          <gpxtpx:TrackPointExtension>
            <gpxtpx:hr>151</gpxtpx:hr>
            <gpxtpx:cad>86</gpxtpx:cad>
            <gpxtpx:atemp>17.2</gpxtpx:atemp>
          </gpxtpx:TrackPointExtension>
        </extensions>
      </trkpt>
      <trkpt lat="51.0557117" lon="-114.0481936">
        <ele>1039.3</ele>
        <time>2026-08-19T12:13:46Z</time>
        <extensions>
          <gpxtpx:TrackPointExtension>
            <gpxtpx:hr>151</gpxtpx:hr>
            <gpxtpx:cad>89</gpxtpx:cad>
            <gpxtpx:atemp>16.8</gpxtpx:atemp>
          </gpxtpx:TrackPointExtension>
        </extensions>
      </trkpt>
      <trkpt lat="51.0557025" lon="-114.0481246">
        <ele>1040.2</ele>
        <time>2026-08-19T12:13:47Z</time>
        <extensions>
          <gpxtpx:TrackPointExtension>
            <gpxtpx:hr>150</gpxtpx:hr>
            <gpxtpx:cad>87</gpxtpx:cad>
            <gpxtpx:atemp>16.9</gpxtpx:atemp>
          </gpxtpx:TrackPointExtension>
        </extensions>
      </trkpt>
      <trkpt lat="51.0557230" lon="-114.0480537">
        <ele>1040.4</ele>
        <time>2026-08-19T12:13:48Z</time>
        <extensions>
          <gpxtpx:TrackPointExtension>
            <gpxtpx:hr>150</gpxtpx:hr>
            <gpxtpx:cad>86</gpxtpx:cad>
            <gpxtpx:atemp>16.7</gpxtpx:atemp>
          </gpxtpx:TrackPointExtension>
        </extensions>
      </trkpt>
      <trkpt lat="51.0557090" lon="-114.0479944">
        <ele>1041.0</ele>
        <time>2026-08-19T12:13:49Z</time>
        <extensions>
          <gpxtpx:TrackPointExtension>
            <gpxtpx:hr>150</gpxtpx:hr>
            <gpxtpx:cad>87</gpxtpx:cad>
            <gpxtpx:atemp>16.8</gpxtpx:atemp>
          </gpxtpx:TrackPointExtension>
        </extensions>
      </trkpt>
      <trkpt lat="51.0557344" lon="-114.0479452">
        <ele>1040.2</ele>
        <time>2026-08-19T12:13:50Z</time>
        <extensions>
          <gpxtpx:TrackPointExtension>
            <gpxtpx:hr>149</gpxtpx:hr>
            <gpxtpx:cad>87</gpxtpx:cad>
            <gpxtpx:atemp>16.8</gpxtpx:atemp>
          </gpxtpx:TrackPointExtension>
        </extensions>
      </trkpt>
      <trkpt lat="51.0557568" lon="-114.0478823">
        <ele>1040.2</ele>
        <time>2026-08-19T12:13:51Z</time>
        <extensions>
          <gpxtpx:TrackPointExtension>
            <gpxtpx:hr>150</gpxtpx:hr>
            <gpxtpx:cad>87</gpxtpx:cad>
            <gpxtpx:atemp>16.8</gpxtpx:atemp>
          </gpxtpx:TrackPointExtension>
        </extensions>
      </trkpt>
      <trkpt lat="51.0557594" lon="-114.0478655">
        <ele>1039.0</ele>
        <time>2026-08-19T12:13:52Z</time>
        <extensions>
          <gpxtpx:TrackPointExtension>
            <gpxtpx:hr>150</gpxtpx:hr>
            <gpxtpx:cad>85</gpxtpx:cad>
            <gpxtpx:atemp>17.0</gpxtpx:atemp>
          </gpxtpx:TrackPointExtension>
        </extensions>
      </trkpt>
      <trkpt lat="51.0557869" lon="-114.0478000">
        <ele>1039.0</ele>
        <time>2026-08-19T12:13:53Z</time>
        <extensions>
          <gpxtpx:TrackPointExtension>
            <gpxtpx:hr>151</gpxtpx:hr>
            <gpxtpx:cad>88</gpxtpx:cad>
            <gpxtpx:atemp>16.9</gpxtpx:atemp>
          </gpxtpx:TrackPointExtension>
        </extensions>
      </trkpt>
      <trkpt lat="51.0557903" lon="-114.0477716">
        <ele>1038.8</ele>
        <time>2026-08-19T12:13:54Z</time>
        <extensions>
          <gpxtpx:TrackPointExtension>
            <gpxtpx:hr>151</gpxtpx:hr>
            <gpxtpx:cad>84</gpxtpx:cad>
            <gpxtpx:atemp>17.1</gpxtpx:atemp>
          </gpxtpx:TrackPointExtension>
        </extensions>
      </trkpt>
      <trkpt lat="51.0557959" lon="-114.0477280">
        <ele>1038.4</ele>
        <time>2026-08-19T12:13:55Z</time>
        <extensions>
          <gpxtpx:TrackPointExtension>
            <gpxtpx:hr>151</gpxtpx:hr>
            <gpxtpx:cad>88</gpxtpx:cad>
            <gpxtpx:atemp>16.9</gpxtpx:atemp>
          </gpxtpx:TrackPointExtension>
        </extensions>
      </trkpt>
      <trkpt lat="51.0557803" lon="-114.0476582">
        <ele>1039.5</ele>
        <time>2026-08-19T12:13:56Z</time>
        <extensions>
          <gpxtpx:TrackPointExtension>
            <gpxtpx:hr>151</gpxtpx:hr>
            <gpxtpx:cad>86</gpxtpx:cad>
            <gpxtpx:atemp>16.6</gpxtpx:atemp>
          </gpxtpx:TrackPointExtension>
        </extensions>
      </trkpt>
      <trkpt lat="51.0557970" lon="-114.0475869">
        <ele>1038.8</ele>
        <time>2026-08-19T12:13:57Z</time>
        <extensions>
          <gpxtpx:TrackPointExtension>
            <gpxtpx:hr>151</gpxtpx:hr>
            <gpxtpx:cad>85</gpxtpx:cad>
            <gpxtpx:atemp>17.3</gpxtpx:atemp>
          </gpxtpx:TrackPointExtension>
        </extensions>
      </trkpt>
      <trkpt lat="51.0558126" lon="-114.0475447">
        <ele>1039.4</ele>
        <time>2026-08-19T12:13:58Z</time>
        <extensions>
          <gpxtpx:TrackPointExtension>
            <gpxtpx:hr>151</gpxtpx:hr>
            <gpxtpx:cad>86</gpxtpx:cad>
            <gpxtpx:atemp>17.0</gpxtpx:atemp>
          </gpxtpx:TrackPointExtension>
        </extensions>
      </trkpt>
      <trkpt lat="51.0558036" lon="-114.0475117">
        <ele>1039.0</ele>
        <time>2026-08-19T12:13:59Z</time>
        <extensions>
          <gpxtpx:TrackPointExtension>
            <gpxtpx:hr>151</gpxtpx:hr>
            <gpxtpx:cad>86</gpxtpx:cad>
            <gpxtpx:atemp>16.7</gpxtpx:atemp>
          </gpxtpx:TrackPointExtension>
        </extensions>
      </trkpt>
      <trkpt lat="51.0557887" lon="-114.0474937">
        <ele>1039.5</ele>
        <time>2026-08-19T12:14:00Z</time>
        <extensions>
          <gpxtpx:TrackPointExtension>
            <gpxtpx:hr>151</gpxtpx:hr>
            <gpxtpx:cad>85</gpxtpx:cad>
            <gpxtpx:atemp>16.9</gpxtpx:atemp>
          </gpxtpx:TrackPointExtension>
        </extensions>
      </trkpt>
      <trkpt lat="51.0558076" lon="-114.0474198">
        <ele>1038.8</ele>
        <time>2026-08-19T12:14:01Z</time>
        <extensions>
          <gpxtpx:TrackPointExtension>
            <gpxtpx:hr>151</gpxtpx:hr>
            <gpxtpx:cad>89</gpxtpx:cad>
            <gpxtpx:atemp>17.2</gpxtpx:atemp>
          </gpxtpx:TrackPointExtension>
        </extensions>
      </trkpt>
      <trkpt lat="51.0558090" lon="-114.0474005">
        <ele>1038.5</ele>
        <time>2026-08-19T12:14:02Z</time>
        <extensions>
          <gpxtpx:TrackPointExtension>
            <gpxtpx:hr>151</gpxtpx:hr>
            <gpxtpx:cad>85</gpxtpx:cad>
            <gpxtpx:atemp>17.0</gpxtpx:atemp>
          </gpxtpx:TrackPointExtension>
        </extensions>
      </trkpt>
      <trkpt lat="51.0558160" lon="-114.0473508">
        <ele>1038.1</ele>
        <time>2026-08-19T12:14:03Z</time>
        <extensions>
          <gpxtpx:TrackPointExtension>
            <gpxtpx:hr>151</gpxtpx:hr>
            <gpxtpx:cad>87</gpxtpx:cad>
            <gpxtpx:atemp>16.8</gpxtpx:atemp>
          </gpxtpx:TrackPointExtension>
        </extensions>
      </trkpt>
      <trkpt lat="51.0558014" lon="-114.0473125">
        <ele>1038.6</ele>
        <time>2026-08-19T12:14:04Z</time>
        <extensions>
          <gpxtpx:TrackPointExtension>
            <gpxtpx:hr>150</gpxtpx:hr>
            <gpxtpx:cad>87</gpxtpx:cad>
            <gpxtpx:atemp>16.9</gpxtpx:atemp>
          </gpxtpx:TrackPointExtension>
        </extensions>
      </trkpt>
      <trkpt lat="51.0558030" lon="-114.0472528">
        <ele>1039.2</ele>
        <time>2026-08-19T12:14:05Z</time>
        <extensions>
          <gpxtpx:TrackPointExtension>
            <gpxtpx:hr>150</gpxtpx:hr>
            <gpxtpx:cad>87</gpxtpx:cad>
            <gpxtpx:atemp>16.6</gpxtpx:atemp>
          </gpxtpx:TrackPointExtension>
        </extensions>
      </trkpt>
      <trkpt lat="51.0558282" lon="-114.0472137">
        <ele>1039.4</ele>
        <time>2026-08-19T12:14:06Z</time>
        <extensions>
          <gpxtpx:TrackPointExtension>
            <gpxtpx:hr>151</gpxtpx:hr>
            <gpxtpx:cad>86</gpxtpx:cad>
            <gpxtpx:atemp>17.1</gpxtpx:atemp>
          </gpxtpx:TrackPointExtension>
        </extensions>
      </trkpt>
      <trkpt lat="51.0558534" lon="-114.0471661">
        <ele>1040.1</ele>
        <time>2026-08-19T12:14:07Z</time>
        <extensions>
          <gpxtpx:TrackPointExtension>
            <gpxtpx:hr>151</gpxtpx:hr>
            <gpxtpx:cad>87</gpxtpx:cad>
            <gpxtpx:atemp>16.9</gpxtpx:atemp>
          </gpxtpx:TrackPointExtension>
        </extensions>
      </trkpt>
      <trkpt lat="51.0558550" lon="-114.0470955">
        <ele>1039.6</ele>
        <time>2026-08-19T12:14:08Z</time>
        <extensions>
          <gpxtpx:TrackPointExtension>
            <gpxtpx:hr>151</gpxtpx:hr>
            <gpxtpx:cad>84</gpxtpx:cad>
            <gpxtpx:atemp>17.3</gpxtpx:atemp>
          </gpxtpx:TrackPointExtension>
        </extensions>
      </trkpt>
      <trkpt lat="51.0558642" lon="-114.0470417">
        <ele>1038.7</ele>
        <time>2026-08-19T12:14:09Z</time>
        <extensions>
          <gpxtpx:TrackPointExtension>
            <gpxtpx:hr>151</gpxtpx:hr>
            <gpxtpx:cad>86</gpxtpx:cad>
            <gpxtpx:atemp>17.0</gpxtpx:atemp>
          </gpxtpx:TrackPointExtension>
        </extensions>
      </trkpt>
      <trkpt lat="51.0558639" lon="-114.0469922">
        <ele>1039.5</ele>
        <time>2026-08-19T12:14:10Z</time>
        <extensions>
          <gpxtpx:TrackPointExtension>
            <gpxtpx:hr>151</gpxtpx:hr>
            <gpxtpx:cad>86</gpxtpx:cad>
            <gpxtpx:atemp>17.3</gpxtpx:atemp>
          </gpxtpx:TrackPointExtension>
        </extensions>
      </trkpt>
      <trkpt lat="51.0558835" lon="-114.0469515">
        <ele>1039.9</ele>
        <time>2026-08-19T12:14:11Z</time>
        <extensions>
          <gpxtpx:TrackPointExtension>
            <gpxtpx:hr>152</gpxtpx:hr>
            <gpxtpx:cad>88</gpxtpx:cad>
            <gpxtpx:atemp>17.3</gpxtpx:atemp>
          </gpxtpx:TrackPointExtension>
        </extensions>
      </trkpt>
      <trkpt lat="51.0558885" lon="-114.0469059">
        <ele>1040.2</ele>
        <time>2026-08-19T12:14:12Z</time>
        <extensions>
          <gpxtpx:TrackPointExtension>
            <gpxtpx:hr>151</gpxtpx:hr>
            <gpxtpx:cad>86</gpxtpx:cad>
            <gpxtpx:atemp>16.9</gpxtpx:atemp>
          </gpxtpx:TrackPointExtension>
        </extensions>
      </trkpt>
      <trkpt lat="51.0558913" lon="-114.0468813">
        <ele>1040.3</ele>
        <time>2026-08-19T12:14:13Z</time>
        <extensions>
          <gpxtpx:TrackPointExtension>
            <gpxtpx:hr>151</gpxtpx:hr>
            <gpxtpx:cad>86</gpxtpx:cad>
            <gpxtpx:atemp>17.0</gpxtpx:atemp>
          </gpxtpx:TrackPointExtension>
        </extensions>
      </trkpt>
      <trkpt lat="51.0559000" lon="-114.0468274">
        <ele>1040.7</ele>
        <time>2026-08-19T12:14:14Z</time>
        <extensions>
          <gpxtpx:TrackPointExtension>
            <gpxtpx:hr>150</gpxtpx:hr>
            <gpxtpx:cad>89</gpxtpx:cad>
            <gpxtpx:atemp>17.2</gpxtpx:atemp>
          </gpxtpx:TrackPointExtension>
        </extensions>
      </trkpt>
      <trkpt lat="51.0559135" lon="-114.0467945">
        <ele>1040.2</ele>
        <time>2026-08-19T12:14:15Z</time>
        <extensions>
          <gpxtpx:TrackPointExtension>
            <gpxtpx:hr>150</gpxtpx:hr>
            <gpxtpx:cad>87</gpxtpx:cad>
            <gpxtpx:atemp>16.5</gpxtpx:atemp>
          </gpxtpx:TrackPointExtension>
        </extensions>
      </trkpt>
      <trkpt lat="51.0559396" lon="-114.0467339">
        <ele>1040.3</ele>
        <time>2026-08-19T12:14:16Z</time>
        <extensions>
          <gpxtpx:TrackPointExtension>
            <gpxtpx:hr>150</gpxtpx:hr>
            <gpxtpx:cad>87</gpxtpx:cad>
            <gpxtpx:atemp>16.7</gpxtpx:atemp>
          </gpxtpx:TrackPointExtension>
        </extensions>
      </trkpt>
      <trkpt lat="51.0559358" lon="-114.0466975">
        <ele>1040.5</ele>
        <time>2026-08-19T12:14:17Z</time>
        <extensions>
          <gpxtpx:TrackPointExtension>
            <gpxtpx:hr>152</gpxtpx:hr>
            <gpxtpx:cad>86</gpxtpx:cad>
            <gpxtpx:atemp>17.1</gpxtpx:atemp>
          </gpxtpx:TrackPointExtension>
        </extensions>
      </trkpt>
      <trkpt lat="51.0559505" lon="-114.0466626">
        <ele>1040.8</ele>
        <time>2026-08-19T12:14:18Z</time>
        <extensions>
          <gpxtpx:TrackPointExtension>
            <gpxtpx:hr>152</gpxtpx:hr>
            <gpxtpx:cad>87</gpxtpx:cad>
            <gpxtpx:atemp>17.1</gpxtpx:atemp>
          </gpxtpx:TrackPointExtension>
        </extensions>
      </trkpt>
      <trkpt lat="51.0559407" lon="-114.0466156">
        <ele>1040.9</ele>
        <time>2026-08-19T12:14:19Z</time>
        <extensions>
          <gpxtpx:TrackPointExtension>
            <gpxtpx:hr>152</gpxtpx:hr>
            <gpxtpx:cad>88</gpxtpx:cad>
            <gpxtpx:atemp>17.0</gpxtpx:atemp>
          </gpxtpx:TrackPointExtension>
        </extensions>
      </trkpt>
      <trkpt lat="51.0559433" lon="-114.0465978">
        <ele>1040.7</ele>
        <time>2026-08-19T12:14:20Z</time>
        <extensions>
          <gpxtpx:TrackPointExtension>
            <gpxtpx:hr>153</gpxtpx:hr>
            <gpxtpx:cad>84</gpxtpx:cad>
            <gpxtpx:atemp>17.0</gpxtpx:atemp>
          </gpxtpx:TrackPointExtension>
        </extensions>
      </trkpt>
      <trkpt lat="51.0559582" lon="-114.0465437">
        <ele>1040.2</ele>
        <time>2026-08-19T12:14:21Z</time>
        <extensions>
          <gpxtpx:TrackPointExtension>
            <gpxtpx:hr>153</gpxtpx:hr>
            <gpxtpx:cad>87</gpxtpx:cad>
            <gpxtpx:atemp>17.1</gpxtpx:atemp>
          </gpxtpx:TrackPointExtension>
        </extensions>
      </trkpt>
      <trkpt lat="51.0559612" lon="-114.0464594">
        <ele>1040.3</ele>
        <time>2026-08-19T12:14:22Z</time>
        <extensions>
          <gpxtpx:TrackPointExtension>
            <gpxtpx:hr>154</gpxtpx:hr>
            <gpxtpx:cad>85</gpxtpx:cad>
            <gpxtpx:atemp>17.0</gpxtpx:atemp>
          </gpxtpx:TrackPointExtension>
        </extensions>
      </trkpt>
      <trkpt lat="51.0559613" lon="-114.0464099">
        <ele>1040.4</ele>
        <time>2026-08-19T12:14:23Z</time>
        <extensions>
          <gpxtpx:TrackPointExtension>
            <gpxtpx:hr>154</gpxtpx:hr>
            <gpxtpx:cad>86</gpxtpx:cad>
            <gpxtpx:atemp>16.9</gpxtpx:atemp>
          </gpxtpx:TrackPointExtension>
        </extensions>
      </trkpt>
      <trkpt lat="51.0559489" lon="-114.0463696">
        <ele>1040.1</ele>
        <time>2026-08-19T12:14:24Z</time>
        <extensions>
          <gpxtpx:TrackPointExtension>
            <gpxtpx:hr>154</gpxtpx:hr>
            <gpxtpx:cad>85</gpxtpx:cad>
            <gpxtpx:atemp>16.9</gpxtpx:atemp>
          </gpxtpx:TrackPointExtension>
        </extensions>
      </trkpt>
      <trkpt lat="51.0559510" lon="-114.0463393">
        <ele>1040.6</ele>
        <time>2026-08-19T12:14:25Z</time>
        <extensions>
          <gpxtpx:TrackPointExtension>
            <gpxtpx:hr>154</gpxtpx:hr>
            <gpxtpx:cad>86</gpxtpx:cad>
            <gpxtpx:atemp>17.1</gpxtpx:atemp>
          </gpxtpx:TrackPointExtension>
        </extensions>
      </trkpt>
      <trkpt lat="51.0559608" lon="-114.0462948">
        <ele>1041.3</ele>
        <time>2026-08-19T12:14:26Z</time>
        <extensions>
          <gpxtpx:TrackPointExtension>
            <gpxtpx:hr>154</gpxtpx:hr>
            <gpxtpx:cad>87</gpxtpx:cad>
            <gpxtpx:atemp>16.6</gpxtpx:atemp>
          </gpxtpx:TrackPointExtension>
        </extensions>
      </trkpt>
      <trkpt lat="51.0559448" lon="-114.0462110">
        <ele>1041.3</ele>
        <time>2026-08-19T12:14:27Z</time>
        <extensions>
          <gpxtpx:TrackPointExtension>
            <gpxtpx:hr>154</gpxtpx:hr>
            <gpxtpx:cad>86</gpxtpx:cad>
            <gpxtpx:atemp>17.0</gpxtpx:atemp>
          </gpxtpx:TrackPointExtension>
        </extensions>
      </trkpt>
      <trkpt lat="51.0559524" lon="-114.0461831">
        <ele>1040.8</ele>
        <time>2026-08-19T12:14:28Z</time>
        <extensions>
          <gpxtpx:TrackPointExtension>
            <gpxtpx:hr>154</gpxtpx:hr>
            <gpxtpx:cad>86</gpxtpx:cad>
            <gpxtpx:atemp>17.4</gpxtpx:atemp>
          </gpxtpx:TrackPointExtension>
        </extensions>
      </trkpt>
      <trkpt lat="51.0559748" lon="-114.0461376">
        <ele>1040.9</ele>
        <time>2026-08-19T12:14:29Z</time>
        <extensions>
          <gpxtpx:TrackPointExtension>
            <gpxtpx:hr>154</gpxtpx:hr>
            <gpxtpx:cad>85</gpxtpx:cad>
            <gpxtpx:atemp>16.9</gpxtpx:atemp>
          </gpxtpx:TrackPointExtension>
        </extensions>
      </trkpt>
      <trkpt lat="51.0559841" lon="-114.0460990">
        <ele>1040.5</ele>
        <time>2026-08-19T12:14:30Z</time>
        <extensions>
          <gpxtpx:TrackPointExtension>
            <gpxtpx:hr>154</gpxtpx:hr>
            <gpxtpx:cad>85</gpxtpx:cad>
            <gpxtpx:atemp>17.1</gpxtpx:atemp>
          </gpxtpx:TrackPointExtension>
        </extensions>
      </trkpt>
      <trkpt lat="51.0559868" lon="-114.0460570">
        <ele>1040.9</ele>
        <time>2026-08-19T12:14:31Z</time>
        <extensions>
          <gpxtpx:TrackPointExtension>
            <gpxtpx:hr>154</gpxtpx:hr>
            <gpxtpx:cad>86</gpxtpx:cad>
            <gpxtpx:atemp>17.0</gpxtpx:atemp>
          </gpxtpx:TrackPointExtension>
        </extensions>
      </trkpt>
      <trkpt lat="51.0559998" lon="-114.0460208">
        <ele>1040.7</ele>
        <time>2026-08-19T12:14:32Z</time>
        <extensions>
          <gpxtpx:TrackPointExtension>
            <gpxtpx:hr>153</gpxtpx:hr>
            <gpxtpx:cad>86</gpxtpx:cad>
            <gpxtpx:atemp>16.8</gpxtpx:atemp>
          </gpxtpx:TrackPointExtension>
        </extensions>
      </trkpt>
      <trkpt lat="51.0560184" lon="-114.0459481">
        <ele>1040.7</ele>
        <time>2026-08-19T12:14:33Z</time>
        <extensions>
          <gpxtpx:TrackPointExtension>
            <gpxtpx:hr>154</gpxtpx:hr>
            <gpxtpx:cad>85</gpxtpx:cad>
            <gpxtpx:atemp>17.2</gpxtpx:atemp>
          </gpxtpx:TrackPointExtension>
        </extensions>
      </trkpt>
      <trkpt lat="51.0560135" lon="-114.0458872">
        <ele>1040.2</ele>
        <time>2026-08-19T12:14:34Z</time>
        <extensions>
          <gpxtpx:TrackPointExtension>
            <gpxtpx:hr>154</gpxtpx:hr>
            <gpxtpx:cad>87</gpxtpx:cad>
            <gpxtpx:atemp>17.0</gpxtpx:atemp>
          </gpxtpx:TrackPointExtension>
        </extensions>
      </trkpt>
      <trkpt lat="51.0560244" lon="-114.0458454">
        <ele>1040.9</ele>
        <time>2026-08-19T12:14:35Z</time>
        <extensions>
          <gpxtpx:TrackPointExtension>
            <gpxtpx:hr>155</gpxtpx:hr>
            <gpxtpx:cad>86</gpxtpx:cad>
            <gpxtpx:atemp>17.0</gpxtpx:atemp>
          </gpxtpx:TrackPointExtension>
        </extensions>
      </trkpt>
      <trkpt lat="51.0560295" lon="-114.0458105">
        <ele>1041.0</ele>
        <time>2026-08-19T12:14:36Z</time>
        <extensions>
          <gpxtpx:TrackPointExtension>
            <gpxtpx:hr>154</gpxtpx:hr>
            <gpxtpx:cad>87</gpxtpx:cad>
            <gpxtpx:atemp>16.9</gpxtpx:atemp>
          </gpxtpx:TrackPointExtension>
        </extensions>
      </trkpt>
      <trkpt lat="51.0560496" lon="-114.0457655">
        <ele>1040.8</ele>
        <time>2026-08-19T12:14:37Z</time>
        <extensions>
          <gpxtpx:TrackPointExtension>
            <gpxtpx:hr>154</gpxtpx:hr>
            <gpxtpx:cad>85</gpxtpx:cad>
            <gpxtpx:atemp>17.3</gpxtpx:atemp>
          </gpxtpx:TrackPointExtension>
        </extensions>
      </trkpt>
      <trkpt lat="51.0560647" lon="-114.0457229">
        <ele>1041.2</ele>
        <time>2026-08-19T12:14:38Z</time>
        <extensions>
          <gpxtpx:TrackPointExtension>
            <gpxtpx:hr>155</gpxtpx:hr>
            <gpxtpx:cad>87</gpxtpx:cad>
            <gpxtpx:atemp>17.2</gpxtpx:atemp>
          </gpxtpx:TrackPointExtension>
        </extensions>
      </trkpt>
      <trkpt lat="51.0560816" lon="-114.0456872">
        <ele>1041.6</ele>
        <time>2026-08-19T12:14:39Z</time>
        <extensions>
          <gpxtpx:TrackPointExtension>
            <gpxtpx:hr>154</gpxtpx:hr>
            <gpxtpx:cad>86</gpxtpx:cad>
            <gpxtpx:atemp>16.9</gpxtpx:atemp>
          </gpxtpx:TrackPointExtension>
        </extensions>
      </trkpt>
      <trkpt lat="51.0560994" lon="-114.0456325">
        <ele>1040.7</ele>
        <time>2026-08-19T12:14:40Z</time>
        <extensions>
          <gpxtpx:TrackPointExtension>
            <gpxtpx:hr>154</gpxtpx:hr>
            <gpxtpx:cad>85</gpxtpx:cad>
            <gpxtpx:atemp>17.1</gpxtpx:atemp>
          </gpxtpx:TrackPointExtension>
        </extensions>
      </trkpt>
      <trkpt lat="51.0560967" lon="-114.0455727">
        <ele>1041.5</ele>
        <time>2026-08-19T12:14:41Z</time>
        <extensions>
          <gpxtpx:TrackPointExtension>
            <gpxtpx:hr>155</gpxtpx:hr>
            <gpxtpx:cad>86</gpxtpx:cad>
            <gpxtpx:atemp>17.0</gpxtpx:atemp>
          </gpxtpx:TrackPointExtension>
        </extensions>
      </trkpt>
      <trkpt lat="51.0560935" lon="-114.0455013">
        <ele>1041.4</ele>
        <time>2026-08-19T12:14:42Z</time>
        <extensions>
          <gpxtpx:TrackPointExtension>
            <gpxtpx:hr>154</gpxtpx:hr>
            <gpxtpx:cad>85</gpxtpx:cad>
            <gpxtpx:atemp>17.0</gpxtpx:atemp>
          </gpxtpx:TrackPointExtension>
        </extensions>
      </trkpt>
      <trkpt lat="51.0560931" lon="-114.0454594">
        <ele>1041.0</ele>
        <time>2026-08-19T12:14:43Z</time>
        <extensions>
          <gpxtpx:TrackPointExtension>
            <gpxtpx:hr>154</gpxtpx:hr>
            <gpxtpx:cad>84</gpxtpx:cad>
            <gpxtpx:atemp>17.1</gpxtpx:atemp>
          </gpxtpx:TrackPointExtension>
        </extensions>
      </trkpt>
      <trkpt lat="51.0561067" lon="-114.0454292">
        <ele>1040.8</ele>
        <time>2026-08-19T12:14:44Z</time>
        <extensions>
          <gpxtpx:TrackPointExtension>
            <gpxtpx:hr>154</gpxtpx:hr>
            <gpxtpx:cad>86</gpxtpx:cad>
            <gpxtpx:atemp>17.2</gpxtpx:atemp>
          </gpxtpx:TrackPointExtension>
        </extensions>
      </trkpt>
      <trkpt lat="51.0561096" lon="-114.0453730">
        <ele>1040.3</ele>
        <time>2026-08-19T12:14:45Z</time>
        <extensions>
          <gpxtpx:TrackPointExtension>
            <gpxtpx:hr>154</gpxtpx:hr>
            <gpxtpx:cad>86</gpxtpx:cad>
            <gpxtpx:atemp>17.0</gpxtpx:atemp>
          </gpxtpx:TrackPointExtension>
        </extensions>
      </trkpt>
      <trkpt lat="51.0560898" lon="-114.0454143">
        <ele>1040.0</ele>
        <time>2026-08-19T12:14:46Z</time>
        <extensions>
          <gpxtpx:TrackPointExtension>
            <gpxtpx:hr>154</gpxtpx:hr>
            <gpxtpx:cad>83</gpxtpx:cad>
            <gpxtpx:atemp>17.4</gpxtpx:atemp>
          </gpxtpx:TrackPointExtension>
        </extensions>
      </trkpt>
      <trkpt lat="51.0560800" lon="-114.0454227">
        <ele>1039.1</ele>
        <time>2026-08-19T12:14:47Z</time>
        <extensions>
          <gpxtpx:TrackPointExtension>
            <gpxtpx:hr>154</gpxtpx:hr>
            <gpxtpx:cad>89</gpxtpx:cad>
            <gpxtpx:atemp>17.2</gpxtpx:atemp>
          </gpxtpx:TrackPointExtension>
        </extensions>
      </trkpt>
      <trkpt lat="51.0560784" lon="-114.0454402">
        <ele>1039.6</ele>
        <time>2026-08-19T12:14:48Z</time>
        <extensions>
          <gpxtpx:TrackPointExtension>
            <gpxtpx:hr>153</gpxtpx:hr>
            <gpxtpx:cad>86</gpxtpx:cad>
            <gpxtpx:atemp>16.9</gpxtpx:atemp>
          </gpxtpx:TrackPointExtension>
        </extensions>
      </trkpt>
      <trkpt lat="51.0560762" lon="-114.0454997">
        <ele>1039.4</ele>
        <time>2026-08-19T12:14:49Z</time>
        <extensions>
          <gpxtpx:TrackPointExtension>
            <gpxtpx:hr>154</gpxtpx:hr>
            <gpxtpx:cad>86</gpxtpx:cad>
            <gpxtpx:atemp>17.4</gpxtpx:atemp>
          </gpxtpx:TrackPointExtension>
        </extensions>
      </trkpt>
      <trkpt lat="51.0560615" lon="-114.0455872">
        <ele>1039.1</ele>
        <time>2026-08-19T12:14:50Z</time>
        <extensions>
          <gpxtpx:TrackPointExtension>
            <gpxtpx:hr>153</gpxtpx:hr>
            <gpxtpx:cad>86</gpxtpx:cad>
            <gpxtpx:atemp>17.0</gpxtpx:atemp>
          </gpxtpx:TrackPointExtension>
        </extensions>
      </trkpt>
      <trkpt lat="51.0560531" lon="-114.0456064">
        <ele>1039.1</ele>
        <time>2026-08-19T12:14:51Z</time>
        <extensions>
          <gpxtpx:TrackPointExtension>
            <gpxtpx:hr>154</gpxtpx:hr>
            <gpxtpx:cad>84</gpxtpx:cad>
            <gpxtpx:atemp>17.0</gpxtpx:atemp>
          </gpxtpx:TrackPointExtension>
        </extensions>
      </trkpt>
      <trkpt lat="51.0560373" lon="-114.0456788">
        <ele>1039.3</ele>
        <time>2026-08-19T12:14:52Z</time>
        <extensions>
          <gpxtpx:TrackPointExtension>
            <gpxtpx:hr>153</gpxtpx:hr>
            <gpxtpx:cad>86</gpxtpx:cad>
            <gpxtpx:atemp>16.7</gpxtpx:atemp>
          </gpxtpx:TrackPointExtension>
        </extensions>
      </trkpt>
      <trkpt lat="51.0560295" lon="-114.0457463">
        <ele>1039.2</ele>
        <time>2026-08-19T12:14:53Z</time>
        <extensions>
          <gpxtpx:TrackPointExtension>
            <gpxtpx:hr>154</gpxtpx:hr>
            <gpxtpx:cad>85</gpxtpx:cad>
            <gpxtpx:atemp>17.2</gpxtpx:atemp>
          </gpxtpx:TrackPointExtension>
        </extensions>
      </trkpt>
      <trkpt lat="51.0560257" lon="-114.0458054">
        <ele>1039.0</ele>
        <time>2026-08-19T12:14:54Z</time>
        <extensions>
          <gpxtpx:TrackPointExtension>
            <gpxtpx:hr>154</gpxtpx:hr>
            <gpxtpx:cad>86</gpxtpx:cad>
            <gpxtpx:atemp>17.1</gpxtpx:atemp>
          </gpxtpx:TrackPointExtension>
        </extensions>
      </trkpt>
      <trkpt lat="51.0560375" lon="-114.0458328">
        <ele>1039.2</ele>
        <time>2026-08-19T12:14:55Z</time>
        <extensions>
          <gpxtpx:TrackPointExtension>
            <gpxtpx:hr>153</gpxtpx:hr>
            <gpxtpx:cad>86</gpxtpx:cad>
            <gpxtpx:atemp>17.0</gpxtpx:atemp>
          </gpxtpx:TrackPointExtension>
        </extensions>
      </trkpt>
      <trkpt lat="51.0560533" lon="-114.0458642">
        <ele>1039.4</ele>
        <time>2026-08-19T12:14:56Z</time>
        <extensions>
          <gpxtpx:TrackPointExtension>
            <gpxtpx:hr>153</gpxtpx:hr>
            <gpxtpx:cad>84</gpxtpx:cad>
            <gpxtpx:atemp>16.6</gpxtpx:atemp>
          </gpxtpx:TrackPointExtension>
        </extensions>
      </trkpt>
      <trkpt lat="51.0560653" lon="-114.0459360">
        <ele>1038.8</ele>
        <time>2026-08-19T12:14:57Z</time>
        <extensions>
          <gpxtpx:TrackPointExtension>
            <gpxtpx:hr>153</gpxtpx:hr>
            <gpxtpx:cad>86</gpxtpx:cad>
            <gpxtpx:atemp>16.8</gpxtpx:atemp>
          </gpxtpx:TrackPointExtension>
        </extensions>
      </trkpt>
      <trkpt lat="51.0560623" lon="-114.0459728">
        <ele>1039.2</ele>
        <time>2026-08-19T12:14:58Z</time>
        <extensions>
          <gpxtpx:TrackPointExtension>
            <gpxtpx:hr>152</gpxtpx:hr>
            <gpxtpx:cad>84</gpxtpx:cad>
            <gpxtpx:atemp>16.8</gpxtpx:atemp>
          </gpxtpx:TrackPointExtension>
        </extensions>
      </trkpt>
      <trkpt lat="51.0560398" lon="-114.0460313">
        <ele>1038.8</ele>
        <time>2026-08-19T12:14:59Z</time>
        <extensions>
          <gpxtpx:TrackPointExtension>
            <gpxtpx:hr>153</gpxtpx:hr>
            <gpxtpx:cad>85</gpxtpx:cad>
            <gpxtpx:atemp>16.9</gpxtpx:atemp>
          </gpxtpx:TrackPointExtension>
        </extensions>
      </trkpt>
      <trkpt lat="51.0560398" lon="-114.0460529">
        <ele>1039.1</ele>
        <time>2026-08-19T12:15:00Z</time>
        <extensions>
          <gpxtpx:TrackPointExtension>
            <gpxtpx:hr>152</gpxtpx:hr>
            <gpxtpx:cad>85</gpxtpx:cad>
            <gpxtpx:atemp>16.9</gpxtpx:atemp>
          </gpxtpx:TrackPointExtension>
        </extensions>
      </trkpt>
      <trkpt lat="51.0560200" lon="-114.0460944">
        <ele>1039.1</ele>
        <time>2026-08-19T12:15:01Z</time>
        <extensions>
          <gpxtpx:TrackPointExtension>
            <gpxtpx:hr>152</gpxtpx:hr>
            <gpxtpx:cad>85</gpxtpx:cad>
            <gpxtpx:atemp>16.9</gpxtpx:atemp>
          </gpxtpx:TrackPointExtension>
        </extensions>
      </trkpt>
      <trkpt lat="51.0560150" lon="-114.0461212">
        <ele>1039.2</ele>
        <time>2026-08-19T12:15:02Z</time>
        <extensions>
          <gpxtpx:TrackPointExtension>
            <gpxtpx:hr>153</gpxtpx:hr>
            <gpxtpx:cad>86</gpxtpx:cad>
            <gpxtpx:atemp>17.2</gpxtpx:atemp>
          </gpxtpx:TrackPointExtension>
        </extensions>
      </trkpt>
      <trkpt lat="51.0560097" lon="-114.0462024">
        <ele>1039.0</ele>
        <time>2026-08-19T12:15:03Z</time>
        <extensions>
          <gpxtpx:TrackPointExtension>
            <gpxtpx:hr>153</gpxtpx:hr>
            <gpxtpx:cad>85</gpxtpx:cad>
            <gpxtpx:atemp>17.3</gpxtpx:atemp>
          </gpxtpx:TrackPointExtension>
        </extensions>
      </trkpt>
      <trkpt lat="51.0560095" lon="-114.0462550">
        <ele>1040.0</ele>
        <time>2026-08-19T12:15:04Z</time>
        <extensions>
          <gpxtpx:TrackPointExtension>
            <gpxtpx:hr>153</gpxtpx:hr>
            <gpxtpx:cad>85</gpxtpx:cad>
            <gpxtpx:atemp>17.0</gpxtpx:atemp>
          </gpxtpx:TrackPointExtension>
        </extensions>
      </trkpt>
      <trkpt lat="51.0560047" lon="-114.0463065">
        <ele>1040.1</ele>
        <time>2026-08-19T12:15:05Z</time>
        <extensions>
          <gpxtpx:TrackPointExtension>
            <gpxtpx:hr>152</gpxtpx:hr>
            <gpxtpx:cad>84</gpxtpx:cad>
            <gpxtpx:atemp>16.9</gpxtpx:atemp>
          </gpxtpx:TrackPointExtension>
        </extensions>
      </trkpt>
      <trkpt lat="51.0559910" lon="-114.0463673">
        <ele>1040.1</ele>
        <time>2026-08-19T12:15:06Z</time>
        <extensions>
          <gpxtpx:TrackPointExtension>
            <gpxtpx:hr>152</gpxtpx:hr>
            <gpxtpx:cad>86</gpxtpx:cad>
            <gpxtpx:atemp>17.4</gpxtpx:atemp>
          </gpxtpx:TrackPointExtension>
        </extensions>
      </trkpt>
      <trkpt lat="51.0559723" lon="-114.0463969">
        <ele>1039.9</ele>
        <time>2026-08-19T12:15:07Z</time>
        <extensions>
          <gpxtpx:TrackPointExtension>
            <gpxtpx:hr>152</gpxtpx:hr>
            <gpxtpx:cad>85</gpxtpx:cad>
            <gpxtpx:atemp>16.4</gpxtpx:atemp>
          </gpxtpx:TrackPointExtension>
        </extensions>
      </trkpt>
      <trkpt lat="51.0559540" lon="-114.0464624">
        <ele>1040.1</ele>
        <time>2026-08-19T12:15:08Z</time>
        <extensions>
          <gpxtpx:TrackPointExtension>
            <gpxtpx:hr>152</gpxtpx:hr>
            <gpxtpx:cad>86</gpxtpx:cad>
            <gpxtpx:atemp>17.1</gpxtpx:atemp>
          </gpxtpx:TrackPointExtension>
        </extensions>
      </trkpt>
      <trkpt lat="51.0559431" lon="-114.0465059">
        <ele>1040.8</ele>
        <time>2026-08-19T12:15:09Z</time>
        <extensions>
          <gpxtpx:TrackPointExtension>
            <gpxtpx:hr>152</gpxtpx:hr>
            <gpxtpx:cad>85</gpxtpx:cad>
            <gpxtpx:atemp>16.9</gpxtpx:atemp>
          </gpxtpx:TrackPointExtension>
        </extensions>
      </trkpt>
      <trkpt lat="51.0559706" lon="-114.0465822">
        <ele>1041.1</ele>
        <time>2026-08-19T12:15:10Z</time>
        <extensions>
          <gpxtpx:TrackPointExtension>
            <gpxtpx:hr>151</gpxtpx:hr>
            <gpxtpx:cad>85</gpxtpx:cad>
            <gpxtpx:atemp>17.3</gpxtpx:atemp>
          </gpxtpx:TrackPointExtension>
        </extensions>
      </trkpt>
      <trkpt lat="51.0559592" lon="-114.0466161">
        <ele>1040.7</ele>
        <time>2026-08-19T12:15:11Z</time>
        <extensions>
          <gpxtpx:TrackPointExtension>
            <gpxtpx:hr>151</gpxtpx:hr>
            <gpxtpx:cad>86</gpxtpx:cad>
            <gpxtpx:atemp>17.1</gpxtpx:atemp>
          </gpxtpx:TrackPointExtension>
        </extensions>
      </trkpt>
      <trkpt lat="51.0559513" lon="-114.0466650">
        <ele>1040.4</ele>
        <time>2026-08-19T12:15:12Z</time>
        <extensions>
          <gpxtpx:TrackPointExtension>
            <gpxtpx:hr>151</gpxtpx:hr>
            <gpxtpx:cad>85</gpxtpx:cad>
            <gpxtpx:atemp>16.7</gpxtpx:atemp>
          </gpxtpx:TrackPointExtension>
        </extensions>
      </trkpt>
      <trkpt lat="51.0559268" lon="-114.0467135">
        <ele>1041.1</ele>
        <time>2026-08-19T12:15:13Z</time>
        <extensions>
          <gpxtpx:TrackPointExtension>
            <gpxtpx:hr>152</gpxtpx:hr>
            <gpxtpx:cad>86</gpxtpx:cad>
            <gpxtpx:atemp>16.6</gpxtpx:atemp>
          </gpxtpx:TrackPointExtension>
        </extensions>
      </trkpt>
      <trkpt lat="51.0559238" lon="-114.0467680">
        <ele>1041.0</ele>
        <time>2026-08-19T12:15:14Z</time>
        <extensions>
          <gpxtpx:TrackPointExtension>
            <gpxtpx:hr>152</gpxtpx:hr>
            <gpxtpx:cad>85</gpxtpx:cad>
            <gpxtpx:atemp>16.8</gpxtpx:atemp>
          </gpxtpx:TrackPointExtension>
        </extensions>
      </trkpt>
      <trkpt lat="51.0559174" lon="-114.0467886">
        <ele>1041.3</ele>
        <time>2026-08-19T12:15:15Z</time>
        <extensions>
          <gpxtpx:TrackPointExtension>
            <gpxtpx:hr>152</gpxtpx:hr>
            <gpxtpx:cad>85</gpxtpx:cad>
            <gpxtpx:atemp>17.2</gpxtpx:atemp>
          </gpxtpx:TrackPointExtension>
        </extensions>
      </trkpt>
      <trkpt lat="51.0559158" lon="-114.0468214">
        <ele>1040.6</ele>
        <time>2026-08-19T12:15:16Z</time>
        <extensions>
          <gpxtpx:TrackPointExtension>
            <gpxtpx:hr>152</gpxtpx:hr>
            <gpxtpx:cad>84</gpxtpx:cad>
            <gpxtpx:atemp>17.1</gpxtpx:atemp>
          </gpxtpx:TrackPointExtension>
        </extensions>
      </trkpt>
      <trkpt lat="51.0559248" lon="-114.0468910">
        <ele>1040.7</ele>
        <time>2026-08-19T12:15:17Z</time>
        <extensions>
          <gpxtpx:TrackPointExtension>
            <gpxtpx:hr>152</gpxtpx:hr>
            <gpxtpx:cad>86</gpxtpx:cad>
            <gpxtpx:atemp>17.1</gpxtpx:atemp>
          </gpxtpx:TrackPointExtension>
        </extensions>
      </trkpt>
      <trkpt lat="51.0559110" lon="-114.0469235">
        <ele>1040.5</ele>
        <time>2026-08-19T12:15:18Z</time>
        <extensions>
          <gpxtpx:TrackPointExtension>
            <gpxtpx:hr>152</gpxtpx:hr>
            <gpxtpx:cad>85</gpxtpx:cad>
            <gpxtpx:atemp>16.5</gpxtpx:atemp>
          </gpxtpx:TrackPointExtension>
        </extensions>
      </trkpt>
      <trkpt lat="51.0558818" lon="-114.0470086">
        <ele>1040.6</ele>
        <time>2026-08-19T12:15:19Z</time>
        <extensions>
          <gpxtpx:TrackPointExtension>
            <gpxtpx:hr>153</gpxtpx:hr>
            <gpxtpx:cad>85</gpxtpx:cad>
            <gpxtpx:atemp>16.9</gpxtpx:atemp>
          </gpxtpx:TrackPointExtension>
        </extensions>
      </trkpt>
      <trkpt lat="51.0558659" lon="-114.0470715">
        <ele>1040.2</ele>
        <time>2026-08-19T12:15:20Z</time>
        <extensions>
          <gpxtpx:TrackPointExtension>
            <gpxtpx:hr>153</gpxtpx:hr>
            <gpxtpx:cad>86</gpxtpx:cad>
            <gpxtpx:atemp>17.0</gpxtpx:atemp>
          </gpxtpx:TrackPointExtension>
        </extensions>
      </trkpt>
      <trkpt lat="51.0558532" lon="-114.0471268">
        <ele>1039.3</ele>
        <time>2026-08-19T12:15:21Z</time>
        <extensions>
          <gpxtpx:TrackPointExtension>
            <gpxtpx:hr>153</gpxtpx:hr>
            <gpxtpx:cad>84</gpxtpx:cad>
            <gpxtpx:atemp>17.0</gpxtpx:atemp>
          </gpxtpx:TrackPointExtension>
        </extensions>
      </trkpt>
      <trkpt lat="51.0558392" lon="-114.0471837">
        <ele>1039.4</ele>
        <time>2026-08-19T12:15:22Z</time>
        <extensions>
          <gpxtpx:TrackPointExtension>
            <gpxtpx:hr>153</gpxtpx:hr>
            <gpxtpx:cad>86</gpxtpx:cad>
            <gpxtpx:atemp>17.2</gpxtpx:atemp>
          </gpxtpx:TrackPointExtension>
        </extensions>
      </trkpt>
      <trkpt lat="51.0558492" lon="-114.0472314">
        <ele>1039.1</ele>
        <time>2026-08-19T12:15:23Z</time>
        <extensions>
          <gpxtpx:TrackPointExtension>
            <gpxtpx:hr>153</gpxtpx:hr>
            <gpxtpx:cad>85</gpxtpx:cad>
            <gpxtpx:atemp>17.2</gpxtpx:atemp>
          </gpxtpx:TrackPointExtension>
        </extensions>
      </trkpt>
      <trkpt lat="51.0558549" lon="-114.0472831">
        <ele>1039.4</ele>
        <time>2026-08-19T12:15:24Z</time>
        <extensions>
          <gpxtpx:TrackPointExtension>
            <gpxtpx:hr>153</gpxtpx:hr>
            <gpxtpx:cad>85</gpxtpx:cad>
            <gpxtpx:atemp>17.2</gpxtpx:atemp>
          </gpxtpx:TrackPointExtension>
        </extensions>
      </trkpt>
      <trkpt lat="51.0558499" lon="-114.0473132">
        <ele>1039.3</ele>
        <time>2026-08-19T12:15:25Z</time>
        <extensions>
          <gpxtpx:TrackPointExtension>
            <gpxtpx:hr>153</gpxtpx:hr>
            <gpxtpx:cad>87</gpxtpx:cad>
            <gpxtpx:atemp>17.0</gpxtpx:atemp>
          </gpxtpx:TrackPointExtension>
        </extensions>
      </trkpt>
      <trkpt lat="51.0558548" lon="-114.0473372">
        <ele>1039.5</ele>
        <time>2026-08-19T12:15:26Z</time>
        <extensions>
          <gpxtpx:TrackPointExtension>
            <gpxtpx:hr>153</gpxtpx:hr>
            <gpxtpx:cad>86</gpxtpx:cad>
            <gpxtpx:atemp>17.4</gpxtpx:atemp>
          </gpxtpx:TrackPointExtension>
        </extensions>
      </trkpt>
      <trkpt lat="51.0558488" lon="-114.0473590">
        <ele>1039.6</ele>
        <time>2026-08-19T12:15:27Z</time>
        <extensions>
          <gpxtpx:TrackPointExtension>
            <gpxtpx:hr>153</gpxtpx:hr>
            <gpxtpx:cad>88</gpxtpx:cad>
            <gpxtpx:atemp>17.6</gpxtpx:atemp>
          </gpxtpx:TrackPointExtension>
        </extensions>
      </trkpt>
      <trkpt lat="51.0558453" lon="-114.0474062">
        <ele>1039.3</ele>
        <time>2026-08-19T12:15:28Z</time>
        <extensions>
          <gpxtpx:TrackPointExtension>
            <gpxtpx:hr>152</gpxtpx:hr>
            <gpxtpx:cad>86</gpxtpx:cad>
            <gpxtpx:atemp>17.5</gpxtpx:atemp>
          </gpxtpx:TrackPointExtension>
        </extensions>
      </trkpt>
      <trkpt lat="51.0558318" lon="-114.0474433">
        <ele>1040.1</ele>
        <time>2026-08-19T12:15:29Z</time>
        <extensions>
          <gpxtpx:TrackPointExtension>
            <gpxtpx:hr>152</gpxtpx:hr>
            <gpxtpx:cad>85</gpxtpx:cad>
            <gpxtpx:atemp>17.2</gpxtpx:atemp>
          </gpxtpx:TrackPointExtension>
        </extensions>
      </trkpt>
      <trkpt lat="51.0558021" lon="-114.0474752">
        <ele>1040.2</ele>
        <time>2026-08-19T12:15:30Z</time>
        <extensions>
          <gpxtpx:TrackPointExtension>
            <gpxtpx:hr>151</gpxtpx:hr>
            <gpxtpx:cad>85</gpxtpx:cad>
            <gpxtpx:atemp>16.8</gpxtpx:atemp>
          </gpxtpx:TrackPointExtension>
        </extensions>
      </trkpt>
      <trkpt lat="51.0557776" lon="-114.0475075">
        <ele>1040.5</ele>
        <time>2026-08-19T12:15:31Z</time>
        <extensions>
          <gpxtpx:TrackPointExtension>
            <gpxtpx:hr>150</gpxtpx:hr>
            <gpxtpx:cad>84</gpxtpx:cad>
            <gpxtpx:atemp>16.9</gpxtpx:atemp>
          </gpxtpx:TrackPointExtension>
        </extensions>
      </trkpt>
      <trkpt lat="51.0557760" lon="-114.0475637">
        <ele>1040.5</ele>
        <time>2026-08-19T12:15:32Z</time>
        <extensions>
          <gpxtpx:TrackPointExtension>
            <gpxtpx:hr>151</gpxtpx:hr>
            <gpxtpx:cad>85</gpxtpx:cad>
            <gpxtpx:atemp>17.2</gpxtpx:atemp>
          </gpxtpx:TrackPointExtension>
        </extensions>
      </trkpt>
      <trkpt lat="51.0557765" lon="-114.0475808">
        <ele>1041.3</ele>
        <time>2026-08-19T12:15:33Z</time>
        <extensions>
          <gpxtpx:TrackPointExtension>
            <gpxtpx:hr>150</gpxtpx:hr>
            <gpxtpx:cad>85</gpxtpx:cad>
            <gpxtpx:atemp>17.2</gpxtpx:atemp>
          </gpxtpx:TrackPointExtension>
        </extensions>
      </trkpt>
      <trkpt lat="51.0557703" lon="-114.0476201">
        <ele>1041.5</ele>
        <time>2026-08-19T12:15:34Z</time>
        <extensions>
          <gpxtpx:TrackPointExtension>
            <gpxtpx:hr>149</gpxtpx:hr>
            <gpxtpx:cad>84</gpxtpx:cad>
            <gpxtpx:atemp>17.4</gpxtpx:atemp>
          </gpxtpx:TrackPointExtension>
        </extensions>
      </trkpt>
      <trkpt lat="51.0557632" lon="-114.0476803">
        <ele>1040.3</ele>
        <time>2026-08-19T12:15:35Z</time>
        <extensions>
          <gpxtpx:TrackPointExtension>
            <gpxtpx:hr>148</gpxtpx:hr>
            <gpxtpx:cad>85</gpxtpx:cad>
            <gpxtpx:atemp>17.1</gpxtpx:atemp>
          </gpxtpx:TrackPointExtension>
        </extensions>
      </trkpt>
      <trkpt lat="51.0557645" lon="-114.0477478">
        <ele>1040.4</ele>
        <time>2026-08-19T12:15:36Z</time>
        <extensions>
          <gpxtpx:TrackPointExtension>
            <gpxtpx:hr>148</gpxtpx:hr>
            <gpxtpx:cad>85</gpxtpx:cad>
            <gpxtpx:atemp>16.7</gpxtpx:atemp>
          </gpxtpx:TrackPointExtension>
        </extensions>
      </trkpt>
      <trkpt lat="51.0557499" lon="-114.0477847">
        <ele>1040.7</ele>
        <time>2026-08-19T12:15:37Z</time>
        <extensions>
          <gpxtpx:TrackPointExtension>
            <gpxtpx:hr>149</gpxtpx:hr>
            <gpxtpx:cad>84</gpxtpx:cad>
            <gpxtpx:atemp>16.8</gpxtpx:atemp>
          </gpxtpx:TrackPointExtension>
        </extensions>
      </trkpt>
      <trkpt lat="51.0557441" lon="-114.0478369">
        <ele>1040.7</ele>
        <time>2026-08-19T12:15:38Z</time>
        <extensions>
          <gpxtpx:TrackPointExtension>
            <gpxtpx:hr>148</gpxtpx:hr>
            <gpxtpx:cad>85</gpxtpx:cad>
            <gpxtpx:atemp>17.1</gpxtpx:atemp>
          </gpxtpx:TrackPointExtension>
        </extensions>
      </trkpt>
      <trkpt lat="51.0557451" lon="-114.0478920">
        <ele>1041.2</ele>
        <time>2026-08-19T12:15:39Z</time>
        <extensions>
          <gpxtpx:TrackPointExtension>
            <gpxtpx:hr>149</gpxtpx:hr>
            <gpxtpx:cad>85</gpxtpx:cad>
            <gpxtpx:atemp>17.2</gpxtpx:atemp>
          </gpxtpx:TrackPointExtension>
        </extensions>
      </trkpt>
      <trkpt lat="51.0557427" lon="-114.0479255">
        <ele>1041.0</ele>
        <time>2026-08-19T12:15:40Z</time>
        <extensions>
          <gpxtpx:TrackPointExtension>
            <gpxtpx:hr>148</gpxtpx:hr>
            <gpxtpx:cad>85</gpxtpx:cad>
            <gpxtpx:atemp>17.2</gpxtpx:atemp>
          </gpxtpx:TrackPointExtension>
        </extensions>
      </trkpt>
      <trkpt lat="51.0557301" lon="-114.0479676">
        <ele>1041.0</ele>
        <time>2026-08-19T12:15:41Z</time>
        <extensions>
          <gpxtpx:TrackPointExtension>
            <gpxtpx:hr>148</gpxtpx:hr>
            <gpxtpx:cad>84</gpxtpx:cad>
            <gpxtpx:atemp>17.0</gpxtpx:atemp>
          </gpxtpx:TrackPointExtension>
        </extensions>
      </trkpt>
      <trkpt lat="51.0557095" lon="-114.0480513">
        <ele>1040.8</ele>
        <time>2026-08-19T12:15:42Z</time>
        <extensions>
          <gpxtpx:TrackPointExtension>
            <gpxtpx:hr>149</gpxtpx:hr>
            <gpxtpx:cad>85</gpxtpx:cad>
            <gpxtpx:atemp>17.1</gpxtpx:atemp>
          </gpxtpx:TrackPointExtension>
        </extensions>
      </trkpt>
      <trkpt lat="51.0557023" lon="-114.0481116">
        <ele>1041.4</ele>
        <time>2026-08-19T12:15:43Z</time>
        <extensions>
          <gpxtpx:TrackPointExtension>
            <gpxtpx:hr>148</gpxtpx:hr>
            <gpxtpx:cad>86</gpxtpx:cad>
            <gpxtpx:atemp>17.1</gpxtpx:atemp>
          </gpxtpx:TrackPointExtension>
        </extensions>
      </trkpt>
      <trkpt lat="51.0556959" lon="-114.0481630">
        <ele>1041.2</ele>
        <time>2026-08-19T12:15:44Z</time>
        <extensions>
          <gpxtpx:TrackPointExtension>
            <gpxtpx:hr>148</gpxtpx:hr>
            <gpxtpx:cad>86</gpxtpx:cad>
            <gpxtpx:atemp>17.0</gpxtpx:atemp>
          </gpxtpx:TrackPointExtension>
        </extensions>
      </trkpt>
      <trkpt lat="51.0556990" lon="-114.0481870">
        <ele>1041.6</ele>
        <time>2026-08-19T12:15:45Z</time>
        <extensions>
          <gpxtpx:TrackPointExtension>
            <gpxtpx:hr>149</gpxtpx:hr>
            <gpxtpx:cad>87</gpxtpx:cad>
            <gpxtpx:atemp>17.3</gpxtpx:atemp>
          </gpxtpx:TrackPointExtension>
        </extensions>
      </trkpt>
      <trkpt lat="51.0556992" lon="-114.0482140">
        <ele>1041.0</ele>
        <time>2026-08-19T12:15:46Z</time>
        <extensions>
          <gpxtpx:TrackPointExtension>
            <gpxtpx:hr>149</gpxtpx:hr>
            <gpxtpx:cad>88</gpxtpx:cad>
            <gpxtpx:atemp>16.5</gpxtpx:atemp>
          </gpxtpx:TrackPointExtension>
        </extensions>
      </trkpt>
      <trkpt lat="51.0556905" lon="-114.0482446">
        <ele>1040.6</ele>
        <time>2026-08-19T12:15:47Z</time>
        <extensions>
          <gpxtpx:TrackPointExtension>
            <gpxtpx:hr>149</gpxtpx:hr>
            <gpxtpx:cad>85</gpxtpx:cad>
            <gpxtpx:atemp>17.5</gpxtpx:atemp>
          </gpxtpx:TrackPointExtension>
        </extensions>
      </trkpt>
      <trkpt lat="51.0556820" lon="-114.0482946">
        <ele>1040.5</ele>
        <time>2026-08-19T12:15:48Z</time>
        <extensions>
          <gpxtpx:TrackPointExtension>
            <gpxtpx:hr>150</gpxtpx:hr>
            <gpxtpx:cad>85</gpxtpx:cad>
            <gpxtpx:atemp>17.2</gpxtpx:atemp>
          </gpxtpx:TrackPointExtension>
        </extensions>
      </trkpt>
      <trkpt lat="51.0556916" lon="-114.0483586">
        <ele>1040.8</ele>
        <time>2026-08-19T12:15:49Z</time>
        <extensions>
          <gpxtpx:TrackPointExtension>
            <gpxtpx:hr>150</gpxtpx:hr>
            <gpxtpx:cad>86</gpxtpx:cad>
            <gpxtpx:atemp>17.5</gpxtpx:atemp>
          </gpxtpx:TrackPointExtension>
        </extensions>
      </trkpt>
      <trkpt lat="51.0556885" lon="-114.0484260">
        <ele>1039.5</ele>
        <time>2026-08-19T12:15:50Z</time>
        <extensions>
          <gpxtpx:TrackPointExtension>
            <gpxtpx:hr>150</gpxtpx:hr>
            <gpxtpx:cad>86</gpxtpx:cad>
            <gpxtpx:atemp>17.2</gpxtpx:atemp>
          </gpxtpx:TrackPointExtension>
        </extensions>
      </trkpt>
      <trkpt lat="51.0556698" lon="-114.0484433">
        <ele>1039.6</ele>
        <time>2026-08-19T12:15:51Z</time>
        <extensions>
          <gpxtpx:TrackPointExtension>
            <gpxtpx:hr>150</gpxtpx:hr>
            <gpxtpx:cad>87</gpxtpx:cad>
            <gpxtpx:atemp>17.0</gpxtpx:atemp>
          </gpxtpx:TrackPointExtension>
        </extensions>
      </trkpt>
      <trkpt lat="51.0556780" lon="-114.0484840">
        <ele>1039.5</ele>
        <time>2026-08-19T12:15:52Z</time>
        <extensions>
          <gpxtpx:TrackPointExtension>
            <gpxtpx:hr>150</gpxtpx:hr>
            <gpxtpx:cad>85</gpxtpx:cad>
            <gpxtpx:atemp>17.0</gpxtpx:atemp>
          </gpxtpx:TrackPointExtension>
        </extensions>
      </trkpt>
      <trkpt lat="51.0556783" lon="-114.0485193">
        <ele>1040.0</ele>
        <time>2026-08-19T12:15:53Z</time>
        <extensions>
          <gpxtpx:TrackPointExtension>
            <gpxtpx:hr>151</gpxtpx:hr>
            <gpxtpx:cad>84</gpxtpx:cad>
            <gpxtpx:atemp>17.4</gpxtpx:atemp>
          </gpxtpx:TrackPointExtension>
        </extensions>
      </trkpt>
      <trkpt lat="51.0556760" lon="-114.0485682">
        <ele>1040.3</ele>
        <time>2026-08-19T12:15:54Z</time>
        <extensions>
          <gpxtpx:TrackPointExtension>
            <gpxtpx:hr>151</gpxtpx:hr>
            <gpxtpx:cad>87</gpxtpx:cad>
            <gpxtpx:atemp>16.9</gpxtpx:atemp>
          </gpxtpx:TrackPointExtension>
        </extensions>
      </trkpt>
      <trkpt lat="51.0556664" lon="-114.0486142">
        <ele>1040.2</ele>
        <time>2026-08-19T12:15:55Z</time>
        <extensions>
          <gpxtpx:TrackPointExtension>
            <gpxtpx:hr>152</gpxtpx:hr>
            <gpxtpx:cad>87</gpxtpx:cad>
            <gpxtpx:atemp>17.3</gpxtpx:atemp>
          </gpxtpx:TrackPointExtension>
        </extensions>
      </trkpt>
      <trkpt lat="51.0556608" lon="-114.0486545">
        <ele>1040.9</ele>
        <time>2026-08-19T12:15:56Z</time>
        <extensions>
          <gpxtpx:TrackPointExtension>
            <gpxtpx:hr>152</gpxtpx:hr>
            <gpxtpx:cad>87</gpxtpx:cad>
            <gpxtpx:atemp>17.3</gpxtpx:atemp>
          </gpxtpx:TrackPointExtension>
        </extensions>
      </trkpt>
      <trkpt lat="51.0556484" lon="-114.0487281">
        <ele>1041.4</ele>
        <time>2026-08-19T12:15:57Z</time>
        <extensions>
          <gpxtpx:TrackPointExtension>
            <gpxtpx:hr>152</gpxtpx:hr>
            <gpxtpx:cad>87</gpxtpx:cad>
            <gpxtpx:atemp>17.1</gpxtpx:atemp>
          </gpxtpx:TrackPointExtension>
        </extensions>
      </trkpt>
      <trkpt lat="51.0556328" lon="-114.0487794">
        <ele>1040.6</ele>
        <time>2026-08-19T12:15:58Z</time>
        <extensions>
          <gpxtpx:TrackPointExtension>
            <gpxtpx:hr>152</gpxtpx:hr>
            <gpxtpx:cad>87</gpxtpx:cad>
            <gpxtpx:atemp>16.9</gpxtpx:atemp>
          </gpxtpx:TrackPointExtension>
        </extensions>
      </trkpt>
      <trkpt lat="51.0556348" lon="-114.0488000">
        <ele>1040.5</ele>
        <time>2026-08-19T12:15:59Z</time>
        <extensions>
          <gpxtpx:TrackPointExtension>
            <gpxtpx:hr>152</gpxtpx:hr>
            <gpxtpx:cad>84</gpxtpx:cad>
            <gpxtpx:atemp>17.3</gpxtpx:atemp>
          </gpxtpx:TrackPointExtension>
        </extensions>
      </trkpt>
      <trkpt lat="51.0556408" lon="-114.0488567">
        <ele>1041.1</ele>
        <time>2026-08-19T12:16:00Z</time>
        <extensions>
          <gpxtpx:TrackPointExtension>
            <gpxtpx:hr>152</gpxtpx:hr>
            <gpxtpx:cad>85</gpxtpx:cad>
            <gpxtpx:atemp>17.3</gpxtpx:atemp>
          </gpxtpx:TrackPointExtension>
        </extensions>
      </trkpt>
      <trkpt lat="51.0556402" lon="-114.0489282">
        <ele>1040.5</ele>
        <time>2026-08-19T12:16:01Z</time>
        <extensions>
          <gpxtpx:TrackPointExtension>
            <gpxtpx:hr>151</gpxtpx:hr>
            <gpxtpx:cad>84</gpxtpx:cad>
            <gpxtpx:atemp>17.0</gpxtpx:atemp>
          </gpxtpx:TrackPointExtension>
        </extensions>
      </trkpt>
      <trkpt lat="51.0556275" lon="-114.0489589">
        <ele>1040.1</ele>
        <time>2026-08-19T12:16:02Z</time>
        <extensions>
          <gpxtpx:TrackPointExtension>
            <gpxtpx:hr>151</gpxtpx:hr>
            <gpxtpx:cad>87</gpxtpx:cad>
            <gpxtpx:atemp>17.0</gpxtpx:atemp>
          </gpxtpx:TrackPointExtension>
        </extensions>
      </trkpt>
      <trkpt lat="51.0556390" lon="-114.0489957">
        <ele>1040.2</ele>
        <time>2026-08-19T12:16:03Z</time>
        <extensions>
          <gpxtpx:TrackPointExtension>
            <gpxtpx:hr>150</gpxtpx:hr>
            <gpxtpx:cad>86</gpxtpx:cad>
            <gpxtpx:atemp>17.5</gpxtpx:atemp>
          </gpxtpx:TrackPointExtension>
        </extensions>
      </trkpt>
      <trkpt lat="51.0556422" lon="-114.0490397">
        <ele>1039.9</ele>
        <time>2026-08-19T12:16:04Z</time>
        <extensions>
          <gpxtpx:TrackPointExtension>
            <gpxtpx:hr>150</gpxtpx:hr>
            <gpxtpx:cad>86</gpxtpx:cad>
            <gpxtpx:atemp>16.9</gpxtpx:atemp>
          </gpxtpx:TrackPointExtension>
        </extensions>
      </trkpt>
      <trkpt lat="51.0556341" lon="-114.0491113">
        <ele>1040.1</ele>
        <time>2026-08-19T12:16:05Z</time>
        <extensions>
          <gpxtpx:TrackPointExtension>
            <gpxtpx:hr>151</gpxtpx:hr>
            <gpxtpx:cad>86</gpxtpx:cad>
            <gpxtpx:atemp>17.1</gpxtpx:atemp>
          </gpxtpx:TrackPointExtension>
        </extensions>
      </trkpt>
      <trkpt lat="51.0556162" lon="-114.0491704">
        <ele>1040.7</ele>
        <time>2026-08-19T12:16:06Z</time>
        <extensions>
          <gpxtpx:TrackPointExtension>
            <gpxtpx:hr>151</gpxtpx:hr>
            <gpxtpx:cad>85</gpxtpx:cad>
            <gpxtpx:atemp>16.8</gpxtpx:atemp>
          </gpxtpx:TrackPointExtension>
        </extensions>
      </trkpt>
      <trkpt lat="51.0555968" lon="-114.0492363">
        <ele>1040.7</ele>
        <time>2026-08-19T12:16:07Z</time>
        <extensions>
          <gpxtpx:TrackPointExtension>
            <gpxtpx:hr>150</gpxtpx:hr>
            <gpxtpx:cad>87</gpxtpx:cad>
            <gpxtpx:atemp>16.8</gpxtpx:atemp>
          </gpxtpx:TrackPointExtension>
        </extensions>
      </trkpt>
      <trkpt lat="51.0556072" lon="-114.0492840">
        <ele>1040.3</ele>
        <time>2026-08-19T12:16:08Z</time>
        <extensions>
          <gpxtpx:TrackPointExtension>
            <gpxtpx:hr>150</gpxtpx:hr>
            <gpxtpx:cad>87</gpxtpx:cad>
            <gpxtpx:atemp>17.0</gpxtpx:atemp>
          </gpxtpx:TrackPointExtension>
        </extensions>
      </trkpt>
      <trkpt lat="51.0556059" lon="-114.0492845">
        <ele>1040.1</ele>
        <time>2026-08-19T12:16:09Z</time>
        <extensions>
          <gpxtpx:TrackPointExtension>
            <gpxtpx:hr>150</gpxtpx:hr>
            <gpxtpx:cad>87</gpxtpx:cad>
            <gpxtpx:atemp>16.8</gpxtpx:atemp>
          </gpxtpx:TrackPointExtension>
        </extensions>
      </trkpt>
      <trkpt lat="51.0555968" lon="-114.0493541">
        <ele>1041.0</ele>
        <time>2026-08-19T12:16:10Z</time>
        <extensions>
          <gpxtpx:TrackPointExtension>
            <gpxtpx:hr>151</gpxtpx:hr>
            <gpxtpx:cad>87</gpxtpx:cad>
            <gpxtpx:atemp>17.0</gpxtpx:atemp>
          </gpxtpx:TrackPointExtension>
        </extensions>
      </trkpt>
      <trkpt lat="51.0555838" lon="-114.0494196">
        <ele>1041.7</ele>
        <time>2026-08-19T12:16:11Z</time>
        <extensions>
          <gpxtpx:TrackPointExtension>
            <gpxtpx:hr>151</gpxtpx:hr>
            <gpxtpx:cad>86</gpxtpx:cad>
            <gpxtpx:atemp>17.1</gpxtpx:atemp>
          </gpxtpx:TrackPointExtension>
        </extensions>
      </trkpt>
      <trkpt lat="51.0555705" lon="-114.0494606">
        <ele>1040.8</ele>
        <time>2026-08-19T12:16:12Z</time>
        <extensions>
          <gpxtpx:TrackPointExtension>
            <gpxtpx:hr>150</gpxtpx:hr>
            <gpxtpx:cad>87</gpxtpx:cad>
            <gpxtpx:atemp>16.3</gpxtpx:atemp>
          </gpxtpx:TrackPointExtension>
        </extensions>
      </trkpt>
      <trkpt lat="51.0555503" lon="-114.0494952">
        <ele>1040.2</ele>
        <time>2026-08-19T12:16:13Z</time>
        <extensions>
          <gpxtpx:TrackPointExtension>
            <gpxtpx:hr>150</gpxtpx:hr>
            <gpxtpx:cad>84</gpxtpx:cad>
            <gpxtpx:atemp>17.1</gpxtpx:atemp>
          </gpxtpx:TrackPointExtension>
        </extensions>
      </trkpt>
      <trkpt lat="51.0555480" lon="-114.0495563">
        <ele>1040.2</ele>
        <time>2026-08-19T12:16:14Z</time>
        <extensions>
          <gpxtpx:TrackPointExtension>
            <gpxtpx:hr>149</gpxtpx:hr>
            <gpxtpx:cad>87</gpxtpx:cad>
            <gpxtpx:atemp>17.1</gpxtpx:atemp>
          </gpxtpx:TrackPointExtension>
        </extensions>
      </trkpt>
      <trkpt lat="51.0555490" lon="-114.0496178">
        <ele>1040.7</ele>
        <time>2026-08-19T12:16:15Z</time>
        <extensions>
          <gpxtpx:TrackPointExtension>
            <gpxtpx:hr>150</gpxtpx:hr>
            <gpxtpx:cad>86</gpxtpx:cad>
            <gpxtpx:atemp>16.9</gpxtpx:atemp>
          </gpxtpx:TrackPointExtension>
        </extensions>
      </trkpt>
      <trkpt lat="51.0555330" lon="-114.0496323">
        <ele>1041.0</ele>
        <time>2026-08-19T12:16:16Z</time>
        <extensions>
          <gpxtpx:TrackPointExtension>
            <gpxtpx:hr>151</gpxtpx:hr>
            <gpxtpx:cad>87</gpxtpx:cad>
            <gpxtpx:atemp>16.8</gpxtpx:atemp>
          </gpxtpx:TrackPointExtension>
        </extensions>
      </trkpt>
      <trkpt lat="51.0555413" lon="-114.0496767">
        <ele>1041.6</ele>
        <time>2026-08-19T12:16:17Z</time>
        <extensions>
          <gpxtpx:TrackPointExtension>
            <gpxtpx:hr>151</gpxtpx:hr>
            <gpxtpx:cad>86</gpxtpx:cad>
            <gpxtpx:atemp>17.2</gpxtpx:atemp>
          </gpxtpx:TrackPointExtension>
        </extensions>
      </trkpt>
      <trkpt lat="51.0555267" lon="-114.0497371">
        <ele>1040.7</ele>
        <time>2026-08-19T12:16:18Z</time>
        <extensions>
          <gpxtpx:TrackPointExtension>
            <gpxtpx:hr>151</gpxtpx:hr>
            <gpxtpx:cad>84</gpxtpx:cad>
            <gpxtpx:atemp>17.3</gpxtpx:atemp>
          </gpxtpx:TrackPointExtension>
        </extensions>
      </trkpt>
      <trkpt lat="51.0555251" lon="-114.0497679">
        <ele>1040.4</ele>
        <time>2026-08-19T12:16:19Z</time>
        <extensions>
          <gpxtpx:TrackPointExtension>
            <gpxtpx:hr>150</gpxtpx:hr>
            <gpxtpx:cad>83</gpxtpx:cad>
            <gpxtpx:atemp>16.9</gpxtpx:atemp>
          </gpxtpx:TrackPointExtension>
        </extensions>
      </trkpt>
      <trkpt lat="51.0555250" lon="-114.0497898">
        <ele>1040.6</ele>
        <time>2026-08-19T12:16:20Z</time>
        <extensions>
          <gpxtpx:TrackPointExtension>
            <gpxtpx:hr>150</gpxtpx:hr>
            <gpxtpx:cad>85</gpxtpx:cad>
            <gpxtpx:atemp>16.9</gpxtpx:atemp>
          </gpxtpx:TrackPointExtension>
        </extensions>
      </trkpt>
      <trkpt lat="51.0555190" lon="-114.0497936">
        <ele>1041.6</ele>
        <time>2026-08-19T12:16:21Z</time>
        <extensions>
          <gpxtpx:TrackPointExtension>
            <gpxtpx:hr>150</gpxtpx:hr>
            <gpxtpx:cad>87</gpxtpx:cad>
            <gpxtpx:atemp>17.4</gpxtpx:atemp>
          </gpxtpx:TrackPointExtension>
        </extensions>
      </trkpt>
      <trkpt lat="51.0555077" lon="-114.0498309">
        <ele>1041.0</ele>
        <time>2026-08-19T12:16:22Z</time>
        <extensions>
          <gpxtpx:TrackPointExtension>
            <gpxtpx:hr>150</gpxtpx:hr>
            <gpxtpx:cad>86</gpxtpx:cad>
            <gpxtpx:atemp>17.0</gpxtpx:atemp>
          </gpxtpx:TrackPointExtension>
        </extensions>
      </trkpt>
      <trkpt lat="51.0555029" lon="-114.0498644">
        <ele>1041.0</ele>
        <time>2026-08-19T12:16:23Z</time>
        <extensions>
          <gpxtpx:TrackPointExtension>
            <gpxtpx:hr>149</gpxtpx:hr>
            <gpxtpx:cad>87</gpxtpx:cad>
            <gpxtpx:atemp>17.0</gpxtpx:atemp>
          </gpxtpx:TrackPointExtension>
        </extensions>
      </trkpt>
      <trkpt lat="51.0554949" lon="-114.0499289">
        <ele>1041.3</ele>
        <time>2026-08-19T12:16:24Z</time>
        <extensions>
          <gpxtpx:TrackPointExtension>
            <gpxtpx:hr>149</gpxtpx:hr>
            <gpxtpx:cad>86</gpxtpx:cad>
            <gpxtpx:atemp>17.0</gpxtpx:atemp>
          </gpxtpx:TrackPointExtension>
        </extensions>
      </trkpt>
      <trkpt lat="51.0554779" lon="-114.0499749">
        <ele>1041.2</ele>
        <time>2026-08-19T12:16:25Z</time>
        <extensions>
          <gpxtpx:TrackPointExtension>
            <gpxtpx:hr>149</gpxtpx:hr>
            <gpxtpx:cad>87</gpxtpx:cad>
            <gpxtpx:atemp>17.0</gpxtpx:atemp>
          </gpxtpx:TrackPointExtension>
        </extensions>
      </trkpt>
      <trkpt lat="51.0554829" lon="-114.0500484">
        <ele>1041.5</ele>
        <time>2026-08-19T12:16:26Z</time>
        <extensions>
          <gpxtpx:TrackPointExtension>
            <gpxtpx:hr>149</gpxtpx:hr>
            <gpxtpx:cad>88</gpxtpx:cad>
            <gpxtpx:atemp>17.6</gpxtpx:atemp>
          </gpxtpx:TrackPointExtension>
        </extensions>
      </trkpt>
      <trkpt lat="51.0554509" lon="-114.0501088">
        <ele>1041.7</ele>
        <time>2026-08-19T12:16:27Z</time>
        <extensions>
          <gpxtpx:TrackPointExtension>
            <gpxtpx:hr>150</gpxtpx:hr>
            <gpxtpx:cad>84</gpxtpx:cad>
            <gpxtpx:atemp>17.2</gpxtpx:atemp>
          </gpxtpx:TrackPointExtension>
        </extensions>
      </trkpt>
      <trkpt lat="51.0554571" lon="-114.0501483">
        <ele>1042.1</ele>
        <time>2026-08-19T12:16:28Z</time>
        <extensions>
          <gpxtpx:TrackPointExtension>
            <gpxtpx:hr>150</gpxtpx:hr>
            <gpxtpx:cad>86</gpxtpx:cad>
            <gpxtpx:atemp>17.4</gpxtpx:atemp>
          </gpxtpx:TrackPointExtension>
        </extensions>
      </trkpt>
      <trkpt lat="51.0554565" lon="-114.0501957">
        <ele>1041.8</ele>
        <time>2026-08-19T12:16:29Z</time>
        <extensions>
          <gpxtpx:TrackPointExtension>
            <gpxtpx:hr>152</gpxtpx:hr>
            <gpxtpx:cad>84</gpxtpx:cad>
            <gpxtpx:atemp>17.0</gpxtpx:atemp>
          </gpxtpx:TrackPointExtension>
        </extensions>
      </trkpt>
      <trkpt lat="51.0554544" lon="-114.0502241">
        <ele>1041.3</ele>
        <time>2026-08-19T12:16:30Z</time>
        <extensions>
          <gpxtpx:TrackPointExtension>
            <gpxtpx:hr>151</gpxtpx:hr>
            <gpxtpx:cad>85</gpxtpx:cad>
            <gpxtpx:atemp>16.6</gpxtpx:atemp>
          </gpxtpx:TrackPointExtension>
        </extensions>
      </trkpt>
      <trkpt lat="51.0554301" lon="-114.0502994">
        <ele>1040.7</ele>
        <time>2026-08-19T12:16:31Z</time>
        <extensions>
          <gpxtpx:TrackPointExtension>
            <gpxtpx:hr>151</gpxtpx:hr>
            <gpxtpx:cad>86</gpxtpx:cad>
            <gpxtpx:atemp>17.1</gpxtpx:atemp>
          </gpxtpx:TrackPointExtension>
        </extensions>
      </trkpt>
      <trkpt lat="51.0554219" lon="-114.0503687">
        <ele>1040.6</ele>
        <time>2026-08-19T12:16:32Z</time>
        <extensions>
          <gpxtpx:TrackPointExtension>
            <gpxtpx:hr>151</gpxtpx:hr>
            <gpxtpx:cad>84</gpxtpx:cad>
            <gpxtpx:atemp>17.0</gpxtpx:atemp>
          </gpxtpx:TrackPointExtension>
        </extensions>
      </trkpt>
      <trkpt lat="51.0554236" lon="-114.0504195">
        <ele>1041.1</ele>
        <time>2026-08-19T12:16:33Z</time>
        <extensions>
          <gpxtpx:TrackPointExtension>
            <gpxtpx:hr>151</gpxtpx:hr>
            <gpxtpx:cad>86</gpxtpx:cad>
            <gpxtpx:atemp>16.9</gpxtpx:atemp>
          </gpxtpx:TrackPointExtension>
        </extensions>
      </trkpt>
      <trkpt lat="51.0554194" lon="-114.0504347">
        <ele>1041.5</ele>
        <time>2026-08-19T12:16:34Z</time>
        <extensions>
          <gpxtpx:TrackPointExtension>
            <gpxtpx:hr>151</gpxtpx:hr>
            <gpxtpx:cad>85</gpxtpx:cad>
            <gpxtpx:atemp>17.4</gpxtpx:atemp>
          </gpxtpx:TrackPointExtension>
        </extensions>
      </trkpt>
      <trkpt lat="51.0554072" lon="-114.0504964">
        <ele>1041.3</ele>
        <time>2026-08-19T12:16:35Z</time>
        <extensions>
          <gpxtpx:TrackPointExtension>
            <gpxtpx:hr>152</gpxtpx:hr>
            <gpxtpx:cad>86</gpxtpx:cad>
            <gpxtpx:atemp>16.8</gpxtpx:atemp>
          </gpxtpx:TrackPointExtension>
        </extensions>
      </trkpt>
      <trkpt lat="51.0554007" lon="-114.0505334">
        <ele>1040.4</ele>
        <time>2026-08-19T12:16:36Z</time>
        <extensions>
          <gpxtpx:TrackPointExtension>
            <gpxtpx:hr>152</gpxtpx:hr>
            <gpxtpx:cad>88</gpxtpx:cad>
            <gpxtpx:atemp>16.3</gpxtpx:atemp>
          </gpxtpx:TrackPointExtension>
        </extensions>
      </trkpt>
      <trkpt lat="51.0554024" lon="-114.0506128">
        <ele>1040.7</ele>
        <time>2026-08-19T12:16:37Z</time>
        <extensions>
          <gpxtpx:TrackPointExtension>
            <gpxtpx:hr>153</gpxtpx:hr>
            <gpxtpx:cad>86</gpxtpx:cad>
            <gpxtpx:atemp>17.6</gpxtpx:atemp>
          </gpxtpx:TrackPointExtension>
        </extensions>
      </trkpt>
      <trkpt lat="51.0554027" lon="-114.0506189">
        <ele>1040.5</ele>
        <time>2026-08-19T12:16:38Z</time>
        <extensions>
          <gpxtpx:TrackPointExtension>
            <gpxtpx:hr>153</gpxtpx:hr>
            <gpxtpx:cad>85</gpxtpx:cad>
            <gpxtpx:atemp>17.1</gpxtpx:atemp>
          </gpxtpx:TrackPointExtension>
        </extensions>
      </trkpt>
      <trkpt lat="51.0553958" lon="-114.0506950">
        <ele>1040.5</ele>
        <time>2026-08-19T12:16:39Z</time>
        <extensions>
          <gpxtpx:TrackPointExtension>
            <gpxtpx:hr>153</gpxtpx:hr>
            <gpxtpx:cad>86</gpxtpx:cad>
            <gpxtpx:atemp>17.2</gpxtpx:atemp>
          </gpxtpx:TrackPointExtension>
        </extensions>
      </trkpt>
      <trkpt lat="51.0553792" lon="-114.0507307">
        <ele>1041.2</ele>
        <time>2026-08-19T12:16:40Z</time>
        <extensions>
          <gpxtpx:TrackPointExtension>
            <gpxtpx:hr>153</gpxtpx:hr>
            <gpxtpx:cad>84</gpxtpx:cad>
            <gpxtpx:atemp>17.6</gpxtpx:atemp>
          </gpxtpx:TrackPointExtension>
        </extensions>
      </trkpt>
      <trkpt lat="51.0553646" lon="-114.0507641">
        <ele>1041.6</ele>
        <time>2026-08-19T12:16:41Z</time>
        <extensions>
          <gpxtpx:TrackPointExtension>
            <gpxtpx:hr>153</gpxtpx:hr>
            <gpxtpx:cad>86</gpxtpx:cad>
            <gpxtpx:atemp>17.1</gpxtpx:atemp>
          </gpxtpx:TrackPointExtension>
        </extensions>
      </trkpt>
      <trkpt lat="51.0553548" lon="-114.0508522">
        <ele>1042.3</ele>
        <time>2026-08-19T12:16:42Z</time>
        <extensions>
          <gpxtpx:TrackPointExtension>
            <gpxtpx:hr>153</gpxtpx:hr>
            <gpxtpx:cad>86</gpxtpx:cad>
            <gpxtpx:atemp>16.8</gpxtpx:atemp>
          </gpxtpx:TrackPointExtension>
        </extensions>
      </trkpt>
      <trkpt lat="51.0553453" lon="-114.0509021">
        <ele>1042.2</ele>
        <time>2026-08-19T12:16:43Z</time>
        <extensions>
          <gpxtpx:TrackPointExtension>
            <gpxtpx:hr>152</gpxtpx:hr>
            <gpxtpx:cad>88</gpxtpx:cad>
            <gpxtpx:atemp>17.1</gpxtpx:atemp>
          </gpxtpx:TrackPointExtension>
        </extensions>
      </trkpt>
      <trkpt lat="51.0553391" lon="-114.0509411">
        <ele>1043.0</ele>
        <time>2026-08-19T12:16:44Z</time>
        <extensions>
          <gpxtpx:TrackPointExtension>
            <gpxtpx:hr>153</gpxtpx:hr>
            <gpxtpx:cad>87</gpxtpx:cad>
            <gpxtpx:atemp>17.3</gpxtpx:atemp>
          </gpxtpx:TrackPointExtension>
        </extensions>
      </trkpt>
      <trkpt lat="51.0553399" lon="-114.0509791">
        <ele>1042.4</ele>
        <time>2026-08-19T12:16:45Z</time>
        <extensions>
          <gpxtpx:TrackPointExtension>
            <gpxtpx:hr>153</gpxtpx:hr>
            <gpxtpx:cad>86</gpxtpx:cad>
            <gpxtpx:atemp>16.9</gpxtpx:atemp>
          </gpxtpx:TrackPointExtension>
        </extensions>
      </trkpt>
      <trkpt lat="51.0553372" lon="-114.0510092">
        <ele>1041.7</ele>
        <time>2026-08-19T12:16:46Z</time>
        <extensions>
          <gpxtpx:TrackPointExtension>
            <gpxtpx:hr>152</gpxtpx:hr>
            <gpxtpx:cad>89</gpxtpx:cad>
            <gpxtpx:atemp>16.6</gpxtpx:atemp>
          </gpxtpx:TrackPointExtension>
        </extensions>
      </trkpt>
      <trkpt lat="51.0553298" lon="-114.0510660">
        <ele>1041.5</ele>
        <time>2026-08-19T12:16:47Z</time>
        <extensions>
          <gpxtpx:TrackPointExtension>
            <gpxtpx:hr>153</gpxtpx:hr>
            <gpxtpx:cad>88</gpxtpx:cad>
            <gpxtpx:atemp>16.9</gpxtpx:atemp>
          </gpxtpx:TrackPointExtension>
        </extensions>
      </trkpt>
      <trkpt lat="51.0553435" lon="-114.0510967">
        <ele>1040.9</ele>
        <time>2026-08-19T12:16:48Z</time>
        <extensions>
          <gpxtpx:TrackPointExtension>
            <gpxtpx:hr>153</gpxtpx:hr>
            <gpxtpx:cad>84</gpxtpx:cad>
            <gpxtpx:atemp>17.0</gpxtpx:atemp>
          </gpxtpx:TrackPointExtension>
        </extensions>
      </trkpt>
      <trkpt lat="51.0553398" lon="-114.0511489">
        <ele>1041.6</ele>
        <time>2026-08-19T12:16:49Z</time>
        <extensions>
          <gpxtpx:TrackPointExtension>
            <gpxtpx:hr>152</gpxtpx:hr>
            <gpxtpx:cad>88</gpxtpx:cad>
            <gpxtpx:atemp>16.7</gpxtpx:atemp>
          </gpxtpx:TrackPointExtension>
        </extensions>
      </trkpt>
      <trkpt lat="51.0553422" lon="-114.0512571">
        <ele>1042.5</ele>
        <time>2026-08-19T12:16:50Z</time>
        <extensions>
          <gpxtpx:TrackPointExtension>
            <gpxtpx:hr>152</gpxtpx:hr>
            <gpxtpx:cad>87</gpxtpx:cad>
            <gpxtpx:atemp>16.6</gpxtpx:atemp>
          </gpxtpx:TrackPointExtension>
        </extensions>
      </trkpt>
      <trkpt lat="51.0553568" lon="-114.0513177">
        <ele>1042.1</ele>
        <time>2026-08-19T12:16:51Z</time>
        <extensions>
          <gpxtpx:TrackPointExtension>
            <gpxtpx:hr>152</gpxtpx:hr>
            <gpxtpx:cad>86</gpxtpx:cad>
            <gpxtpx:atemp>17.0</gpxtpx:atemp>
          </gpxtpx:TrackPointExtension>
        </extensions>
      </trkpt>
      <trkpt lat="51.0553390" lon="-114.0513242">
        <ele>1041.9</ele>
        <time>2026-08-19T12:16:52Z</time>
        <extensions>
          <gpxtpx:TrackPointExtension>
            <gpxtpx:hr>152</gpxtpx:hr>
            <gpxtpx:cad>87</gpxtpx:cad>
            <gpxtpx:atemp>16.9</gpxtpx:atemp>
          </gpxtpx:TrackPointExtension>
        </extensions>
      </trkpt>
      <trkpt lat="51.0553201" lon="-114.0513761">
        <ele>1041.3</ele>
        <time>2026-08-19T12:16:53Z</time>
        <extensions>
          <gpxtpx:TrackPointExtension>
            <gpxtpx:hr>152</gpxtpx:hr>
            <gpxtpx:cad>86</gpxtpx:cad>
            <gpxtpx:atemp>17.4</gpxtpx:atemp>
          </gpxtpx:TrackPointExtension>
        </extensions>
      </trkpt>
      <trkpt lat="51.0552999" lon="-114.0514239">
        <ele>1041.3</ele>
        <time>2026-08-19T12:16:54Z</time>
        <extensions>
          <gpxtpx:TrackPointExtension>
            <gpxtpx:hr>152</gpxtpx:hr>
            <gpxtpx:cad>87</gpxtpx:cad>
            <gpxtpx:atemp>17.1</gpxtpx:atemp>
          </gpxtpx:TrackPointExtension>
        </extensions>
      </trkpt>
      <trkpt lat="51.0552888" lon="-114.0514681">
        <ele>1042.3</ele>
        <time>2026-08-19T12:16:55Z</time>
        <extensions>
          <gpxtpx:TrackPointExtension>
            <gpxtpx:hr>152</gpxtpx:hr>
            <gpxtpx:cad>84</gpxtpx:cad>
            <gpxtpx:atemp>17.1</gpxtpx:atemp>
          </gpxtpx:TrackPointExtension>
        </extensions>
      </trkpt>
      <trkpt lat="51.0552730" lon="-114.0514935">
        <ele>1041.7</ele>
        <time>2026-08-19T12:16:56Z</time>
        <extensions>
          <gpxtpx:TrackPointExtension>
            <gpxtpx:hr>153</gpxtpx:hr>
            <gpxtpx:cad>85</gpxtpx:cad>
            <gpxtpx:atemp>16.7</gpxtpx:atemp>
          </gpxtpx:TrackPointExtension>
        </extensions>
      </trkpt>
      <trkpt lat="51.0552776" lon="-114.0515160">
        <ele>1041.8</ele>
        <time>2026-08-19T12:16:57Z</time>
        <extensions>
          <gpxtpx:TrackPointExtension>
            <gpxtpx:hr>153</gpxtpx:hr>
            <gpxtpx:cad>84</gpxtpx:cad>
            <gpxtpx:atemp>16.8</gpxtpx:atemp>
          </gpxtpx:TrackPointExtension>
        </extensions>
      </trkpt>
      <trkpt lat="51.0552889" lon="-114.0515507">
        <ele>1041.3</ele>
        <time>2026-08-19T12:16:58Z</time>
        <extensions>
          <gpxtpx:TrackPointExtension>
            <gpxtpx:hr>152</gpxtpx:hr>
            <gpxtpx:cad>83</gpxtpx:cad>
            <gpxtpx:atemp>16.8</gpxtpx:atemp>
          </gpxtpx:TrackPointExtension>
        </extensions>
      </trkpt>
      <trkpt lat="51.0552827" lon="-114.0515834">
        <ele>1041.2</ele>
        <time>2026-08-19T12:16:59Z</time>
        <extensions>
          <gpxtpx:TrackPointExtension>
            <gpxtpx:hr>153</gpxtpx:hr>
            <gpxtpx:cad>85</gpxtpx:cad>
            <gpxtpx:atemp>16.7</gpxtpx:atemp>
          </gpxtpx:TrackPointExtension>
        </extensions>
      </trkpt>
      <trkpt lat="51.0552750" lon="-114.0516269">
        <ele>1041.1</ele>
        <time>2026-08-19T12:17:00Z</time>
        <extensions>
          <gpxtpx:TrackPointExtension>
            <gpxtpx:hr>153</gpxtpx:hr>
            <gpxtpx:cad>86</gpxtpx:cad>
            <gpxtpx:atemp>17.6</gpxtpx:atemp>
          </gpxtpx:TrackPointExtension>
        </extensions>
      </trkpt>
      <trkpt lat="51.0552636" lon="-114.0517047">
        <ele>1040.6</ele>
        <time>2026-08-19T12:17:01Z</time>
        <extensions>
          <gpxtpx:TrackPointExtension>
            <gpxtpx:hr>153</gpxtpx:hr>
            <gpxtpx:cad>87</gpxtpx:cad>
            <gpxtpx:atemp>16.9</gpxtpx:atemp>
          </gpxtpx:TrackPointExtension>
        </extensions>
      </trkpt>
      <trkpt lat="51.0552528" lon="-114.0517295">
        <ele>1040.3</ele>
        <time>2026-08-19T12:17:02Z</time>
        <extensions>
          <gpxtpx:TrackPointExtension>
            <gpxtpx:hr>154</gpxtpx:hr>
            <gpxtpx:cad>84</gpxtpx:cad>
            <gpxtpx:atemp>16.7</gpxtpx:atemp>
          </gpxtpx:TrackPointExtension>
        </extensions>
      </trkpt>
      <trkpt lat="51.0552412" lon="-114.0517672">
        <ele>1040.7</ele>
        <time>2026-08-19T12:17:03Z</time>
        <extensions>
          <gpxtpx:TrackPointExtension>
            <gpxtpx:hr>154</gpxtpx:hr>
            <gpxtpx:cad>86</gpxtpx:cad>
            <gpxtpx:atemp>16.8</gpxtpx:atemp>
          </gpxtpx:TrackPointExtension>
        </extensions>
      </trkpt>
      <trkpt lat="51.0552295" lon="-114.0518074">
        <ele>1040.5</ele>
        <time>2026-08-19T12:17:04Z</time>
        <extensions>
          <gpxtpx:TrackPointExtension>
            <gpxtpx:hr>154</gpxtpx:hr>
            <gpxtpx:cad>84</gpxtpx:cad>
            <gpxtpx:atemp>17.2</gpxtpx:atemp>
          </gpxtpx:TrackPointExtension>
        </extensions>
      </trkpt>
      <trkpt lat="51.0552133" lon="-114.0518080">
        <ele>1040.7</ele>
        <time>2026-08-19T12:17:05Z</time>
        <extensions>
          <gpxtpx:TrackPointExtension>
            <gpxtpx:hr>154</gpxtpx:hr>
            <gpxtpx:cad>86</gpxtpx:cad>
            <gpxtpx:atemp>16.8</gpxtpx:atemp>
          </gpxtpx:TrackPointExtension>
        </extensions>
      </trkpt>
      <trkpt lat="51.0552166" lon="-114.0518591">
        <ele>1040.5</ele>
        <time>2026-08-19T12:17:06Z</time>
        <extensions>
          <gpxtpx:TrackPointExtension>
            <gpxtpx:hr>153</gpxtpx:hr>
            <gpxtpx:cad>86</gpxtpx:cad>
            <gpxtpx:atemp>17.1</gpxtpx:atemp>
          </gpxtpx:TrackPointExtension>
        </extensions>
      </trkpt>
      <trkpt lat="51.0552087" lon="-114.0518726">
        <ele>1041.0</ele>
        <time>2026-08-19T12:17:07Z</time>
        <extensions>
          <gpxtpx:TrackPointExtension>
            <gpxtpx:hr>154</gpxtpx:hr>
            <gpxtpx:cad>86</gpxtpx:cad>
            <gpxtpx:atemp>16.8</gpxtpx:atemp>
          </gpxtpx:TrackPointExtension>
        </extensions>
      </trkpt>
      <trkpt lat="51.0551993" lon="-114.0519591">
        <ele>1041.1</ele>
        <time>2026-08-19T12:17:08Z</time>
        <extensions>
          <gpxtpx:TrackPointExtension>
            <gpxtpx:hr>153</gpxtpx:hr>
            <gpxtpx:cad>84</gpxtpx:cad>
            <gpxtpx:atemp>17.3</gpxtpx:atemp>
          </gpxtpx:TrackPointExtension>
        </extensions>
      </trkpt>
      <trkpt lat="51.0552007" lon="-114.0520187">
        <ele>1040.9</ele>
        <time>2026-08-19T12:17:09Z</time>
        <extensions>
          <gpxtpx:TrackPointExtension>
            <gpxtpx:hr>153</gpxtpx:hr>
            <gpxtpx:cad>85</gpxtpx:cad>
            <gpxtpx:atemp>17.1</gpxtpx:atemp>
          </gpxtpx:TrackPointExtension>
        </extensions>
      </trkpt>
      <trkpt lat="51.0552055" lon="-114.0520820">
        <ele>1041.4</ele>
        <time>2026-08-19T12:17:10Z</time>
        <extensions>
          <gpxtpx:TrackPointExtension>
            <gpxtpx:hr>152</gpxtpx:hr>
            <gpxtpx:cad>83</gpxtpx:cad>
            <gpxtpx:atemp>16.8</gpxtpx:atemp>
          </gpxtpx:TrackPointExtension>
        </extensions>
      </trkpt>
      <trkpt lat="51.0552114" lon="-114.0521465">
        <ele>1041.6</ele>
        <time>2026-08-19T12:17:11Z</time>
        <extensions>
          <gpxtpx:TrackPointExtension>
            <gpxtpx:hr>151</gpxtpx:hr>
            <gpxtpx:cad>86</gpxtpx:cad>
            <gpxtpx:atemp>17.2</gpxtpx:atemp>
          </gpxtpx:TrackPointExtension>
        </extensions>
      </trkpt>
      <trkpt lat="51.0552119" lon="-114.0521811">
        <ele>1041.0</ele>
        <time>2026-08-19T12:17:12Z</time>
        <extensions>
          <gpxtpx:TrackPointExtension>
            <gpxtpx:hr>152</gpxtpx:hr>
            <gpxtpx:cad>86</gpxtpx:cad>
            <gpxtpx:atemp>16.4</gpxtpx:atemp>
          </gpxtpx:TrackPointExtension>
        </extensions>
      </trkpt>
      <trkpt lat="51.0552010" lon="-114.0522474">
        <ele>1040.6</ele>
        <time>2026-08-19T12:17:13Z</time>
        <extensions>
          <gpxtpx:TrackPointExtension>
            <gpxtpx:hr>151</gpxtpx:hr>
            <gpxtpx:cad>84</gpxtpx:cad>
            <gpxtpx:atemp>16.8</gpxtpx:atemp>
          </gpxtpx:TrackPointExtension>
        </extensions>
      </trkpt>
      <trkpt lat="51.0551824" lon="-114.0522716">
        <ele>1040.8</ele>
        <time>2026-08-19T12:17:14Z</time>
        <extensions>
          <gpxtpx:TrackPointExtension>
            <gpxtpx:hr>152</gpxtpx:hr>
            <gpxtpx:cad>85</gpxtpx:cad>
            <gpxtpx:atemp>17.2</gpxtpx:atemp>
          </gpxtpx:TrackPointExtension>
        </extensions>
      </trkpt>
      <trkpt lat="51.0551746" lon="-114.0523272">
        <ele>1041.4</ele>
        <time>2026-08-19T12:17:15Z</time>
        <extensions>
          <gpxtpx:TrackPointExtension>
            <gpxtpx:hr>151</gpxtpx:hr>
            <gpxtpx:cad>84</gpxtpx:cad>
            <gpxtpx:atemp>17.1</gpxtpx:atemp>
          </gpxtpx:TrackPointExtension>
        </extensions>
      </trkpt>
      <trkpt lat="51.0551582" lon="-114.0523824">
        <ele>1042.4</ele>
        <time>2026-08-19T12:17:16Z</time>
        <extensions>
          <gpxtpx:TrackPointExtension>
            <gpxtpx:hr>151</gpxtpx:hr>
            <gpxtpx:cad>83</gpxtpx:cad>
            <gpxtpx:atemp>17.3</gpxtpx:atemp>
          </gpxtpx:TrackPointExtension>
        </extensions>
      </trkpt>
      <trkpt lat="51.0551464" lon="-114.0524369">
        <ele>1041.8</ele>
        <time>2026-08-19T12:17:17Z</time>
        <extensions>
          <gpxtpx:TrackPointExtension>
            <gpxtpx:hr>151</gpxtpx:hr>
            <gpxtpx:cad>84</gpxtpx:cad>
            <gpxtpx:atemp>16.8</gpxtpx:atemp>
          </gpxtpx:TrackPointExtension>
        </extensions>
      </trkpt>
      <trkpt lat="51.0551340" lon="-114.0524390">
        <ele>1041.2</ele>
        <time>2026-08-19T12:17:18Z</time>
        <extensions>
          <gpxtpx:TrackPointExtension>
            <gpxtpx:hr>151</gpxtpx:hr>
            <gpxtpx:cad>84</gpxtpx:cad>
            <gpxtpx:atemp>17.0</gpxtpx:atemp>
          </gpxtpx:TrackPointExtension>
        </extensions>
      </trkpt>
      <trkpt lat="51.0551144" lon="-114.0525026">
        <ele>1040.9</ele>
        <time>2026-08-19T12:17:19Z</time>
        <extensions>
          <gpxtpx:TrackPointExtension>
            <gpxtpx:hr>151</gpxtpx:hr>
            <gpxtpx:cad>84</gpxtpx:cad>
            <gpxtpx:atemp>17.2</gpxtpx:atemp>
          </gpxtpx:TrackPointExtension>
        </extensions>
      </trkpt>
      <trkpt lat="51.0550957" lon="-114.0525684">
        <ele>1041.1</ele>
        <time>2026-08-19T12:17:20Z</time>
        <extensions>
          <gpxtpx:TrackPointExtension>
            <gpxtpx:hr>151</gpxtpx:hr>
            <gpxtpx:cad>87</gpxtpx:cad>
            <gpxtpx:atemp>16.9</gpxtpx:atemp>
          </gpxtpx:TrackPointExtension>
        </extensions>
      </trkpt>
      <trkpt lat="51.0550862" lon="-114.0525782">
        <ele>1040.8</ele>
        <time>2026-08-19T12:17:21Z</time>
        <extensions>
          <gpxtpx:TrackPointExtension>
            <gpxtpx:hr>151</gpxtpx:hr>
            <gpxtpx:cad>85</gpxtpx:cad>
            <gpxtpx:atemp>17.5</gpxtpx:atemp>
          </gpxtpx:TrackPointExtension>
        </extensions>
      </trkpt>
      <trkpt lat="51.0550805" lon="-114.0526042">
        <ele>1041.2</ele>
        <time>2026-08-19T12:17:22Z</time>
        <extensions>
          <gpxtpx:TrackPointExtension>
            <gpxtpx:hr>152</gpxtpx:hr>
            <gpxtpx:cad>86</gpxtpx:cad>
            <gpxtpx:atemp>16.9</gpxtpx:atemp>
          </gpxtpx:TrackPointExtension>
        </extensions>
      </trkpt>
      <trkpt lat="51.0550765" lon="-114.0526653">
        <ele>1041.4</ele>
        <time>2026-08-19T12:17:23Z</time>
        <extensions>
          <gpxtpx:TrackPointExtension>
            <gpxtpx:hr>151</gpxtpx:hr>
            <gpxtpx:cad>85</gpxtpx:cad>
            <gpxtpx:atemp>17.0</gpxtpx:atemp>
          </gpxtpx:TrackPointExtension>
        </extensions>
      </trkpt>
      <trkpt lat="51.0550776" lon="-114.0526885">
        <ele>1041.1</ele>
        <time>2026-08-19T12:17:24Z</time>
        <extensions>
          <gpxtpx:TrackPointExtension>
            <gpxtpx:hr>151</gpxtpx:hr>
            <gpxtpx:cad>85</gpxtpx:cad>
            <gpxtpx:atemp>17.2</gpxtpx:atemp>
          </gpxtpx:TrackPointExtension>
        </extensions>
      </trkpt>
      <trkpt lat="51.0550756" lon="-114.0527322">
        <ele>1041.9</ele>
        <time>2026-08-19T12:17:25Z</time>
        <extensions>
          <gpxtpx:TrackPointExtension>
            <gpxtpx:hr>150</gpxtpx:hr>
            <gpxtpx:cad>85</gpxtpx:cad>
            <gpxtpx:atemp>17.0</gpxtpx:atemp>
          </gpxtpx:TrackPointExtension>
        </extensions>
      </trkpt>
      <trkpt lat="51.0550752" lon="-114.0527744">
        <ele>1041.4</ele>
        <time>2026-08-19T12:17:26Z</time>
        <extensions>
          <gpxtpx:TrackPointExtension>
            <gpxtpx:hr>150</gpxtpx:hr>
            <gpxtpx:cad>86</gpxtpx:cad>
            <gpxtpx:atemp>17.2</gpxtpx:atemp>
          </gpxtpx:TrackPointExtension>
        </extensions>
      </trkpt>
      <trkpt lat="51.0550852" lon="-114.0528064">
        <ele>1040.3</ele>
        <time>2026-08-19T12:17:27Z</time>
        <extensions>
          <gpxtpx:TrackPointExtension>
            <gpxtpx:hr>150</gpxtpx:hr>
            <gpxtpx:cad>84</gpxtpx:cad>
            <gpxtpx:atemp>16.9</gpxtpx:atemp>
          </gpxtpx:TrackPointExtension>
        </extensions>
      </trkpt>
      <trkpt lat="51.0550926" lon="-114.0528504">
        <ele>1039.7</ele>
        <time>2026-08-19T12:17:28Z</time>
        <extensions>
          <gpxtpx:TrackPointExtension>
            <gpxtpx:hr>150</gpxtpx:hr>
            <gpxtpx:cad>85</gpxtpx:cad>
            <gpxtpx:atemp>17.3</gpxtpx:atemp>
          </gpxtpx:TrackPointExtension>
        </extensions>
      </trkpt>
      <trkpt lat="51.0550723" lon="-114.0528919">
        <ele>1039.9</ele>
        <time>2026-08-19T12:17:29Z</time>
        <extensions>
          <gpxtpx:TrackPointExtension>
            <gpxtpx:hr>150</gpxtpx:hr>
            <gpxtpx:cad>84</gpxtpx:cad>
            <gpxtpx:atemp>17.0</gpxtpx:atemp>
          </gpxtpx:TrackPointExtension>
        </extensions>
      </trkpt>
      <trkpt lat="51.0550533" lon="-114.0529439">
        <ele>1040.5</ele>
        <time>2026-08-19T12:17:30Z</time>
        <extensions>
          <gpxtpx:TrackPointExtension>
            <gpxtpx:hr>150</gpxtpx:hr>
            <gpxtpx:cad>83</gpxtpx:cad>
            <gpxtpx:atemp>16.9</gpxtpx:atemp>
          </gpxtpx:TrackPointExtension>
        </extensions>
      </trkpt>
      <trkpt lat="51.0550454" lon="-114.0529934">
        <ele>1040.3</ele>
        <time>2026-08-19T12:17:31Z</time>
        <extensions>
          <gpxtpx:TrackPointExtension>
            <gpxtpx:hr>150</gpxtpx:hr>
            <gpxtpx:cad>86</gpxtpx:cad>
            <gpxtpx:atemp>17.3</gpxtpx:atemp>
          </gpxtpx:TrackPointExtension>
        </extensions>
      </trkpt>
      <trkpt lat="51.0550472" lon="-114.0530537">
        <ele>1040.6</ele>
        <time>2026-08-19T12:17:32Z</time>
        <extensions>
          <gpxtpx:TrackPointExtension>
            <gpxtpx:hr>149</gpxtpx:hr>
            <gpxtpx:cad>86</gpxtpx:cad>
            <gpxtpx:atemp>16.7</gpxtpx:atemp>
          </gpxtpx:TrackPointExtension>
        </extensions>
      </trkpt>
      <trkpt lat="51.0550386" lon="-114.0531226">
        <ele>1040.7</ele>
        <time>2026-08-19T12:17:33Z</time>
        <extensions>
          <gpxtpx:TrackPointExtension>
            <gpxtpx:hr>148</gpxtpx:hr>
            <gpxtpx:cad>85</gpxtpx:cad>
            <gpxtpx:atemp>17.6</gpxtpx:atemp>
          </gpxtpx:TrackPointExtension>
        </extensions>
      </trkpt>
      <trkpt lat="51.0550492" lon="-114.0531525">
        <ele>1041.4</ele>
        <time>2026-08-19T12:17:34Z</time>
        <extensions>
          <gpxtpx:TrackPointExtension>
            <gpxtpx:hr>147</gpxtpx:hr>
            <gpxtpx:cad>84</gpxtpx:cad>
            <gpxtpx:atemp>17.3</gpxtpx:atemp>
          </gpxtpx:TrackPointExtension>
        </extensions>
      </trkpt>
      <trkpt lat="51.0550587" lon="-114.0531797">
        <ele>1041.5</ele>
        <time>2026-08-19T12:17:35Z</time>
        <extensions>
          <gpxtpx:TrackPointExtension>
            <gpxtpx:hr>149</gpxtpx:hr>
            <gpxtpx:cad>84</gpxtpx:cad>
            <gpxtpx:atemp>17.0</gpxtpx:atemp>
          </gpxtpx:TrackPointExtension>
        </extensions>
      </trkpt>
      <trkpt lat="51.0550289" lon="-114.0532038">
        <ele>1040.5</ele>
        <time>2026-08-19T12:17:36Z</time>
        <extensions>
          <gpxtpx:TrackPointExtension>
            <gpxtpx:hr>149</gpxtpx:hr>
            <gpxtpx:cad>87</gpxtpx:cad>
            <gpxtpx:atemp>17.4</gpxtpx:atemp>
          </gpxtpx:TrackPointExtension>
        </extensions>
      </trkpt>
      <trkpt lat="51.0550018" lon="-114.0532385">
        <ele>1040.3</ele>
        <time>2026-08-19T12:17:37Z</time>
        <extensions>
          <gpxtpx:TrackPointExtension>
            <gpxtpx:hr>149</gpxtpx:hr>
            <gpxtpx:cad>86</gpxtpx:cad>
            <gpxtpx:atemp>16.9</gpxtpx:atemp>
          </gpxtpx:TrackPointExtension>
        </extensions>
      </trkpt>
      <trkpt lat="51.0549766" lon="-114.0533084">
        <ele>1040.4</ele>
        <time>2026-08-19T12:17:38Z</time>
        <extensions>
          <gpxtpx:TrackPointExtension>
            <gpxtpx:hr>149</gpxtpx:hr>
            <gpxtpx:cad>85</gpxtpx:cad>
            <gpxtpx:atemp>17.3</gpxtpx:atemp>
          </gpxtpx:TrackPointExtension>
        </extensions>
      </trkpt>
      <trkpt lat="51.0549550" lon="-114.0533857">
        <ele>1040.1</ele>
        <time>2026-08-19T12:17:39Z</time>
        <extensions>
          <gpxtpx:TrackPointExtension>
            <gpxtpx:hr>148</gpxtpx:hr>
            <gpxtpx:cad>86</gpxtpx:cad>
            <gpxtpx:atemp>16.6</gpxtpx:atemp>
          </gpxtpx:TrackPointExtension>
        </extensions>
      </trkpt>
      <trkpt lat="51.0549286" lon="-114.0534324">
        <ele>1041.1</ele>
        <time>2026-08-19T12:17:40Z</time>
        <extensions>
          <gpxtpx:TrackPointExtension>
            <gpxtpx:hr>149</gpxtpx:hr>
            <gpxtpx:cad>86</gpxtpx:cad>
            <gpxtpx:atemp>17.3</gpxtpx:atemp>
          </gpxtpx:TrackPointExtension>
        </extensions>
      </trkpt>
      <trkpt lat="51.0549227" lon="-114.0534573">
        <ele>1041.3</ele>
        <time>2026-08-19T12:17:41Z</time>
        <extensions>
          <gpxtpx:TrackPointExtension>
            <gpxtpx:hr>150</gpxtpx:hr>
            <gpxtpx:cad>85</gpxtpx:cad>
            <gpxtpx:atemp>17.1</gpxtpx:atemp>
          </gpxtpx:TrackPointExtension>
        </extensions>
      </trkpt>
      <trkpt lat="51.0549019" lon="-114.0534902">
        <ele>1041.2</ele>
        <time>2026-08-19T12:17:42Z</time>
        <extensions>
          <gpxtpx:TrackPointExtension>
            <gpxtpx:hr>150</gpxtpx:hr>
            <gpxtpx:cad>85</gpxtpx:cad>
            <gpxtpx:atemp>16.7</gpxtpx:atemp>
          </gpxtpx:TrackPointExtension>
        </extensions>
      </trkpt>
      <trkpt lat="51.0548912" lon="-114.0535267">
        <ele>1040.1</ele>
        <time>2026-08-19T12:17:43Z</time>
        <extensions>
          <gpxtpx:TrackPointExtension>
            <gpxtpx:hr>149</gpxtpx:hr>
            <gpxtpx:cad>85</gpxtpx:cad>
            <gpxtpx:atemp>16.8</gpxtpx:atemp>
          </gpxtpx:TrackPointExtension>
        </extensions>
      </trkpt>
      <trkpt lat="51.0548786" lon="-114.0535489">
        <ele>1040.3</ele>
        <time>2026-08-19T12:17:44Z</time>
        <extensions>
          <gpxtpx:TrackPointExtension>
            <gpxtpx:hr>149</gpxtpx:hr>
            <gpxtpx:cad>86</gpxtpx:cad>
            <gpxtpx:atemp>16.7</gpxtpx:atemp>
          </gpxtpx:TrackPointExtension>
        </extensions>
      </trkpt>
      <trkpt lat="51.0548708" lon="-114.0535791">
        <ele>1039.8</ele>
        <time>2026-08-19T12:17:45Z</time>
        <extensions>
          <gpxtpx:TrackPointExtension>
            <gpxtpx:hr>149</gpxtpx:hr>
            <gpxtpx:cad>86</gpxtpx:cad>
            <gpxtpx:atemp>17.1</gpxtpx:atemp>
          </gpxtpx:TrackPointExtension>
        </extensions>
      </trkpt>
      <trkpt lat="51.0548704" lon="-114.0536521">
        <ele>1040.2</ele>
        <time>2026-08-19T12:17:46Z</time>
        <extensions>
          <gpxtpx:TrackPointExtension>
            <gpxtpx:hr>149</gpxtpx:hr>
            <gpxtpx:cad>88</gpxtpx:cad>
            <gpxtpx:atemp>17.2</gpxtpx:atemp>
          </gpxtpx:TrackPointExtension>
        </extensions>
      </trkpt>
      <trkpt lat="51.0548722" lon="-114.0536811">
        <ele>1040.2</ele>
        <time>2026-08-19T12:17:47Z</time>
        <extensions>
          <gpxtpx:TrackPointExtension>
            <gpxtpx:hr>149</gpxtpx:hr>
            <gpxtpx:cad>86</gpxtpx:cad>
            <gpxtpx:atemp>17.0</gpxtpx:atemp>
          </gpxtpx:TrackPointExtension>
        </extensions>
      </trkpt>
      <trkpt lat="51.0548713" lon="-114.0537305">
        <ele>1040.0</ele>
        <time>2026-08-19T12:17:48Z</time>
        <extensions>
          <gpxtpx:TrackPointExtension>
            <gpxtpx:hr>149</gpxtpx:hr>
            <gpxtpx:cad>83</gpxtpx:cad>
            <gpxtpx:atemp>17.4</gpxtpx:atemp>
          </gpxtpx:TrackPointExtension>
        </extensions>
      </trkpt>
      <trkpt lat="51.0548633" lon="-114.0538031">
        <ele>1040.3</ele>
        <time>2026-08-19T12:17:49Z</time>
        <extensions>
          <gpxtpx:TrackPointExtension>
            <gpxtpx:hr>149</gpxtpx:hr>
            <gpxtpx:cad>84</gpxtpx:cad>
            <gpxtpx:atemp>17.0</gpxtpx:atemp>
          </gpxtpx:TrackPointExtension>
        </extensions>
      </trkpt>
      <trkpt lat="51.0548553" lon="-114.0538454">
        <ele>1040.5</ele>
        <time>2026-08-19T12:17:50Z</time>
        <extensions>
          <gpxtpx:TrackPointExtension>
            <gpxtpx:hr>150</gpxtpx:hr>
            <gpxtpx:cad>86</gpxtpx:cad>
            <gpxtpx:atemp>16.7</gpxtpx:atemp>
          </gpxtpx:TrackPointExtension>
        </extensions>
      </trkpt>
      <trkpt lat="51.0548489" lon="-114.0538832">
        <ele>1040.4</ele>
        <time>2026-08-19T12:17:51Z</time>
        <extensions>
          <gpxtpx:TrackPointExtension>
            <gpxtpx:hr>149</gpxtpx:hr>
            <gpxtpx:cad>84</gpxtpx:cad>
            <gpxtpx:atemp>17.1</gpxtpx:atemp>
          </gpxtpx:TrackPointExtension>
        </extensions>
      </trkpt>
      <trkpt lat="51.0548291" lon="-114.0539393">
        <ele>1040.8</ele>
        <time>2026-08-19T12:17:52Z</time>
        <extensions>
          <gpxtpx:TrackPointExtension>
            <gpxtpx:hr>149</gpxtpx:hr>
            <gpxtpx:cad>83</gpxtpx:cad>
            <gpxtpx:atemp>17.2</gpxtpx:atemp>
          </gpxtpx:TrackPointExtension>
        </extensions>
      </trkpt>
      <trkpt lat="51.0548074" lon="-114.0539756">
        <ele>1040.7</ele>
        <time>2026-08-19T12:17:53Z</time>
        <extensions>
          <gpxtpx:TrackPointExtension>
            <gpxtpx:hr>148</gpxtpx:hr>
            <gpxtpx:cad>85</gpxtpx:cad>
            <gpxtpx:atemp>17.3</gpxtpx:atemp>
          </gpxtpx:TrackPointExtension>
        </extensions>
      </trkpt>
      <trkpt lat="51.0547912" lon="-114.0540324">
        <ele>1041.4</ele>
        <time>2026-08-19T12:17:54Z</time>
        <extensions>
          <gpxtpx:TrackPointExtension>
            <gpxtpx:hr>147</gpxtpx:hr>
            <gpxtpx:cad>86</gpxtpx:cad>
            <gpxtpx:atemp>16.8</gpxtpx:atemp>
          </gpxtpx:TrackPointExtension>
        </extensions>
      </trkpt>
      <trkpt lat="51.0547759" lon="-114.0540656">
        <ele>1040.3</ele>
        <time>2026-08-19T12:17:55Z</time>
        <extensions>
          <gpxtpx:TrackPointExtension>
            <gpxtpx:hr>147</gpxtpx:hr>
            <gpxtpx:cad>85</gpxtpx:cad>
            <gpxtpx:atemp>17.0</gpxtpx:atemp>
          </gpxtpx:TrackPointExtension>
        </extensions>
      </trkpt>
      <trkpt lat="51.0547845" lon="-114.0541147">
        <ele>1040.3</ele>
        <time>2026-08-19T12:17:56Z</time>
        <extensions>
          <gpxtpx:TrackPointExtension>
            <gpxtpx:hr>147</gpxtpx:hr>
            <gpxtpx:cad>86</gpxtpx:cad>
            <gpxtpx:atemp>17.4</gpxtpx:atemp>
          </gpxtpx:TrackPointExtension>
        </extensions>
      </trkpt>
      <trkpt lat="51.0547834" lon="-114.0541603">
        <ele>1040.2</ele>
        <time>2026-08-19T12:17:57Z</time>
        <extensions>
          <gpxtpx:TrackPointExtension>
            <gpxtpx:hr>148</gpxtpx:hr>
            <gpxtpx:cad>86</gpxtpx:cad>
            <gpxtpx:atemp>17.0</gpxtpx:atemp>
          </gpxtpx:TrackPointExtension>
        </extensions>
      </trkpt>
      <trkpt lat="51.0547780" lon="-114.0542139">
        <ele>1040.3</ele>
        <time>2026-08-19T12:17:58Z</time>
        <extensions>
          <gpxtpx:TrackPointExtension>
            <gpxtpx:hr>148</gpxtpx:hr>
            <gpxtpx:cad>86</gpxtpx:cad>
            <gpxtpx:atemp>16.8</gpxtpx:atemp>
          </gpxtpx:TrackPointExtension>
        </extensions>
      </trkpt>
      <trkpt lat="51.0547826" lon="-114.0542801">
        <ele>1040.5</ele>
        <time>2026-08-19T12:17:59Z</time>
        <extensions>
          <gpxtpx:TrackPointExtension>
            <gpxtpx:hr>147</gpxtpx:hr>
            <gpxtpx:cad>87</gpxtpx:cad>
            <gpxtpx:atemp>16.9</gpxtpx:atemp>
          </gpxtpx:TrackPointExtension>
        </extensions>
      </trkpt>
      <trkpt lat="51.0547832" lon="-114.0543192">
        <ele>1040.8</ele>
        <time>2026-08-19T12:18:00Z</time>
        <extensions>
          <gpxtpx:TrackPointExtension>
            <gpxtpx:hr>146</gpxtpx:hr>
            <gpxtpx:cad>83</gpxtpx:cad>
            <gpxtpx:atemp>16.9</gpxtpx:atemp>
          </gpxtpx:TrackPointExtension>
        </extensions>
      </trkpt>
      <trkpt lat="51.0547783" lon="-114.0543649">
        <ele>1040.9</ele>
        <time>2026-08-19T12:18:01Z</time>
        <extensions>
          <gpxtpx:TrackPointExtension>
            <gpxtpx:hr>147</gpxtpx:hr>
            <gpxtpx:cad>84</gpxtpx:cad>
            <gpxtpx:atemp>17.6</gpxtpx:atemp>
          </gpxtpx:TrackPointExtension>
        </extensions>
      </trkpt>
      <trkpt lat="51.0547639" lon="-114.0544156">
        <ele>1041.3</ele>
        <time>2026-08-19T12:18:02Z</time>
        <extensions>
          <gpxtpx:TrackPointExtension>
            <gpxtpx:hr>147</gpxtpx:hr>
            <gpxtpx:cad>85</gpxtpx:cad>
            <gpxtpx:atemp>17.0</gpxtpx:atemp>
          </gpxtpx:TrackPointExtension>
        </extensions>
      </trkpt>
      <trkpt lat="51.0547407" lon="-114.0544641">
        <ele>1040.9</ele>
        <time>2026-08-19T12:18:03Z</time>
        <extensions>
          <gpxtpx:TrackPointExtension>
            <gpxtpx:hr>147</gpxtpx:hr>
            <gpxtpx:cad>85</gpxtpx:cad>
            <gpxtpx:atemp>17.2</gpxtpx:atemp>
          </gpxtpx:TrackPointExtension>
        </extensions>
      </trkpt>
      <trkpt lat="51.0547297" lon="-114.0545024">
        <ele>1041.0</ele>
        <time>2026-08-19T12:18:04Z</time>
        <extensions>
          <gpxtpx:TrackPointExtension>
            <gpxtpx:hr>147</gpxtpx:hr>
            <gpxtpx:cad>84</gpxtpx:cad>
            <gpxtpx:atemp>16.6</gpxtpx:atemp>
          </gpxtpx:TrackPointExtension>
        </extensions>
      </trkpt>
      <trkpt lat="51.0547108" lon="-114.0545532">
        <ele>1041.9</ele>
        <time>2026-08-19T12:18:05Z</time>
        <extensions>
          <gpxtpx:TrackPointExtension>
            <gpxtpx:hr>147</gpxtpx:hr>
            <gpxtpx:cad>85</gpxtpx:cad>
            <gpxtpx:atemp>17.2</gpxtpx:atemp>
          </gpxtpx:TrackPointExtension>
        </extensions>
      </trkpt>
      <trkpt lat="51.0546997" lon="-114.0545890">
        <ele>1042.4</ele>
        <time>2026-08-19T12:18:06Z</time>
        <extensions>
          <gpxtpx:TrackPointExtension>
            <gpxtpx:hr>147</gpxtpx:hr>
            <gpxtpx:cad>84</gpxtpx:cad>
            <gpxtpx:atemp>16.8</gpxtpx:atemp>
          </gpxtpx:TrackPointExtension>
        </extensions>
      </trkpt>
      <trkpt lat="51.0547005" lon="-114.0546386">
        <ele>1041.7</ele>
        <time>2026-08-19T12:18:07Z</time>
        <extensions>
          <gpxtpx:TrackPointExtension>
            <gpxtpx:hr>147</gpxtpx:hr>
            <gpxtpx:cad>84</gpxtpx:cad>
            <gpxtpx:atemp>16.9</gpxtpx:atemp>
          </gpxtpx:TrackPointExtension>
        </extensions>
      </trkpt>
      <trkpt lat="51.0546887" lon="-114.0547084">
        <ele>1041.6</ele>
        <time>2026-08-19T12:18:08Z</time>
        <extensions>
          <gpxtpx:TrackPointExtension>
            <gpxtpx:hr>147</gpxtpx:hr>
            <gpxtpx:cad>87</gpxtpx:cad>
            <gpxtpx:atemp>16.9</gpxtpx:atemp>
          </gpxtpx:TrackPointExtension>
        </extensions>
      </trkpt>
      <trkpt lat="51.0547016" lon="-114.0547578">
        <ele>1040.6</ele>
        <time>2026-08-19T12:18:09Z</time>
        <extensions>
          <gpxtpx:TrackPointExtension>
            <gpxtpx:hr>147</gpxtpx:hr>
            <gpxtpx:cad>84</gpxtpx:cad>
            <gpxtpx:atemp>17.0</gpxtpx:atemp>
          </gpxtpx:TrackPointExtension>
        </extensions>
      </trkpt>
      <trkpt lat="51.0546941" lon="-114.0547885">
        <ele>1040.9</ele>
        <time>2026-08-19T12:18:10Z</time>
        <extensions>
          <gpxtpx:TrackPointExtension>
            <gpxtpx:hr>148</gpxtpx:hr>
            <gpxtpx:cad>84</gpxtpx:cad>
            <gpxtpx:atemp>17.3</gpxtpx:atemp>
          </gpxtpx:TrackPointExtension>
        </extensions>
      </trkpt>
      <trkpt lat="51.0546824" lon="-114.0548408">
        <ele>1040.5</ele>
        <time>2026-08-19T12:18:11Z</time>
        <extensions>
          <gpxtpx:TrackPointExtension>
            <gpxtpx:hr>148</gpxtpx:hr>
            <gpxtpx:cad>86</gpxtpx:cad>
            <gpxtpx:atemp>16.8</gpxtpx:atemp>
          </gpxtpx:TrackPointExtension>
        </extensions>
      </trkpt>
      <trkpt lat="51.0546658" lon="-114.0548921">
        <ele>1040.3</ele>
        <time>2026-08-19T12:18:12Z</time>
        <extensions>
          <gpxtpx:TrackPointExtension>
            <gpxtpx:hr>149</gpxtpx:hr>
            <gpxtpx:cad>87</gpxtpx:cad>
            <gpxtpx:atemp>17.3</gpxtpx:atemp>
          </gpxtpx:TrackPointExtension>
        </extensions>
      </trkpt>
      <trkpt lat="51.0546738" lon="-114.0549285">
        <ele>1039.8</ele>
        <time>2026-08-19T12:18:13Z</time>
        <extensions>
          <gpxtpx:TrackPointExtension>
            <gpxtpx:hr>149</gpxtpx:hr>
            <gpxtpx:cad>86</gpxtpx:cad>
            <gpxtpx:atemp>17.0</gpxtpx:atemp>
          </gpxtpx:TrackPointExtension>
        </extensions>
      </trkpt>
      <trkpt lat="51.0546685" lon="-114.0549765">
        <ele>1039.6</ele>
        <time>2026-08-19T12:18:14Z</time>
        <extensions>
          <gpxtpx:TrackPointExtension>
            <gpxtpx:hr>150</gpxtpx:hr>
            <gpxtpx:cad>87</gpxtpx:cad>
            <gpxtpx:atemp>16.6</gpxtpx:atemp>
          </gpxtpx:TrackPointExtension>
        </extensions>
      </trkpt>
      <trkpt lat="51.0546511" lon="-114.0550235">
        <ele>1039.8</ele>
        <time>2026-08-19T12:18:15Z</time>
        <extensions>
          <gpxtpx:TrackPointExtension>
            <gpxtpx:hr>150</gpxtpx:hr>
            <gpxtpx:cad>88</gpxtpx:cad>
            <gpxtpx:atemp>16.7</gpxtpx:atemp>
          </gpxtpx:TrackPointExtension>
        </extensions>
      </trkpt>
      <trkpt lat="51.0546288" lon="-114.0550563">
        <ele>1040.3</ele>
        <time>2026-08-19T12:18:16Z</time>
        <extensions>
          <gpxtpx:TrackPointExtension>
            <gpxtpx:hr>150</gpxtpx:hr>
            <gpxtpx:cad>84</gpxtpx:cad>
            <gpxtpx:atemp>17.2</gpxtpx:atemp>
          </gpxtpx:TrackPointExtension>
        </extensions>
      </trkpt>
      <trkpt lat="51.0546082" lon="-114.0551069">
        <ele>1040.6</ele>
        <time>2026-08-19T12:18:17Z</time>
        <extensions>
          <gpxtpx:TrackPointExtension>
            <gpxtpx:hr>149</gpxtpx:hr>
            <gpxtpx:cad>85</gpxtpx:cad>
            <gpxtpx:atemp>16.6</gpxtpx:atemp>
          </gpxtpx:TrackPointExtension>
        </extensions>
      </trkpt>
      <trkpt lat="51.0546042" lon="-114.0551696">
        <ele>1041.4</ele>
        <time>2026-08-19T12:18:18Z</time>
        <extensions>
          <gpxtpx:TrackPointExtension>
            <gpxtpx:hr>149</gpxtpx:hr>
            <gpxtpx:cad>83</gpxtpx:cad>
            <gpxtpx:atemp>16.9</gpxtpx:atemp>
          </gpxtpx:TrackPointExtension>
        </extensions>
      </trkpt>
      <trkpt lat="51.0545918" lon="-114.0551718">
        <ele>1042.0</ele>
        <time>2026-08-19T12:18:19Z</time>
        <extensions>
          <gpxtpx:TrackPointExtension>
            <gpxtpx:hr>148</gpxtpx:hr>
            <gpxtpx:cad>85</gpxtpx:cad>
            <gpxtpx:atemp>17.0</gpxtpx:atemp>
          </gpxtpx:TrackPointExtension>
        </extensions>
      </trkpt>
      <trkpt lat="51.0546029" lon="-114.0552159">
        <ele>1042.3</ele>
        <time>2026-08-19T12:18:20Z</time>
        <extensions>
          <gpxtpx:TrackPointExtension>
            <gpxtpx:hr>148</gpxtpx:hr>
            <gpxtpx:cad>86</gpxtpx:cad>
            <gpxtpx:atemp>17.2</gpxtpx:atemp>
          </gpxtpx:TrackPointExtension>
        </extensions>
      </trkpt>
      <trkpt lat="51.0545876" lon="-114.0552823">
        <ele>1042.1</ele>
        <time>2026-08-19T12:18:21Z</time>
        <extensions>
          <gpxtpx:TrackPointExtension>
            <gpxtpx:hr>148</gpxtpx:hr>
            <gpxtpx:cad>84</gpxtpx:cad>
            <gpxtpx:atemp>17.0</gpxtpx:atemp>
          </gpxtpx:TrackPointExtension>
        </extensions>
      </trkpt>
      <trkpt lat="51.0545515" lon="-114.0553383">
        <ele>1041.6</ele>
        <time>2026-08-19T12:18:22Z</time>
        <extensions>
          <gpxtpx:TrackPointExtension>
            <gpxtpx:hr>148</gpxtpx:hr>
            <gpxtpx:cad>86</gpxtpx:cad>
            <gpxtpx:atemp>17.5</gpxtpx:atemp>
          </gpxtpx:TrackPointExtension>
        </extensions>
      </trkpt>
      <trkpt lat="51.0545416" lon="-114.0553302">
        <ele>1041.6</ele>
        <time>2026-08-19T12:18:23Z</time>
        <extensions>
          <gpxtpx:TrackPointExtension>
            <gpxtpx:hr>149</gpxtpx:hr>
            <gpxtpx:cad>84</gpxtpx:cad>
            <gpxtpx:atemp>17.2</gpxtpx:atemp>
          </gpxtpx:TrackPointExtension>
        </extensions>
      </trkpt>
      <trkpt lat="51.0545463" lon="-114.0553920">
        <ele>1040.9</ele>
        <time>2026-08-19T12:18:24Z</time>
        <extensions>
          <gpxtpx:TrackPointExtension>
            <gpxtpx:hr>150</gpxtpx:hr>
            <gpxtpx:cad>84</gpxtpx:cad>
            <gpxtpx:atemp>17.0</gpxtpx:atemp>
          </gpxtpx:TrackPointExtension>
        </extensions>
      </trkpt>
      <trkpt lat="51.0545444" lon="-114.0554505">
        <ele>1040.2</ele>
        <time>2026-08-19T12:18:25Z</time>
        <extensions>
          <gpxtpx:TrackPointExtension>
            <gpxtpx:hr>151</gpxtpx:hr>
            <gpxtpx:cad>85</gpxtpx:cad>
            <gpxtpx:atemp>16.8</gpxtpx:atemp>
          </gpxtpx:TrackPointExtension>
        </extensions>
      </trkpt>
      <trkpt lat="51.0545304" lon="-114.0555092">
        <ele>1039.6</ele>
        <time>2026-08-19T12:18:26Z</time>
        <extensions>
          <gpxtpx:TrackPointExtension>
            <gpxtpx:hr>151</gpxtpx:hr>
            <gpxtpx:cad>86</gpxtpx:cad>
            <gpxtpx:atemp>17.3</gpxtpx:atemp>
          </gpxtpx:TrackPointExtension>
        </extensions>
      </trkpt>
      <trkpt lat="51.0545232" lon="-114.0555104">
        <ele>1040.3</ele>
        <time>2026-08-19T12:18:27Z</time>
        <extensions>
          <gpxtpx:TrackPointExtension>
            <gpxtpx:hr>151</gpxtpx:hr>
            <gpxtpx:cad>87</gpxtpx:cad>
            <gpxtpx:atemp>17.0</gpxtpx:atemp>
          </gpxtpx:TrackPointExtension>
        </extensions>
      </trkpt>
      <trkpt lat="51.0545088" lon="-114.0555341">
        <ele>1040.2</ele>
        <time>2026-08-19T12:18:28Z</time>
        <extensions>
          <gpxtpx:TrackPointExtension>
            <gpxtpx:hr>151</gpxtpx:hr>
            <gpxtpx:cad>85</gpxtpx:cad>
            <gpxtpx:atemp>16.7</gpxtpx:atemp>
          </gpxtpx:TrackPointExtension>
        </extensions>
      </trkpt>
      <trkpt lat="51.0545004" lon="-114.0555942">
        <ele>1039.8</ele>
        <time>2026-08-19T12:18:29Z</time>
        <extensions>
          <gpxtpx:TrackPointExtension>
            <gpxtpx:hr>152</gpxtpx:hr>
            <gpxtpx:cad>86</gpxtpx:cad>
            <gpxtpx:atemp>16.6</gpxtpx:atemp>
          </gpxtpx:TrackPointExtension>
        </extensions>
      </trkpt>
      <trkpt lat="51.0544908" lon="-114.0556635">
        <ele>1040.0</ele>
        <time>2026-08-19T12:18:30Z</time>
        <extensions>
          <gpxtpx:TrackPointExtension>
            <gpxtpx:hr>152</gpxtpx:hr>
            <gpxtpx:cad>87</gpxtpx:cad>
            <gpxtpx:atemp>17.0</gpxtpx:atemp>
          </gpxtpx:TrackPointExtension>
        </extensions>
      </trkpt>
      <trkpt lat="51.0544690" lon="-114.0556736">
        <ele>1040.5</ele>
        <time>2026-08-19T12:18:31Z</time>
        <extensions>
          <gpxtpx:TrackPointExtension>
            <gpxtpx:hr>152</gpxtpx:hr>
            <gpxtpx:cad>87</gpxtpx:cad>
            <gpxtpx:atemp>17.0</gpxtpx:atemp>
          </gpxtpx:TrackPointExtension>
        </extensions>
      </trkpt>
      <trkpt lat="51.0544758" lon="-114.0557193">
        <ele>1040.7</ele>
        <time>2026-08-19T12:18:32Z</time>
        <extensions>
          <gpxtpx:TrackPointExtension>
            <gpxtpx:hr>153</gpxtpx:hr>
            <gpxtpx:cad>82</gpxtpx:cad>
            <gpxtpx:atemp>17.1</gpxtpx:atemp>
          </gpxtpx:TrackPointExtension>
        </extensions>
      </trkpt>
      <trkpt lat="51.0544723" lon="-114.0557692">
        <ele>1041.1</ele>
        <time>2026-08-19T12:18:33Z</time>
        <extensions>
          <gpxtpx:TrackPointExtension>
            <gpxtpx:hr>153</gpxtpx:hr>
            <gpxtpx:cad>85</gpxtpx:cad>
            <gpxtpx:atemp>17.1</gpxtpx:atemp>
          </gpxtpx:TrackPointExtension>
        </extensions>
      </trkpt>
      <trkpt lat="51.0544505" lon="-114.0558242">
        <ele>1041.0</ele>
        <time>2026-08-19T12:18:34Z</time>
        <extensions>
          <gpxtpx:TrackPointExtension>
            <gpxtpx:hr>152</gpxtpx:hr>
            <gpxtpx:cad>85</gpxtpx:cad>
            <gpxtpx:atemp>17.2</gpxtpx:atemp>
          </gpxtpx:TrackPointExtension>
        </extensions>
      </trkpt>
      <trkpt lat="51.0544432" lon="-114.0558675">
        <ele>1041.1</ele>
        <time>2026-08-19T12:18:35Z</time>
        <extensions>
          <gpxtpx:TrackPointExtension>
            <gpxtpx:hr>151</gpxtpx:hr>
            <gpxtpx:cad>85</gpxtpx:cad>
            <gpxtpx:atemp>17.2</gpxtpx:atemp>
          </gpxtpx:TrackPointExtension>
        </extensions>
      </trkpt>
      <trkpt lat="51.0544411" lon="-114.0559138">
        <ele>1041.2</ele>
        <time>2026-08-19T12:18:36Z</time>
        <extensions>
          <gpxtpx:TrackPointExtension>
            <gpxtpx:hr>151</gpxtpx:hr>
            <gpxtpx:cad>84</gpxtpx:cad>
            <gpxtpx:atemp>16.8</gpxtpx:atemp>
          </gpxtpx:TrackPointExtension>
        </extensions>
      </trkpt>
      <trkpt lat="51.0544346" lon="-114.0559578">
        <ele>1041.3</ele>
        <time>2026-08-19T12:18:37Z</time>
        <extensions>
          <gpxtpx:TrackPointExtension>
            <gpxtpx:hr>152</gpxtpx:hr>
            <gpxtpx:cad>86</gpxtpx:cad>
            <gpxtpx:atemp>17.0</gpxtpx:atemp>
          </gpxtpx:TrackPointExtension>
        </extensions>
      </trkpt>
      <trkpt lat="51.0544253" lon="-114.0559972">
        <ele>1041.7</ele>
        <time>2026-08-19T12:18:38Z</time>
        <extensions>
          <gpxtpx:TrackPointExtension>
            <gpxtpx:hr>151</gpxtpx:hr>
            <gpxtpx:cad>85</gpxtpx:cad>
            <gpxtpx:atemp>16.6</gpxtpx:atemp>
          </gpxtpx:TrackPointExtension>
        </extensions>
      </trkpt>
      <trkpt lat="51.0544303" lon="-114.0560235">
        <ele>1042.1</ele>
        <time>2026-08-19T12:18:39Z</time>
        <extensions>
          <gpxtpx:TrackPointExtension>
            <gpxtpx:hr>151</gpxtpx:hr>
            <gpxtpx:cad>83</gpxtpx:cad>
            <gpxtpx:atemp>16.6</gpxtpx:atemp>
          </gpxtpx:TrackPointExtension>
        </extensions>
      </trkpt>
      <trkpt lat="51.0544202" lon="-114.0560299">
        <ele>1042.5</ele>
        <time>2026-08-19T12:18:40Z</time>
        <extensions>
          <gpxtpx:TrackPointExtension>
            <gpxtpx:hr>151</gpxtpx:hr>
            <gpxtpx:cad>86</gpxtpx:cad>
            <gpxtpx:atemp>17.0</gpxtpx:atemp>
          </gpxtpx:TrackPointExtension>
        </extensions>
      </trkpt>
      <trkpt lat="51.0543885" lon="-114.0560973">
        <ele>1042.4</ele>
        <time>2026-08-19T12:18:41Z</time>
        <extensions>
          <gpxtpx:TrackPointExtension>
            <gpxtpx:hr>151</gpxtpx:hr>
            <gpxtpx:cad>84</gpxtpx:cad>
            <gpxtpx:atemp>16.9</gpxtpx:atemp>
          </gpxtpx:TrackPointExtension>
        </extensions>
      </trkpt>
      <trkpt lat="51.0543725" lon="-114.0561218">
        <ele>1041.9</ele>
        <time>2026-08-19T12:18:42Z</time>
        <extensions>
          <gpxtpx:TrackPointExtension>
            <gpxtpx:hr>151</gpxtpx:hr>
            <gpxtpx:cad>84</gpxtpx:cad>
            <gpxtpx:atemp>16.8</gpxtpx:atemp>
          </gpxtpx:TrackPointExtension>
        </extensions>
      </trkpt>
      <trkpt lat="51.0543625" lon="-114.0561751">
        <ele>1041.9</ele>
        <time>2026-08-19T12:18:43Z</time>
        <extensions>
          <gpxtpx:TrackPointExtension>
            <gpxtpx:hr>151</gpxtpx:hr>
            <gpxtpx:cad>85</gpxtpx:cad>
            <gpxtpx:atemp>16.5</gpxtpx:atemp>
          </gpxtpx:TrackPointExtension>
        </extensions>
      </trkpt>
      <trkpt lat="51.0543586" lon="-114.0562146">
        <ele>1042.1</ele>
        <time>2026-08-19T12:18:44Z</time>
        <extensions>
          <gpxtpx:TrackPointExtension>
            <gpxtpx:hr>151</gpxtpx:hr>
            <gpxtpx:cad>85</gpxtpx:cad>
            <gpxtpx:atemp>16.8</gpxtpx:atemp>
          </gpxtpx:TrackPointExtension>
        </extensions>
      </trkpt>
      <trkpt lat="51.0543710" lon="-114.0562535">
        <ele>1042.3</ele>
        <time>2026-08-19T12:18:45Z</time>
        <extensions>
          <gpxtpx:TrackPointExtension>
            <gpxtpx:hr>152</gpxtpx:hr>
            <gpxtpx:cad>87</gpxtpx:cad>
            <gpxtpx:atemp>16.6</gpxtpx:atemp>
          </gpxtpx:TrackPointExtension>
        </extensions>
      </trkpt>
      <trkpt lat="51.0543492" lon="-114.0563142">
        <ele>1042.3</ele>
        <time>2026-08-19T12:18:46Z</time>
        <extensions>
          <gpxtpx:TrackPointExtension>
            <gpxtpx:hr>152</gpxtpx:hr>
            <gpxtpx:cad>86</gpxtpx:cad>
            <gpxtpx:atemp>17.2</gpxtpx:atemp>
          </gpxtpx:TrackPointExtension>
        </extensions>
      </trkpt>
      <trkpt lat="51.0543454" lon="-114.0563507">
        <ele>1043.0</ele>
        <time>2026-08-19T12:18:47Z</time>
        <extensions>
          <gpxtpx:TrackPointExtension>
            <gpxtpx:hr>152</gpxtpx:hr>
            <gpxtpx:cad>85</gpxtpx:cad>
            <gpxtpx:atemp>16.6</gpxtpx:atemp>
          </gpxtpx:TrackPointExtension>
        </extensions>
      </trkpt>
      <trkpt lat="51.0543357" lon="-114.0564135">
        <ele>1042.6</ele>
        <time>2026-08-19T12:18:48Z</time>
        <extensions>
          <gpxtpx:TrackPointExtension>
            <gpxtpx:hr>152</gpxtpx:hr>
            <gpxtpx:cad>86</gpxtpx:cad>
            <gpxtpx:atemp>17.0</gpxtpx:atemp>
          </gpxtpx:TrackPointExtension>
        </extensions>
      </trkpt>
      <trkpt lat="51.0543468" lon="-114.0564654">
        <ele>1041.9</ele>
        <time>2026-08-19T12:18:49Z</time>
        <extensions>
          <gpxtpx:TrackPointExtension>
            <gpxtpx:hr>152</gpxtpx:hr>
            <gpxtpx:cad>84</gpxtpx:cad>
            <gpxtpx:atemp>17.3</gpxtpx:atemp>
          </gpxtpx:TrackPointExtension>
        </extensions>
      </trkpt>
      <trkpt lat="51.0543247" lon="-114.0565173">
        <ele>1041.2</ele>
        <time>2026-08-19T12:18:50Z</time>
        <extensions>
          <gpxtpx:TrackPointExtension>
            <gpxtpx:hr>152</gpxtpx:hr>
            <gpxtpx:cad>83</gpxtpx:cad>
            <gpxtpx:atemp>16.9</gpxtpx:atemp>
          </gpxtpx:TrackPointExtension>
        </extensions>
      </trkpt>
      <trkpt lat="51.0543272" lon="-114.0565600">
        <ele>1041.6</ele>
        <time>2026-08-19T12:18:51Z</time>
        <extensions>
          <gpxtpx:TrackPointExtension>
            <gpxtpx:hr>151</gpxtpx:hr>
            <gpxtpx:cad>87</gpxtpx:cad>
            <gpxtpx:atemp>17.0</gpxtpx:atemp>
          </gpxtpx:TrackPointExtension>
        </extensions>
      </trkpt>
      <trkpt lat="51.0543155" lon="-114.0566424">
        <ele>1041.2</ele>
        <time>2026-08-19T12:18:52Z</time>
        <extensions>
          <gpxtpx:TrackPointExtension>
            <gpxtpx:hr>150</gpxtpx:hr>
            <gpxtpx:cad>86</gpxtpx:cad>
            <gpxtpx:atemp>17.0</gpxtpx:atemp>
          </gpxtpx:TrackPointExtension>
        </extensions>
      </trkpt>
      <trkpt lat="51.0543036" lon="-114.0566649">
        <ele>1042.0</ele>
        <time>2026-08-19T12:18:53Z</time>
        <extensions>
          <gpxtpx:TrackPointExtension>
            <gpxtpx:hr>150</gpxtpx:hr>
            <gpxtpx:cad>87</gpxtpx:cad>
            <gpxtpx:atemp>17.4</gpxtpx:atemp>
          </gpxtpx:TrackPointExtension>
        </extensions>
      </trkpt>
      <trkpt lat="51.0542755" lon="-114.0567155">
        <ele>1041.8</ele>
        <time>2026-08-19T12:18:54Z</time>
        <extensions>
          <gpxtpx:TrackPointExtension>
            <gpxtpx:hr>151</gpxtpx:hr>
            <gpxtpx:cad>87</gpxtpx:cad>
            <gpxtpx:atemp>17.1</gpxtpx:atemp>
          </gpxtpx:TrackPointExtension>
        </extensions>
      </trkpt>
      <trkpt lat="51.0542715" lon="-114.0567589">
        <ele>1041.6</ele>
        <time>2026-08-19T12:18:55Z</time>
        <extensions>
          <gpxtpx:TrackPointExtension>
            <gpxtpx:hr>151</gpxtpx:hr>
            <gpxtpx:cad>84</gpxtpx:cad>
            <gpxtpx:atemp>16.9</gpxtpx:atemp>
          </gpxtpx:TrackPointExtension>
        </extensions>
      </trkpt>
      <trkpt lat="51.0542692" lon="-114.0567927">
        <ele>1040.5</ele>
        <time>2026-08-19T12:18:56Z</time>
        <extensions>
          <gpxtpx:TrackPointExtension>
            <gpxtpx:hr>152</gpxtpx:hr>
            <gpxtpx:cad>85</gpxtpx:cad>
            <gpxtpx:atemp>17.0</gpxtpx:atemp>
          </gpxtpx:TrackPointExtension>
        </extensions>
      </trkpt>
      <trkpt lat="51.0542713" lon="-114.0568428">
        <ele>1040.9</ele>
        <time>2026-08-19T12:18:57Z</time>
        <extensions>
          <gpxtpx:TrackPointExtension>
            <gpxtpx:hr>151</gpxtpx:hr>
            <gpxtpx:cad>89</gpxtpx:cad>
            <gpxtpx:atemp>16.9</gpxtpx:atemp>
          </gpxtpx:TrackPointExtension>
        </extensions>
      </trkpt>
      <trkpt lat="51.0542655" lon="-114.0568826">
        <ele>1041.3</ele>
        <time>2026-08-19T12:18:58Z</time>
        <extensions>
          <gpxtpx:TrackPointExtension>
            <gpxtpx:hr>151</gpxtpx:hr>
            <gpxtpx:cad>85</gpxtpx:cad>
            <gpxtpx:atemp>17.2</gpxtpx:atemp>
          </gpxtpx:TrackPointExtension>
        </extensions>
      </trkpt>
      <trkpt lat="51.0542637" lon="-114.0569253">
        <ele>1040.5</ele>
        <time>2026-08-19T12:18:59Z</time>
        <extensions>
          <gpxtpx:TrackPointExtension>
            <gpxtpx:hr>150</gpxtpx:hr>
            <gpxtpx:cad>84</gpxtpx:cad>
            <gpxtpx:atemp>17.2</gpxtpx:atemp>
          </gpxtpx:TrackPointExtension>
        </extensions>
      </trkpt>
      <trkpt lat="51.0542407" lon="-114.0569736">
        <ele>1040.2</ele>
        <time>2026-08-19T12:19:00Z</time>
        <extensions>
          <gpxtpx:TrackPointExtension>
            <gpxtpx:hr>150</gpxtpx:hr>
            <gpxtpx:cad>85</gpxtpx:cad>
            <gpxtpx:atemp>16.7</gpxtpx:atemp>
          </gpxtpx:TrackPointExtension>
        </extensions>
      </trkpt>
      <trkpt lat="51.0542402" lon="-114.0569918">
        <ele>1041.3</ele>
        <time>2026-08-19T12:19:01Z</time>
        <extensions>
          <gpxtpx:TrackPointExtension>
            <gpxtpx:hr>151</gpxtpx:hr>
            <gpxtpx:cad>84</gpxtpx:cad>
            <gpxtpx:atemp>16.7</gpxtpx:atemp>
          </gpxtpx:TrackPointExtension>
        </extensions>
      </trkpt>
      <trkpt lat="51.0542347" lon="-114.0570605">
        <ele>1040.9</ele>
        <time>2026-08-19T12:19:02Z</time>
        <extensions>
          <gpxtpx:TrackPointExtension>
            <gpxtpx:hr>151</gpxtpx:hr>
            <gpxtpx:cad>87</gpxtpx:cad>
            <gpxtpx:atemp>17.0</gpxtpx:atemp>
          </gpxtpx:TrackPointExtension>
        </extensions>
      </trkpt>
      <trkpt lat="51.0542213" lon="-114.0571050">
        <ele>1040.8</ele>
        <time>2026-08-19T12:19:03Z</time>
        <extensions>
          <gpxtpx:TrackPointExtension>
            <gpxtpx:hr>152</gpxtpx:hr>
            <gpxtpx:cad>87</gpxtpx:cad>
            <gpxtpx:atemp>16.5</gpxtpx:atemp>
          </gpxtpx:TrackPointExtension>
        </extensions>
      </trkpt>
      <trkpt lat="51.0542138" lon="-114.0571244">
        <ele>1041.0</ele>
        <time>2026-08-19T12:19:04Z</time>
        <extensions>
          <gpxtpx:TrackPointExtension>
            <gpxtpx:hr>152</gpxtpx:hr>
            <gpxtpx:cad>85</gpxtpx:cad>
            <gpxtpx:atemp>16.6</gpxtpx:atemp>
          </gpxtpx:TrackPointExtension>
        </extensions>
      </trkpt>
      <trkpt lat="51.0542009" lon="-114.0571974">
        <ele>1040.3</ele>
        <time>2026-08-19T12:19:05Z</time>
        <extensions>
          <gpxtpx:TrackPointExtension>
            <gpxtpx:hr>152</gpxtpx:hr>
            <gpxtpx:cad>87</gpxtpx:cad>
            <gpxtpx:atemp>16.9</gpxtpx:atemp>
          </gpxtpx:TrackPointExtension>
        </extensions>
      </trkpt>
      <trkpt lat="51.0541718" lon="-114.0571919">
        <ele>1041.0</ele>
        <time>2026-08-19T12:19:06Z</time>
        <extensions>
          <gpxtpx:TrackPointExtension>
            <gpxtpx:hr>152</gpxtpx:hr>
            <gpxtpx:cad>87</gpxtpx:cad>
            <gpxtpx:atemp>16.8</gpxtpx:atemp>
          </gpxtpx:TrackPointExtension>
        </extensions>
      </trkpt>
      <trkpt lat="51.0541743" lon="-114.0572332">
        <ele>1041.3</ele>
        <time>2026-08-19T12:19:07Z</time>
        <extensions>
          <gpxtpx:TrackPointExtension>
            <gpxtpx:hr>152</gpxtpx:hr>
            <gpxtpx:cad>87</gpxtpx:cad>
            <gpxtpx:atemp>17.1</gpxtpx:atemp>
          </gpxtpx:TrackPointExtension>
        </extensions>
      </trkpt>
      <trkpt lat="51.0541648" lon="-114.0572868">
        <ele>1040.5</ele>
        <time>2026-08-19T12:19:08Z</time>
        <extensions>
          <gpxtpx:TrackPointExtension>
            <gpxtpx:hr>151</gpxtpx:hr>
            <gpxtpx:cad>87</gpxtpx:cad>
            <gpxtpx:atemp>17.1</gpxtpx:atemp>
          </gpxtpx:TrackPointExtension>
        </extensions>
      </trkpt>
      <trkpt lat="51.0541561" lon="-114.0573268">
        <ele>1041.0</ele>
        <time>2026-08-19T12:19:09Z</time>
        <extensions>
          <gpxtpx:TrackPointExtension>
            <gpxtpx:hr>152</gpxtpx:hr>
            <gpxtpx:cad>87</gpxtpx:cad>
            <gpxtpx:atemp>16.6</gpxtpx:atemp>
          </gpxtpx:TrackPointExtension>
        </extensions>
      </trkpt>
      <trkpt lat="51.0541509" lon="-114.0573796">
        <ele>1040.7</ele>
        <time>2026-08-19T12:19:10Z</time>
        <extensions>
          <gpxtpx:TrackPointExtension>
            <gpxtpx:hr>152</gpxtpx:hr>
            <gpxtpx:cad>85</gpxtpx:cad>
            <gpxtpx:atemp>16.7</gpxtpx:atemp>
          </gpxtpx:TrackPointExtension>
        </extensions>
      </trkpt>
      <trkpt lat="51.0541543" lon="-114.0574128">
        <ele>1041.5</ele>
        <time>2026-08-19T12:19:11Z</time>
        <extensions>
          <gpxtpx:TrackPointExtension>
            <gpxtpx:hr>153</gpxtpx:hr>
            <gpxtpx:cad>85</gpxtpx:cad>
            <gpxtpx:atemp>16.8</gpxtpx:atemp>
          </gpxtpx:TrackPointExtension>
        </extensions>
      </trkpt>
      <trkpt lat="51.0541443" lon="-114.0574723">
        <ele>1041.8</ele>
        <time>2026-08-19T12:19:12Z</time>
        <extensions>
          <gpxtpx:TrackPointExtension>
            <gpxtpx:hr>152</gpxtpx:hr>
            <gpxtpx:cad>89</gpxtpx:cad>
            <gpxtpx:atemp>17.0</gpxtpx:atemp>
          </gpxtpx:TrackPointExtension>
        </extensions>
      </trkpt>
      <trkpt lat="51.0541219" lon="-114.0575018">
        <ele>1041.8</ele>
        <time>2026-08-19T12:19:13Z</time>
        <extensions>
          <gpxtpx:TrackPointExtension>
            <gpxtpx:hr>153</gpxtpx:hr>
            <gpxtpx:cad>85</gpxtpx:cad>
            <gpxtpx:atemp>17.2</gpxtpx:atemp>
          </gpxtpx:TrackPointExtension>
        </extensions>
      </trkpt>
      <trkpt lat="51.0541213" lon="-114.0575646">
        <ele>1041.4</ele>
        <time>2026-08-19T12:19:14Z</time>
        <extensions>
          <gpxtpx:TrackPointExtension>
            <gpxtpx:hr>153</gpxtpx:hr>
            <gpxtpx:cad>86</gpxtpx:cad>
            <gpxtpx:atemp>16.9</gpxtpx:atemp>
          </gpxtpx:TrackPointExtension>
        </extensions>
      </trkpt>
      <trkpt lat="51.0541169" lon="-114.0576128">
        <ele>1041.7</ele>
        <time>2026-08-19T12:19:15Z</time>
        <extensions>
          <gpxtpx:TrackPointExtension>
            <gpxtpx:hr>154</gpxtpx:hr>
            <gpxtpx:cad>88</gpxtpx:cad>
            <gpxtpx:atemp>16.9</gpxtpx:atemp>
          </gpxtpx:TrackPointExtension>
        </extensions>
      </trkpt>
      <trkpt lat="51.0540957" lon="-114.0576545">
        <ele>1040.9</ele>
        <time>2026-08-19T12:19:16Z</time>
        <extensions>
          <gpxtpx:TrackPointExtension>
            <gpxtpx:hr>154</gpxtpx:hr>
            <gpxtpx:cad>87</gpxtpx:cad>
            <gpxtpx:atemp>16.8</gpxtpx:atemp>
          </gpxtpx:TrackPointExtension>
        </extensions>
      </trkpt>
      <trkpt lat="51.0540848" lon="-114.0576583">
        <ele>1040.8</ele>
        <time>2026-08-19T12:19:17Z</time>
        <extensions>
          <gpxtpx:TrackPointExtension>
            <gpxtpx:hr>155</gpxtpx:hr>
            <gpxtpx:cad>88</gpxtpx:cad>
            <gpxtpx:atemp>17.2</gpxtpx:atemp>
          </gpxtpx:TrackPointExtension>
        </extensions>
      </trkpt>
      <trkpt lat="51.0540826" lon="-114.0577019">
        <ele>1040.9</ele>
        <time>2026-08-19T12:19:18Z</time>
        <extensions>
          <gpxtpx:TrackPointExtension>
            <gpxtpx:hr>154</gpxtpx:hr>
            <gpxtpx:cad>87</gpxtpx:cad>
            <gpxtpx:atemp>17.0</gpxtpx:atemp>
          </gpxtpx:TrackPointExtension>
        </extensions>
      </trkpt>
      <trkpt lat="51.0540608" lon="-114.0577713">
        <ele>1040.9</ele>
        <time>2026-08-19T12:19:19Z</time>
        <extensions>
          <gpxtpx:TrackPointExtension>
            <gpxtpx:hr>154</gpxtpx:hr>
            <gpxtpx:cad>86</gpxtpx:cad>
            <gpxtpx:atemp>17.1</gpxtpx:atemp>
          </gpxtpx:TrackPointExtension>
        </extensions>
      </trkpt>
      <trkpt lat="51.0540679" lon="-114.0578245">
        <ele>1040.9</ele>
        <time>2026-08-19T12:19:20Z</time>
        <extensions>
          <gpxtpx:TrackPointExtension>
            <gpxtpx:hr>154</gpxtpx:hr>
            <gpxtpx:cad>88</gpxtpx:cad>
            <gpxtpx:atemp>16.9</gpxtpx:atemp>
          </gpxtpx:TrackPointExtension>
        </extensions>
      </trkpt>
      <trkpt lat="51.0540359" lon="-114.0578963">
        <ele>1040.4</ele>
        <time>2026-08-19T12:19:21Z</time>
        <extensions>
          <gpxtpx:TrackPointExtension>
            <gpxtpx:hr>154</gpxtpx:hr>
            <gpxtpx:cad>89</gpxtpx:cad>
            <gpxtpx:atemp>16.8</gpxtpx:atemp>
          </gpxtpx:TrackPointExtension>
        </extensions>
      </trkpt>
      <trkpt lat="51.0540172" lon="-114.0579611">
        <ele>1040.6</ele>
        <time>2026-08-19T12:19:22Z</time>
        <extensions>
          <gpxtpx:TrackPointExtension>
            <gpxtpx:hr>154</gpxtpx:hr>
            <gpxtpx:cad>86</gpxtpx:cad>
            <gpxtpx:atemp>17.4</gpxtpx:atemp>
          </gpxtpx:TrackPointExtension>
        </extensions>
      </trkpt>
      <trkpt lat="51.0539890" lon="-114.0579817">
        <ele>1041.0</ele>
        <time>2026-08-19T12:19:23Z</time>
        <extensions>
          <gpxtpx:TrackPointExtension>
            <gpxtpx:hr>154</gpxtpx:hr>
            <gpxtpx:cad>87</gpxtpx:cad>
            <gpxtpx:atemp>16.8</gpxtpx:atemp>
          </gpxtpx:TrackPointExtension>
        </extensions>
      </trkpt>
      <trkpt lat="51.0539723" lon="-114.0580336">
        <ele>1041.4</ele>
        <time>2026-08-19T12:19:24Z</time>
        <extensions>
          <gpxtpx:TrackPointExtension>
            <gpxtpx:hr>154</gpxtpx:hr>
            <gpxtpx:cad>84</gpxtpx:cad>
            <gpxtpx:atemp>17.2</gpxtpx:atemp>
          </gpxtpx:TrackPointExtension>
        </extensions>
      </trkpt>
      <trkpt lat="51.0539804" lon="-114.0580967">
        <ele>1041.0</ele>
        <time>2026-08-19T12:19:25Z</time>
        <extensions>
          <gpxtpx:TrackPointExtension>
            <gpxtpx:hr>154</gpxtpx:hr>
            <gpxtpx:cad>87</gpxtpx:cad>
            <gpxtpx:atemp>17.2</gpxtpx:atemp>
          </gpxtpx:TrackPointExtension>
        </extensions>
      </trkpt>
      <trkpt lat="51.0539791" lon="-114.0581306">
        <ele>1040.5</ele>
        <time>2026-08-19T12:19:26Z</time>
        <extensions>
          <gpxtpx:TrackPointExtension>
            <gpxtpx:hr>154</gpxtpx:hr>
            <gpxtpx:cad>85</gpxtpx:cad>
            <gpxtpx:atemp>17.3</gpxtpx:atemp>
          </gpxtpx:TrackPointExtension>
        </extensions>
      </trkpt>
      <trkpt lat="51.0539743" lon="-114.0581849">
        <ele>1040.7</ele>
        <time>2026-08-19T12:19:27Z</time>
        <extensions>
          <gpxtpx:TrackPointExtension>
            <gpxtpx:hr>154</gpxtpx:hr>
            <gpxtpx:cad>85</gpxtpx:cad>
            <gpxtpx:atemp>16.5</gpxtpx:atemp>
          </gpxtpx:TrackPointExtension>
        </extensions>
      </trkpt>
      <trkpt lat="51.0539657" lon="-114.0582341">
        <ele>1039.8</ele>
        <time>2026-08-19T12:19:28Z</time>
        <extensions>
          <gpxtpx:TrackPointExtension>
            <gpxtpx:hr>153</gpxtpx:hr>
            <gpxtpx:cad>87</gpxtpx:cad>
            <gpxtpx:atemp>16.4</gpxtpx:atemp>
          </gpxtpx:TrackPointExtension>
        </extensions>
      </trkpt>
      <trkpt lat="51.0539424" lon="-114.0582867">
        <ele>1040.0</ele>
        <time>2026-08-19T12:19:29Z</time>
        <extensions>
          <gpxtpx:TrackPointExtension>
            <gpxtpx:hr>154</gpxtpx:hr>
            <gpxtpx:cad>87</gpxtpx:cad>
            <gpxtpx:atemp>17.0</gpxtpx:atemp>
          </gpxtpx:TrackPointExtension>
        </extensions>
      </trkpt>
      <trkpt lat="51.0539152" lon="-114.0583546">
        <ele>1039.5</ele>
        <time>2026-08-19T12:19:30Z</time>
        <extensions>
          <gpxtpx:TrackPointExtension>
            <gpxtpx:hr>153</gpxtpx:hr>
            <gpxtpx:cad>87</gpxtpx:cad>
            <gpxtpx:atemp>17.0</gpxtpx:atemp>
          </gpxtpx:TrackPointExtension>
        </extensions>
      </trkpt>
      <trkpt lat="51.0538983" lon="-114.0583764">
        <ele>1040.5</ele>
        <time>2026-08-19T12:19:31Z</time>
        <extensions>
          <gpxtpx:TrackPointExtension>
            <gpxtpx:hr>152</gpxtpx:hr>
            <gpxtpx:cad>87</gpxtpx:cad>
            <gpxtpx:atemp>17.0</gpxtpx:atemp>
          </gpxtpx:TrackPointExtension>
        </extensions>
      </trkpt>
      <trkpt lat="51.0539111" lon="-114.0584423">
        <ele>1040.3</ele>
        <time>2026-08-19T12:19:32Z</time>
        <extensions>
          <gpxtpx:TrackPointExtension>
            <gpxtpx:hr>152</gpxtpx:hr>
            <gpxtpx:cad>87</gpxtpx:cad>
            <gpxtpx:atemp>16.6</gpxtpx:atemp>
          </gpxtpx:TrackPointExtension>
        </extensions>
      </trkpt>
      <trkpt lat="51.0538816" lon="-114.0584891">
        <ele>1039.1</ele>
        <time>2026-08-19T12:19:33Z</time>
        <extensions>
          <gpxtpx:TrackPointExtension>
            <gpxtpx:hr>152</gpxtpx:hr>
            <gpxtpx:cad>84</gpxtpx:cad>
            <gpxtpx:atemp>17.2</gpxtpx:atemp>
          </gpxtpx:TrackPointExtension>
        </extensions>
      </trkpt>
      <trkpt lat="51.0538608" lon="-114.0585017">
        <ele>1039.6</ele>
        <time>2026-08-19T12:19:34Z</time>
        <extensions>
          <gpxtpx:TrackPointExtension>
            <gpxtpx:hr>151</gpxtpx:hr>
            <gpxtpx:cad>84</gpxtpx:cad>
            <gpxtpx:atemp>16.9</gpxtpx:atemp>
          </gpxtpx:TrackPointExtension>
        </extensions>
      </trkpt>
      <trkpt lat="51.0538870" lon="-114.0585660">
        <ele>1040.0</ele>
        <time>2026-08-19T12:19:35Z</time>
        <extensions>
          <gpxtpx:TrackPointExtension>
            <gpxtpx:hr>150</gpxtpx:hr>
            <gpxtpx:cad>86</gpxtpx:cad>
            <gpxtpx:atemp>17.1</gpxtpx:atemp>
          </gpxtpx:TrackPointExtension>
        </extensions>
      </trkpt>
      <trkpt lat="51.0538620" lon="-114.0585927">
        <ele>1039.5</ele>
        <time>2026-08-19T12:19:36Z</time>
        <extensions>
          <gpxtpx:TrackPointExtension>
            <gpxtpx:hr>150</gpxtpx:hr>
            <gpxtpx:cad>85</gpxtpx:cad>
            <gpxtpx:atemp>17.4</gpxtpx:atemp>
          </gpxtpx:TrackPointExtension>
        </extensions>
      </trkpt>
      <trkpt lat="51.0538645" lon="-114.0586331">
        <ele>1039.9</ele>
        <time>2026-08-19T12:19:37Z</time>
        <extensions>
          <gpxtpx:TrackPointExtension>
            <gpxtpx:hr>150</gpxtpx:hr>
            <gpxtpx:cad>87</gpxtpx:cad>
            <gpxtpx:atemp>17.0</gpxtpx:atemp>
          </gpxtpx:TrackPointExtension>
        </extensions>
      </trkpt>
      <trkpt lat="51.0538486" lon="-114.0587028">
        <ele>1039.8</ele>
        <time>2026-08-19T12:19:38Z</time>
        <extensions>
          <gpxtpx:TrackPointExtension>
            <gpxtpx:hr>151</gpxtpx:hr>
            <gpxtpx:cad>87</gpxtpx:cad>
            <gpxtpx:atemp>17.3</gpxtpx:atemp>
          </gpxtpx:TrackPointExtension>
        </extensions>
      </trkpt>
      <trkpt lat="51.0538394" lon="-114.0587843">
        <ele>1039.7</ele>
        <time>2026-08-19T12:19:39Z</time>
        <extensions>
          <gpxtpx:TrackPointExtension>
            <gpxtpx:hr>152</gpxtpx:hr>
            <gpxtpx:cad>87</gpxtpx:cad>
            <gpxtpx:atemp>16.9</gpxtpx:atemp>
          </gpxtpx:TrackPointExtension>
        </extensions>
      </trkpt>
      <trkpt lat="51.0538477" lon="-114.0588354">
        <ele>1039.9</ele>
        <time>2026-08-19T12:19:40Z</time>
        <extensions>
          <gpxtpx:TrackPointExtension>
            <gpxtpx:hr>153</gpxtpx:hr>
            <gpxtpx:cad>86</gpxtpx:cad>
            <gpxtpx:atemp>17.2</gpxtpx:atemp>
          </gpxtpx:TrackPointExtension>
        </extensions>
      </trkpt>
      <trkpt lat="51.0538649" lon="-114.0589071">
        <ele>1040.7</ele>
        <time>2026-08-19T12:19:41Z</time>
        <extensions>
          <gpxtpx:TrackPointExtension>
            <gpxtpx:hr>153</gpxtpx:hr>
            <gpxtpx:cad>85</gpxtpx:cad>
            <gpxtpx:atemp>17.0</gpxtpx:atemp>
          </gpxtpx:TrackPointExtension>
        </extensions>
      </trkpt>
      <trkpt lat="51.0538538" lon="-114.0589664">
        <ele>1040.5</ele>
        <time>2026-08-19T12:19:42Z</time>
        <extensions>
          <gpxtpx:TrackPointExtension>
            <gpxtpx:hr>153</gpxtpx:hr>
            <gpxtpx:cad>85</gpxtpx:cad>
            <gpxtpx:atemp>17.3</gpxtpx:atemp>
          </gpxtpx:TrackPointExtension>
        </extensions>
      </trkpt>
      <trkpt lat="51.0538364" lon="-114.0589876">
        <ele>1040.5</ele>
        <time>2026-08-19T12:19:43Z</time>
        <extensions>
          <gpxtpx:TrackPointExtension>
            <gpxtpx:hr>153</gpxtpx:hr>
            <gpxtpx:cad>86</gpxtpx:cad>
            <gpxtpx:atemp>17.2</gpxtpx:atemp>
          </gpxtpx:TrackPointExtension>
        </extensions>
      </trkpt>
      <trkpt lat="51.0538161" lon="-114.0590197">
        <ele>1041.0</ele>
        <time>2026-08-19T12:19:44Z</time>
        <extensions>
          <gpxtpx:TrackPointExtension>
            <gpxtpx:hr>153</gpxtpx:hr>
            <gpxtpx:cad>85</gpxtpx:cad>
            <gpxtpx:atemp>16.4</gpxtpx:atemp>
          </gpxtpx:TrackPointExtension>
        </extensions>
      </trkpt>
      <trkpt lat="51.0538090" lon="-114.0590644">
        <ele>1041.9</ele>
        <time>2026-08-19T12:19:45Z</time>
        <extensions>
          <gpxtpx:TrackPointExtension>
            <gpxtpx:hr>153</gpxtpx:hr>
            <gpxtpx:cad>85</gpxtpx:cad>
            <gpxtpx:atemp>17.0</gpxtpx:atemp>
          </gpxtpx:TrackPointExtension>
        </extensions>
      </trkpt>
      <trkpt lat="51.0537916" lon="-114.0591098">
        <ele>1041.8</ele>
        <time>2026-08-19T12:19:46Z</time>
        <extensions>
          <gpxtpx:TrackPointExtension>
            <gpxtpx:hr>152</gpxtpx:hr>
            <gpxtpx:cad>85</gpxtpx:cad>
            <gpxtpx:atemp>17.2</gpxtpx:atemp>
          </gpxtpx:TrackPointExtension>
        </extensions>
      </trkpt>
      <trkpt lat="51.0537840" lon="-114.0591498">
        <ele>1041.9</ele>
        <time>2026-08-19T12:19:47Z</time>
        <extensions>
          <gpxtpx:TrackPointExtension>
            <gpxtpx:hr>153</gpxtpx:hr>
            <gpxtpx:cad>86</gpxtpx:cad>
            <gpxtpx:atemp>17.2</gpxtpx:atemp>
          </gpxtpx:TrackPointExtension>
        </extensions>
      </trkpt>
      <trkpt lat="51.0537700" lon="-114.0591518">
        <ele>1041.7</ele>
        <time>2026-08-19T12:19:48Z</time>
        <extensions>
          <gpxtpx:TrackPointExtension>
            <gpxtpx:hr>152</gpxtpx:hr>
            <gpxtpx:cad>87</gpxtpx:cad>
            <gpxtpx:atemp>17.2</gpxtpx:atemp>
          </gpxtpx:TrackPointExtension>
        </extensions>
      </trkpt>
      <trkpt lat="51.0537340" lon="-114.0591941">
        <ele>1041.4</ele>
        <time>2026-08-19T12:19:49Z</time>
        <extensions>
          <gpxtpx:TrackPointExtension>
            <gpxtpx:hr>151</gpxtpx:hr>
            <gpxtpx:cad>85</gpxtpx:cad>
            <gpxtpx:atemp>17.2</gpxtpx:atemp>
          </gpxtpx:TrackPointExtension>
        </extensions>
      </trkpt>
      <trkpt lat="51.0537043" lon="-114.0592493">
        <ele>1041.5</ele>
        <time>2026-08-19T12:19:50Z</time>
        <extensions>
          <gpxtpx:TrackPointExtension>
            <gpxtpx:hr>150</gpxtpx:hr>
            <gpxtpx:cad>87</gpxtpx:cad>
            <gpxtpx:atemp>17.3</gpxtpx:atemp>
          </gpxtpx:TrackPointExtension>
        </extensions>
      </trkpt>
      <trkpt lat="51.0536903" lon="-114.0592828">
        <ele>1041.8</ele>
        <time>2026-08-19T12:19:51Z</time>
        <extensions>
          <gpxtpx:TrackPointExtension>
            <gpxtpx:hr>150</gpxtpx:hr>
            <gpxtpx:cad>88</gpxtpx:cad>
            <gpxtpx:atemp>17.1</gpxtpx:atemp>
          </gpxtpx:TrackPointExtension>
        </extensions>
      </trkpt>
      <trkpt lat="51.0536690" lon="-114.0592972">
        <ele>1041.9</ele>
        <time>2026-08-19T12:19:52Z</time>
        <extensions>
          <gpxtpx:TrackPointExtension>
            <gpxtpx:hr>150</gpxtpx:hr>
            <gpxtpx:cad>84</gpxtpx:cad>
            <gpxtpx:atemp>16.9</gpxtpx:atemp>
          </gpxtpx:TrackPointExtension>
        </extensions>
      </trkpt>
      <trkpt lat="51.0536552" lon="-114.0593632">
        <ele>1042.0</ele>
        <time>2026-08-19T12:19:53Z</time>
        <extensions>
          <gpxtpx:TrackPointExtension>
            <gpxtpx:hr>150</gpxtpx:hr>
            <gpxtpx:cad>87</gpxtpx:cad>
            <gpxtpx:atemp>16.6</gpxtpx:atemp>
          </gpxtpx:TrackPointExtension>
        </extensions>
      </trkpt>
      <trkpt lat="51.0536403" lon="-114.0594263">
        <ele>1042.1</ele>
        <time>2026-08-19T12:19:54Z</time>
        <extensions>
          <gpxtpx:TrackPointExtension>
            <gpxtpx:hr>150</gpxtpx:hr>
            <gpxtpx:cad>86</gpxtpx:cad>
            <gpxtpx:atemp>17.2</gpxtpx:atemp>
          </gpxtpx:TrackPointExtension>
        </extensions>
      </trkpt>
      <trkpt lat="51.0536414" lon="-114.0594899">
        <ele>1042.4</ele>
        <time>2026-08-19T12:19:55Z</time>
        <extensions>
          <gpxtpx:TrackPointExtension>
            <gpxtpx:hr>149</gpxtpx:hr>
            <gpxtpx:cad>86</gpxtpx:cad>
            <gpxtpx:atemp>17.3</gpxtpx:atemp>
          </gpxtpx:TrackPointExtension>
        </extensions>
      </trkpt>
      <trkpt lat="51.0536101" lon="-114.0595360">
        <ele>1042.0</ele>
        <time>2026-08-19T12:19:56Z</time>
        <extensions>
          <gpxtpx:TrackPointExtension>
            <gpxtpx:hr>150</gpxtpx:hr>
            <gpxtpx:cad>86</gpxtpx:cad>
            <gpxtpx:atemp>16.8</gpxtpx:atemp>
          </gpxtpx:TrackPointExtension>
        </extensions>
      </trkpt>
      <trkpt lat="51.0535994" lon="-114.0595613">
        <ele>1042.7</ele>
        <time>2026-08-19T12:19:57Z</time>
        <extensions>
          <gpxtpx:TrackPointExtension>
            <gpxtpx:hr>149</gpxtpx:hr>
            <gpxtpx:cad>84</gpxtpx:cad>
            <gpxtpx:atemp>17.2</gpxtpx:atemp>
          </gpxtpx:TrackPointExtension>
        </extensions>
      </trkpt>
      <trkpt lat="51.0535949" lon="-114.0596050">
        <ele>1042.8</ele>
        <time>2026-08-19T12:19:58Z</time>
        <extensions>
          <gpxtpx:TrackPointExtension>
            <gpxtpx:hr>148</gpxtpx:hr>
            <gpxtpx:cad>86</gpxtpx:cad>
            <gpxtpx:atemp>16.8</gpxtpx:atemp>
          </gpxtpx:TrackPointExtension>
        </extensions>
      </trkpt>
      <trkpt lat="51.0535880" lon="-114.0596732">
        <ele>1042.6</ele>
        <time>2026-08-19T12:19:59Z</time>
        <extensions>
          <gpxtpx:TrackPointExtension>
            <gpxtpx:hr>148</gpxtpx:hr>
            <gpxtpx:cad>87</gpxtpx:cad>
            <gpxtpx:atemp>17.4</gpxtpx:atemp>
          </gpxtpx:TrackPointExtension>
        </extensions>
      </trkpt>
      <trkpt lat="51.0536038" lon="-114.0597261">
        <ele>1042.3</ele>
        <time>2026-08-19T12:20:00Z</time>
        <extensions>
          <gpxtpx:TrackPointExtension>
            <gpxtpx:hr>148</gpxtpx:hr>
            <gpxtpx:cad>86</gpxtpx:cad>
            <gpxtpx:atemp>17.1</gpxtpx:atemp>
          </gpxtpx:TrackPointExtension>
        </extensions>
      </trkpt>
      <trkpt lat="51.0535946" lon="-114.0597445">
        <ele>1041.4</ele>
        <time>2026-08-19T12:20:01Z</time>
        <extensions>
          <gpxtpx:TrackPointExtension>
            <gpxtpx:hr>148</gpxtpx:hr>
            <gpxtpx:cad>87</gpxtpx:cad>
            <gpxtpx:atemp>17.1</gpxtpx:atemp>
          </gpxtpx:TrackPointExtension>
        </extensions>
      </trkpt>
      <trkpt lat="51.0535875" lon="-114.0597767">
        <ele>1040.8</ele>
        <time>2026-08-19T12:20:02Z</time>
        <extensions>
          <gpxtpx:TrackPointExtension>
            <gpxtpx:hr>148</gpxtpx:hr>
            <gpxtpx:cad>84</gpxtpx:cad>
            <gpxtpx:atemp>16.5</gpxtpx:atemp>
          </gpxtpx:TrackPointExtension>
        </extensions>
      </trkpt>
      <trkpt lat="51.0535770" lon="-114.0597971">
        <ele>1040.7</ele>
        <time>2026-08-19T12:20:03Z</time>
        <extensions>
          <gpxtpx:TrackPointExtension>
            <gpxtpx:hr>148</gpxtpx:hr>
            <gpxtpx:cad>85</gpxtpx:cad>
            <gpxtpx:atemp>16.9</gpxtpx:atemp>
          </gpxtpx:TrackPointExtension>
        </extensions>
      </trkpt>
      <trkpt lat="51.0535754" lon="-114.0598575">
        <ele>1041.0</ele>
        <time>2026-08-19T12:20:04Z</time>
        <extensions>
          <gpxtpx:TrackPointExtension>
            <gpxtpx:hr>148</gpxtpx:hr>
            <gpxtpx:cad>87</gpxtpx:cad>
            <gpxtpx:atemp>17.1</gpxtpx:atemp>
          </gpxtpx:TrackPointExtension>
        </extensions>
      </trkpt>
      <trkpt lat="51.0535595" lon="-114.0598847">
        <ele>1040.3</ele>
        <time>2026-08-19T12:20:05Z</time>
        <extensions>
          <gpxtpx:TrackPointExtension>
            <gpxtpx:hr>149</gpxtpx:hr>
            <gpxtpx:cad>85</gpxtpx:cad>
            <gpxtpx:atemp>17.0</gpxtpx:atemp>
          </gpxtpx:TrackPointExtension>
        </extensions>
      </trkpt>
      <trkpt lat="51.0535400" lon="-114.0599043">
        <ele>1040.5</ele>
        <time>2026-08-19T12:20:06Z</time>
        <extensions>
          <gpxtpx:TrackPointExtension>
            <gpxtpx:hr>149</gpxtpx:hr>
            <gpxtpx:cad>87</gpxtpx:cad>
            <gpxtpx:atemp>17.1</gpxtpx:atemp>
          </gpxtpx:TrackPointExtension>
        </extensions>
      </trkpt>
      <trkpt lat="51.0535370" lon="-114.0599519">
        <ele>1039.9</ele>
        <time>2026-08-19T12:20:07Z</time>
        <extensions>
          <gpxtpx:TrackPointExtension>
            <gpxtpx:hr>149</gpxtpx:hr>
            <gpxtpx:cad>86</gpxtpx:cad>
            <gpxtpx:atemp>16.9</gpxtpx:atemp>
          </gpxtpx:TrackPointExtension>
        </extensions>
      </trkpt>
      <trkpt lat="51.0535041" lon="-114.0600234">
        <ele>1039.6</ele>
        <time>2026-08-19T12:20:08Z</time>
        <extensions>
          <gpxtpx:TrackPointExtension>
            <gpxtpx:hr>148</gpxtpx:hr>
            <gpxtpx:cad>85</gpxtpx:cad>
            <gpxtpx:atemp>16.7</gpxtpx:atemp>
          </gpxtpx:TrackPointExtension>
        </extensions>
      </trkpt>
      <trkpt lat="51.0535005" lon="-114.0600929">
        <ele>1040.1</ele>
        <time>2026-08-19T12:20:09Z</time>
        <extensions>
          <gpxtpx:TrackPointExtension>
            <gpxtpx:hr>148</gpxtpx:hr>
            <gpxtpx:cad>86</gpxtpx:cad>
            <gpxtpx:atemp>16.6</gpxtpx:atemp>
          </gpxtpx:TrackPointExtension>
        </extensions>
      </trkpt>
      <trkpt lat="51.0534747" lon="-114.0601398">
        <ele>1039.4</ele>
        <time>2026-08-19T12:20:10Z</time>
        <extensions>
          <gpxtpx:TrackPointExtension>
            <gpxtpx:hr>147</gpxtpx:hr>
            <gpxtpx:cad>86</gpxtpx:cad>
            <gpxtpx:atemp>17.1</gpxtpx:atemp>
          </gpxtpx:TrackPointExtension>
        </extensions>
      </trkpt>
      <trkpt lat="51.0534562" lon="-114.0601984">
        <ele>1040.0</ele>
        <time>2026-08-19T12:20:11Z</time>
        <extensions>
          <gpxtpx:TrackPointExtension>
            <gpxtpx:hr>147</gpxtpx:hr>
            <gpxtpx:cad>87</gpxtpx:cad>
            <gpxtpx:atemp>16.9</gpxtpx:atemp>
          </gpxtpx:TrackPointExtension>
        </extensions>
      </trkpt>
      <trkpt lat="51.0534445" lon="-114.0602337">
        <ele>1039.6</ele>
        <time>2026-08-19T12:20:12Z</time>
        <extensions>
          <gpxtpx:TrackPointExtension>
            <gpxtpx:hr>147</gpxtpx:hr>
            <gpxtpx:cad>84</gpxtpx:cad>
            <gpxtpx:atemp>17.5</gpxtpx:atemp>
          </gpxtpx:TrackPointExtension>
        </extensions>
      </trkpt>
      <trkpt lat="51.0534398" lon="-114.0602735">
        <ele>1039.5</ele>
        <time>2026-08-19T12:20:13Z</time>
        <extensions>
          <gpxtpx:TrackPointExtension>
            <gpxtpx:hr>146</gpxtpx:hr>
            <gpxtpx:cad>86</gpxtpx:cad>
            <gpxtpx:atemp>16.9</gpxtpx:atemp>
          </gpxtpx:TrackPointExtension>
        </extensions>
      </trkpt>
      <trkpt lat="51.0534398" lon="-114.0602998">
        <ele>1039.3</ele>
        <time>2026-08-19T12:20:14Z</time>
        <extensions>
          <gpxtpx:TrackPointExtension>
            <gpxtpx:hr>147</gpxtpx:hr>
            <gpxtpx:cad>87</gpxtpx:cad>
            <gpxtpx:atemp>16.8</gpxtpx:atemp>
          </gpxtpx:TrackPointExtension>
        </extensions>
      </trkpt>
      <trkpt lat="51.0534318" lon="-114.0603070">
        <ele>1039.2</ele>
        <time>2026-08-19T12:20:15Z</time>
        <extensions>
          <gpxtpx:TrackPointExtension>
            <gpxtpx:hr>147</gpxtpx:hr>
            <gpxtpx:cad>84</gpxtpx:cad>
            <gpxtpx:atemp>17.0</gpxtpx:atemp>
          </gpxtpx:TrackPointExtension>
        </extensions>
      </trkpt>
      <trkpt lat="51.0534143" lon="-114.0603296">
        <ele>1039.6</ele>
        <time>2026-08-19T12:20:16Z</time>
        <extensions>
          <gpxtpx:TrackPointExtension>
            <gpxtpx:hr>147</gpxtpx:hr>
            <gpxtpx:cad>86</gpxtpx:cad>
            <gpxtpx:atemp>17.0</gpxtpx:atemp>
          </gpxtpx:TrackPointExtension>
        </extensions>
      </trkpt>
      <trkpt lat="51.0534129" lon="-114.0603972">
        <ele>1039.7</ele>
        <time>2026-08-19T12:20:17Z</time>
        <extensions>
          <gpxtpx:TrackPointExtension>
            <gpxtpx:hr>147</gpxtpx:hr>
            <gpxtpx:cad>86</gpxtpx:cad>
            <gpxtpx:atemp>17.0</gpxtpx:atemp>
          </gpxtpx:TrackPointExtension>
        </extensions>
      </trkpt>
      <trkpt lat="51.0533950" lon="-114.0604306">
        <ele>1039.8</ele>
        <time>2026-08-19T12:20:18Z</time>
        <extensions>
          <gpxtpx:TrackPointExtension>
            <gpxtpx:hr>147</gpxtpx:hr>
            <gpxtpx:cad>87</gpxtpx:cad>
            <gpxtpx:atemp>17.2</gpxtpx:atemp>
          </gpxtpx:TrackPointExtension>
        </extensions>
      </trkpt>
      <trkpt lat="51.0533893" lon="-114.0604711">
        <ele>1040.5</ele>
        <time>2026-08-19T12:20:19Z</time>
        <extensions>
          <gpxtpx:TrackPointExtension>
            <gpxtpx:hr>148</gpxtpx:hr>
            <gpxtpx:cad>87</gpxtpx:cad>
            <gpxtpx:atemp>16.7</gpxtpx:atemp>
          </gpxtpx:TrackPointExtension>
        </extensions>
      </trkpt>
      <trkpt lat="51.0533626" lon="-114.0604916">
        <ele>1039.8</ele>
        <time>2026-08-19T12:20:20Z</time>
        <extensions>
          <gpxtpx:TrackPointExtension>
            <gpxtpx:hr>150</gpxtpx:hr>
            <gpxtpx:cad>87</gpxtpx:cad>
            <gpxtpx:atemp>17.5</gpxtpx:atemp>
          </gpxtpx:TrackPointExtension>
        </extensions>
      </trkpt>
      <trkpt lat="51.0533492" lon="-114.0605472">
        <ele>1040.4</ele>
        <time>2026-08-19T12:20:21Z</time>
        <extensions>
          <gpxtpx:TrackPointExtension>
            <gpxtpx:hr>150</gpxtpx:hr>
            <gpxtpx:cad>88</gpxtpx:cad>
            <gpxtpx:atemp>17.0</gpxtpx:atemp>
          </gpxtpx:TrackPointExtension>
        </extensions>
      </trkpt>
      <trkpt lat="51.0533375" lon="-114.0605735">
        <ele>1040.5</ele>
        <time>2026-08-19T12:20:22Z</time>
        <extensions>
          <gpxtpx:TrackPointExtension>
            <gpxtpx:hr>150</gpxtpx:hr>
            <gpxtpx:cad>87</gpxtpx:cad>
            <gpxtpx:atemp>17.2</gpxtpx:atemp>
          </gpxtpx:TrackPointExtension>
        </extensions>
      </trkpt>
      <trkpt lat="51.0533325" lon="-114.0606077">
        <ele>1040.5</ele>
        <time>2026-08-19T12:20:23Z</time>
        <extensions>
          <gpxtpx:TrackPointExtension>
            <gpxtpx:hr>149</gpxtpx:hr>
            <gpxtpx:cad>86</gpxtpx:cad>
            <gpxtpx:atemp>16.7</gpxtpx:atemp>
          </gpxtpx:TrackPointExtension>
        </extensions>
      </trkpt>
      <trkpt lat="51.0533260" lon="-114.0606674">
        <ele>1040.5</ele>
        <time>2026-08-19T12:20:24Z</time>
        <extensions>
          <gpxtpx:TrackPointExtension>
            <gpxtpx:hr>150</gpxtpx:hr>
            <gpxtpx:cad>86</gpxtpx:cad>
            <gpxtpx:atemp>17.0</gpxtpx:atemp>
          </gpxtpx:TrackPointExtension>
        </extensions>
      </trkpt>
      <trkpt lat="51.0533293" lon="-114.0607057">
        <ele>1041.2</ele>
        <time>2026-08-19T12:20:25Z</time>
        <extensions>
          <gpxtpx:TrackPointExtension>
            <gpxtpx:hr>150</gpxtpx:hr>
            <gpxtpx:cad>84</gpxtpx:cad>
            <gpxtpx:atemp>16.9</gpxtpx:atemp>
          </gpxtpx:TrackPointExtension>
        </extensions>
      </trkpt>
      <trkpt lat="51.0533107" lon="-114.0607322">
        <ele>1042.0</ele>
        <time>2026-08-19T12:20:26Z</time>
        <extensions>
          <gpxtpx:TrackPointExtension>
            <gpxtpx:hr>150</gpxtpx:hr>
            <gpxtpx:cad>83</gpxtpx:cad>
            <gpxtpx:atemp>17.6</gpxtpx:atemp>
          </gpxtpx:TrackPointExtension>
        </extensions>
      </trkpt>
      <trkpt lat="51.0533023" lon="-114.0607974">
        <ele>1041.7</ele>
        <time>2026-08-19T12:20:27Z</time>
        <extensions>
          <gpxtpx:TrackPointExtension>
            <gpxtpx:hr>150</gpxtpx:hr>
            <gpxtpx:cad>86</gpxtpx:cad>
            <gpxtpx:atemp>16.9</gpxtpx:atemp>
          </gpxtpx:TrackPointExtension>
        </extensions>
      </trkpt>
      <trkpt lat="51.0532859" lon="-114.0608612">
        <ele>1041.8</ele>
        <time>2026-08-19T12:20:28Z</time>
        <extensions>
          <gpxtpx:TrackPointExtension>
            <gpxtpx:hr>150</gpxtpx:hr>
            <gpxtpx:cad>86</gpxtpx:cad>
            <gpxtpx:atemp>16.7</gpxtpx:atemp>
          </gpxtpx:TrackPointExtension>
        </extensions>
      </trkpt>
      <trkpt lat="51.0532887" lon="-114.0609017">
        <ele>1041.5</ele>
        <time>2026-08-19T12:20:29Z</time>
        <extensions>
          <gpxtpx:TrackPointExtension>
            <gpxtpx:hr>149</gpxtpx:hr>
            <gpxtpx:cad>85</gpxtpx:cad>
            <gpxtpx:atemp>16.9</gpxtpx:atemp>
          </gpxtpx:TrackPointExtension>
        </extensions>
      </trkpt>
      <trkpt lat="51.0532747" lon="-114.0609189">
        <ele>1042.3</ele>
        <time>2026-08-19T12:20:30Z</time>
        <extensions>
          <gpxtpx:TrackPointExtension>
            <gpxtpx:hr>149</gpxtpx:hr>
            <gpxtpx:cad>86</gpxtpx:cad>
            <gpxtpx:atemp>17.0</gpxtpx:atemp>
          </gpxtpx:TrackPointExtension>
        </extensions>
      </trkpt>
      <trkpt lat="51.0532732" lon="-114.0609749">
        <ele>1042.4</ele>
        <time>2026-08-19T12:20:31Z</time>
        <extensions>
          <gpxtpx:TrackPointExtension>
            <gpxtpx:hr>150</gpxtpx:hr>
            <gpxtpx:cad>85</gpxtpx:cad>
            <gpxtpx:atemp>17.6</gpxtpx:atemp>
          </gpxtpx:TrackPointExtension>
        </extensions>
      </trkpt>
      <trkpt lat="51.0532759" lon="-114.0610082">
        <ele>1042.3</ele>
        <time>2026-08-19T12:20:32Z</time>
        <extensions>
          <gpxtpx:TrackPointExtension>
            <gpxtpx:hr>151</gpxtpx:hr>
            <gpxtpx:cad>86</gpxtpx:cad>
            <gpxtpx:atemp>17.0</gpxtpx:atemp>
          </gpxtpx:TrackPointExtension>
        </extensions>
      </trkpt>
      <trkpt lat="51.0532489" lon="-114.0610702">
        <ele>1041.7</ele>
        <time>2026-08-19T12:20:33Z</time>
        <extensions>
          <gpxtpx:TrackPointExtension>
            <gpxtpx:hr>150</gpxtpx:hr>
            <gpxtpx:cad>84</gpxtpx:cad>
            <gpxtpx:atemp>17.0</gpxtpx:atemp>
          </gpxtpx:TrackPointExtension>
        </extensions>
      </trkpt>
      <trkpt lat="51.0532415" lon="-114.0611031">
        <ele>1041.7</ele>
        <time>2026-08-19T12:20:34Z</time>
        <extensions>
          <gpxtpx:TrackPointExtension>
            <gpxtpx:hr>150</gpxtpx:hr>
            <gpxtpx:cad>83</gpxtpx:cad>
            <gpxtpx:atemp>16.8</gpxtpx:atemp>
          </gpxtpx:TrackPointExtension>
        </extensions>
      </trkpt>
      <trkpt lat="51.0532316" lon="-114.0611577">
        <ele>1041.9</ele>
        <time>2026-08-19T12:20:35Z</time>
        <extensions>
          <gpxtpx:TrackPointExtension>
            <gpxtpx:hr>150</gpxtpx:hr>
            <gpxtpx:cad>86</gpxtpx:cad>
            <gpxtpx:atemp>17.3</gpxtpx:atemp>
          </gpxtpx:TrackPointExtension>
        </extensions>
      </trkpt>
      <trkpt lat="51.0532202" lon="-114.0611592">
        <ele>1041.0</ele>
        <time>2026-08-19T12:20:36Z</time>
        <extensions>
          <gpxtpx:TrackPointExtension>
            <gpxtpx:hr>151</gpxtpx:hr>
            <gpxtpx:cad>88</gpxtpx:cad>
            <gpxtpx:atemp>16.8</gpxtpx:atemp>
          </gpxtpx:TrackPointExtension>
        </extensions>
      </trkpt>
      <trkpt lat="51.0531902" lon="-114.0612132">
        <ele>1041.0</ele>
        <time>2026-08-19T12:20:37Z</time>
        <extensions>
          <gpxtpx:TrackPointExtension>
            <gpxtpx:hr>150</gpxtpx:hr>
            <gpxtpx:cad>84</gpxtpx:cad>
            <gpxtpx:atemp>16.9</gpxtpx:atemp>
          </gpxtpx:TrackPointExtension>
        </extensions>
      </trkpt>
      <trkpt lat="51.0531777" lon="-114.0612768">
        <ele>1041.2</ele>
        <time>2026-08-19T12:20:38Z</time>
        <extensions>
          <gpxtpx:TrackPointExtension>
            <gpxtpx:hr>151</gpxtpx:hr>
            <gpxtpx:cad>85</gpxtpx:cad>
            <gpxtpx:atemp>16.7</gpxtpx:atemp>
          </gpxtpx:TrackPointExtension>
        </extensions>
      </trkpt>
      <trkpt lat="51.0531599" lon="-114.0612941">
        <ele>1041.2</ele>
        <time>2026-08-19T12:20:39Z</time>
        <extensions>
          <gpxtpx:TrackPointExtension>
            <gpxtpx:hr>152</gpxtpx:hr>
            <gpxtpx:cad>85</gpxtpx:cad>
            <gpxtpx:atemp>17.3</gpxtpx:atemp>
          </gpxtpx:TrackPointExtension>
        </extensions>
      </trkpt>
      <trkpt lat="51.0531505" lon="-114.0612993">
        <ele>1041.5</ele>
        <time>2026-08-19T12:20:40Z</time>
        <extensions>
          <gpxtpx:TrackPointExtension>
            <gpxtpx:hr>151</gpxtpx:hr>
            <gpxtpx:cad>85</gpxtpx:cad>
            <gpxtpx:atemp>17.3</gpxtpx:atemp>
          </gpxtpx:TrackPointExtension>
        </extensions>
      </trkpt>
      <trkpt lat="51.0531077" lon="-114.0613665">
        <ele>1042.2</ele>
        <time>2026-08-19T12:20:41Z</time>
        <extensions>
          <gpxtpx:TrackPointExtension>
            <gpxtpx:hr>151</gpxtpx:hr>
            <gpxtpx:cad>85</gpxtpx:cad>
            <gpxtpx:atemp>16.8</gpxtpx:atemp>
          </gpxtpx:TrackPointExtension>
        </extensions>
      </trkpt>
      <trkpt lat="51.0530831" lon="-114.0614279">
        <ele>1041.9</ele>
        <time>2026-08-19T12:20:42Z</time>
        <extensions>
          <gpxtpx:TrackPointExtension>
            <gpxtpx:hr>151</gpxtpx:hr>
            <gpxtpx:cad>85</gpxtpx:cad>
            <gpxtpx:atemp>17.2</gpxtpx:atemp>
          </gpxtpx:TrackPointExtension>
        </extensions>
      </trkpt>
      <trkpt lat="51.0530703" lon="-114.0614780">
        <ele>1040.9</ele>
        <time>2026-08-19T12:20:43Z</time>
        <extensions>
          <gpxtpx:TrackPointExtension>
            <gpxtpx:hr>150</gpxtpx:hr>
            <gpxtpx:cad>84</gpxtpx:cad>
            <gpxtpx:atemp>17.1</gpxtpx:atemp>
          </gpxtpx:TrackPointExtension>
        </extensions>
      </trkpt>
      <trkpt lat="51.0530683" lon="-114.0615254">
        <ele>1040.9</ele>
        <time>2026-08-19T12:20:44Z</time>
        <extensions>
          <gpxtpx:TrackPointExtension>
            <gpxtpx:hr>151</gpxtpx:hr>
            <gpxtpx:cad>83</gpxtpx:cad>
            <gpxtpx:atemp>17.0</gpxtpx:atemp>
          </gpxtpx:TrackPointExtension>
        </extensions>
      </trkpt>
      <trkpt lat="51.0530507" lon="-114.0615968">
        <ele>1041.0</ele>
        <time>2026-08-19T12:20:45Z</time>
        <extensions>
          <gpxtpx:TrackPointExtension>
            <gpxtpx:hr>151</gpxtpx:hr>
            <gpxtpx:cad>85</gpxtpx:cad>
            <gpxtpx:atemp>16.8</gpxtpx:atemp>
          </gpxtpx:TrackPointExtension>
        </extensions>
      </trkpt>
      <trkpt lat="51.0530472" lon="-114.0616624">
        <ele>1041.2</ele>
        <time>2026-08-19T12:20:46Z</time>
        <extensions>
          <gpxtpx:TrackPointExtension>
            <gpxtpx:hr>151</gpxtpx:hr>
            <gpxtpx:cad>85</gpxtpx:cad>
            <gpxtpx:atemp>16.9</gpxtpx:atemp>
          </gpxtpx:TrackPointExtension>
        </extensions>
      </trkpt>
      <trkpt lat="51.0530428" lon="-114.0616937">
        <ele>1041.1</ele>
        <time>2026-08-19T12:20:47Z</time>
        <extensions>
          <gpxtpx:TrackPointExtension>
            <gpxtpx:hr>152</gpxtpx:hr>
            <gpxtpx:cad>85</gpxtpx:cad>
            <gpxtpx:atemp>16.7</gpxtpx:atemp>
          </gpxtpx:TrackPointExtension>
        </extensions>
      </trkpt>
      <trkpt lat="51.0530412" lon="-114.0617471">
        <ele>1041.8</ele>
        <time>2026-08-19T12:20:48Z</time>
        <extensions>
          <gpxtpx:TrackPointExtension>
            <gpxtpx:hr>152</gpxtpx:hr>
            <gpxtpx:cad>85</gpxtpx:cad>
            <gpxtpx:atemp>17.4</gpxtpx:atemp>
          </gpxtpx:TrackPointExtension>
        </extensions>
      </trkpt>
      <trkpt lat="51.0530279" lon="-114.0618043">
        <ele>1041.3</ele>
        <time>2026-08-19T12:20:49Z</time>
        <extensions>
          <gpxtpx:TrackPointExtension>
            <gpxtpx:hr>152</gpxtpx:hr>
            <gpxtpx:cad>86</gpxtpx:cad>
            <gpxtpx:atemp>16.7</gpxtpx:atemp>
          </gpxtpx:TrackPointExtension>
        </extensions>
      </trkpt>
      <trkpt lat="51.0530208" lon="-114.0618391">
        <ele>1041.2</ele>
        <time>2026-08-19T12:20:50Z</time>
        <extensions>
          <gpxtpx:TrackPointExtension>
            <gpxtpx:hr>152</gpxtpx:hr>
            <gpxtpx:cad>85</gpxtpx:cad>
            <gpxtpx:atemp>17.0</gpxtpx:atemp>
          </gpxtpx:TrackPointExtension>
        </extensions>
      </trkpt>
      <trkpt lat="51.0530165" lon="-114.0618934">
        <ele>1041.6</ele>
        <time>2026-08-19T12:20:51Z</time>
        <extensions>
          <gpxtpx:TrackPointExtension>
            <gpxtpx:hr>152</gpxtpx:hr>
            <gpxtpx:cad>86</gpxtpx:cad>
            <gpxtpx:atemp>17.4</gpxtpx:atemp>
          </gpxtpx:TrackPointExtension>
        </extensions>
      </trkpt>
      <trkpt lat="51.0530041" lon="-114.0619381">
        <ele>1041.7</ele>
        <time>2026-08-19T12:20:52Z</time>
        <extensions>
          <gpxtpx:TrackPointExtension>
            <gpxtpx:hr>152</gpxtpx:hr>
            <gpxtpx:cad>83</gpxtpx:cad>
            <gpxtpx:atemp>16.9</gpxtpx:atemp>
          </gpxtpx:TrackPointExtension>
        </extensions>
      </trkpt>
      <trkpt lat="51.0530031" lon="-114.0619807">
        <ele>1042.1</ele>
        <time>2026-08-19T12:20:53Z</time>
        <extensions>
          <gpxtpx:TrackPointExtension>
            <gpxtpx:hr>151</gpxtpx:hr>
            <gpxtpx:cad>84</gpxtpx:cad>
            <gpxtpx:atemp>16.8</gpxtpx:atemp>
          </gpxtpx:TrackPointExtension>
        </extensions>
      </trkpt>
      <trkpt lat="51.0529984" lon="-114.0620124">
        <ele>1042.0</ele>
        <time>2026-08-19T12:20:54Z</time>
        <extensions>
          <gpxtpx:TrackPointExtension>
            <gpxtpx:hr>151</gpxtpx:hr>
            <gpxtpx:cad>85</gpxtpx:cad>
            <gpxtpx:atemp>16.9</gpxtpx:atemp>
          </gpxtpx:TrackPointExtension>
        </extensions>
      </trkpt>
      <trkpt lat="51.0529830" lon="-114.0620748">
        <ele>1041.7</ele>
        <time>2026-08-19T12:20:55Z</time>
        <extensions>
          <gpxtpx:TrackPointExtension>
            <gpxtpx:hr>151</gpxtpx:hr>
            <gpxtpx:cad>89</gpxtpx:cad>
            <gpxtpx:atemp>16.7</gpxtpx:atemp>
          </gpxtpx:TrackPointExtension>
        </extensions>
      </trkpt>
      <trkpt lat="51.0529668" lon="-114.0621122">
        <ele>1042.3</ele>
        <time>2026-08-19T12:20:56Z</time>
        <extensions>
          <gpxtpx:TrackPointExtension>
            <gpxtpx:hr>151</gpxtpx:hr>
            <gpxtpx:cad>86</gpxtpx:cad>
            <gpxtpx:atemp>17.4</gpxtpx:atemp>
          </gpxtpx:TrackPointExtension>
        </extensions>
      </trkpt>
      <trkpt lat="51.0529552" lon="-114.0621707">
        <ele>1042.8</ele>
        <time>2026-08-19T12:20:57Z</time>
        <extensions>
          <gpxtpx:TrackPointExtension>
            <gpxtpx:hr>151</gpxtpx:hr>
            <gpxtpx:cad>86</gpxtpx:cad>
            <gpxtpx:atemp>17.1</gpxtpx:atemp>
          </gpxtpx:TrackPointExtension>
        </extensions>
      </trkpt>
      <trkpt lat="51.0529411" lon="-114.0621937">
        <ele>1042.7</ele>
        <time>2026-08-19T12:20:58Z</time>
        <extensions>
          <gpxtpx:TrackPointExtension>
            <gpxtpx:hr>151</gpxtpx:hr>
            <gpxtpx:cad>85</gpxtpx:cad>
            <gpxtpx:atemp>17.0</gpxtpx:atemp>
          </gpxtpx:TrackPointExtension>
        </extensions>
      </trkpt>
      <trkpt lat="51.0529274" lon="-114.0622147">
        <ele>1042.4</ele>
        <time>2026-08-19T12:20:59Z</time>
        <extensions>
          <gpxtpx:TrackPointExtension>
            <gpxtpx:hr>151</gpxtpx:hr>
            <gpxtpx:cad>84</gpxtpx:cad>
            <gpxtpx:atemp>16.4</gpxtpx:atemp>
          </gpxtpx:TrackPointExtension>
        </extensions>
      </trkpt>
      <trkpt lat="51.0529076" lon="-114.0622856">
        <ele>1042.1</ele>
        <time>2026-08-19T12:21:00Z</time>
        <extensions>
          <gpxtpx:TrackPointExtension>
            <gpxtpx:hr>151</gpxtpx:hr>
            <gpxtpx:cad>85</gpxtpx:cad>
            <gpxtpx:atemp>17.0</gpxtpx:atemp>
          </gpxtpx:TrackPointExtension>
        </extensions>
      </trkpt>
      <trkpt lat="51.0528835" lon="-114.0623310">
        <ele>1041.4</ele>
        <time>2026-08-19T12:21:01Z</time>
        <extensions>
          <gpxtpx:TrackPointExtension>
            <gpxtpx:hr>151</gpxtpx:hr>
            <gpxtpx:cad>87</gpxtpx:cad>
            <gpxtpx:atemp>17.3</gpxtpx:atemp>
          </gpxtpx:TrackPointExtension>
        </extensions>
      </trkpt>
      <trkpt lat="51.0528493" lon="-114.0623650">
        <ele>1041.2</ele>
        <time>2026-08-19T12:21:02Z</time>
        <extensions>
          <gpxtpx:TrackPointExtension>
            <gpxtpx:hr>151</gpxtpx:hr>
            <gpxtpx:cad>88</gpxtpx:cad>
            <gpxtpx:atemp>17.5</gpxtpx:atemp>
          </gpxtpx:TrackPointExtension>
        </extensions>
      </trkpt>
      <trkpt lat="51.0528526" lon="-114.0623746">
        <ele>1041.4</ele>
        <time>2026-08-19T12:21:03Z</time>
        <extensions>
          <gpxtpx:TrackPointExtension>
            <gpxtpx:hr>152</gpxtpx:hr>
            <gpxtpx:cad>87</gpxtpx:cad>
            <gpxtpx:atemp>17.1</gpxtpx:atemp>
          </gpxtpx:TrackPointExtension>
        </extensions>
      </trkpt>
      <trkpt lat="51.0528294" lon="-114.0624306">
        <ele>1040.9</ele>
        <time>2026-08-19T12:21:04Z</time>
        <extensions>
          <gpxtpx:TrackPointExtension>
            <gpxtpx:hr>151</gpxtpx:hr>
            <gpxtpx:cad>85</gpxtpx:cad>
            <gpxtpx:atemp>16.3</gpxtpx:atemp>
          </gpxtpx:TrackPointExtension>
        </extensions>
      </trkpt>
      <trkpt lat="51.0528449" lon="-114.0624341">
        <ele>1040.8</ele>
        <time>2026-08-19T12:21:05Z</time>
        <extensions>
          <gpxtpx:TrackPointExtension>
            <gpxtpx:hr>151</gpxtpx:hr>
            <gpxtpx:cad>87</gpxtpx:cad>
            <gpxtpx:atemp>17.3</gpxtpx:atemp>
          </gpxtpx:TrackPointExtension>
        </extensions>
      </trkpt>
      <trkpt lat="51.0528451" lon="-114.0625038">
        <ele>1041.0</ele>
        <time>2026-08-19T12:21:06Z</time>
        <extensions>
          <gpxtpx:TrackPointExtension>
            <gpxtpx:hr>151</gpxtpx:hr>
            <gpxtpx:cad>86</gpxtpx:cad>
            <gpxtpx:atemp>16.9</gpxtpx:atemp>
          </gpxtpx:TrackPointExtension>
        </extensions>
      </trkpt>
      <trkpt lat="51.0528170" lon="-114.0625613">
        <ele>1041.8</ele>
        <time>2026-08-19T12:21:07Z</time>
        <extensions>
          <gpxtpx:TrackPointExtension>
            <gpxtpx:hr>150</gpxtpx:hr>
            <gpxtpx:cad>87</gpxtpx:cad>
            <gpxtpx:atemp>16.7</gpxtpx:atemp>
          </gpxtpx:TrackPointExtension>
        </extensions>
      </trkpt>
      <trkpt lat="51.0528097" lon="-114.0625994">
        <ele>1041.4</ele>
        <time>2026-08-19T12:21:08Z</time>
        <extensions>
          <gpxtpx:TrackPointExtension>
            <gpxtpx:hr>150</gpxtpx:hr>
            <gpxtpx:cad>87</gpxtpx:cad>
            <gpxtpx:atemp>17.7</gpxtpx:atemp>
          </gpxtpx:TrackPointExtension>
        </extensions>
      </trkpt>
      <trkpt lat="51.0527998" lon="-114.0626452">
        <ele>1041.4</ele>
        <time>2026-08-19T12:21:09Z</time>
        <extensions>
          <gpxtpx:TrackPointExtension>
            <gpxtpx:hr>151</gpxtpx:hr>
            <gpxtpx:cad>86</gpxtpx:cad>
            <gpxtpx:atemp>16.9</gpxtpx:atemp>
          </gpxtpx:TrackPointExtension>
        </extensions>
      </trkpt>
      <trkpt lat="51.0527933" lon="-114.0626985">
        <ele>1040.4</ele>
        <time>2026-08-19T12:21:10Z</time>
        <extensions>
          <gpxtpx:TrackPointExtension>
            <gpxtpx:hr>152</gpxtpx:hr>
            <gpxtpx:cad>86</gpxtpx:cad>
            <gpxtpx:atemp>17.0</gpxtpx:atemp>
          </gpxtpx:TrackPointExtension>
        </extensions>
      </trkpt>
      <trkpt lat="51.0527620" lon="-114.0627185">
        <ele>1040.1</ele>
        <time>2026-08-19T12:21:11Z</time>
        <extensions>
          <gpxtpx:TrackPointExtension>
            <gpxtpx:hr>152</gpxtpx:hr>
            <gpxtpx:cad>88</gpxtpx:cad>
            <gpxtpx:atemp>17.2</gpxtpx:atemp>
          </gpxtpx:TrackPointExtension>
        </extensions>
      </trkpt>
      <trkpt lat="51.0527454" lon="-114.0627694">
        <ele>1041.0</ele>
        <time>2026-08-19T12:21:12Z</time>
        <extensions>
          <gpxtpx:TrackPointExtension>
            <gpxtpx:hr>152</gpxtpx:hr>
            <gpxtpx:cad>87</gpxtpx:cad>
            <gpxtpx:atemp>17.0</gpxtpx:atemp>
          </gpxtpx:TrackPointExtension>
        </extensions>
      </trkpt>
      <trkpt lat="51.0527208" lon="-114.0628415">
        <ele>1040.9</ele>
        <time>2026-08-19T12:21:13Z</time>
        <extensions>
          <gpxtpx:TrackPointExtension>
            <gpxtpx:hr>152</gpxtpx:hr>
            <gpxtpx:cad>87</gpxtpx:cad>
            <gpxtpx:atemp>16.9</gpxtpx:atemp>
          </gpxtpx:TrackPointExtension>
        </extensions>
      </trkpt>
      <trkpt lat="51.0527038" lon="-114.0628820">
        <ele>1040.1</ele>
        <time>2026-08-19T12:21:14Z</time>
        <extensions>
          <gpxtpx:TrackPointExtension>
            <gpxtpx:hr>152</gpxtpx:hr>
            <gpxtpx:cad>87</gpxtpx:cad>
            <gpxtpx:atemp>17.5</gpxtpx:atemp>
          </gpxtpx:TrackPointExtension>
        </extensions>
      </trkpt>
      <trkpt lat="51.0526826" lon="-114.0629422">
        <ele>1039.9</ele>
        <time>2026-08-19T12:21:15Z</time>
        <extensions>
          <gpxtpx:TrackPointExtension>
            <gpxtpx:hr>152</gpxtpx:hr>
            <gpxtpx:cad>86</gpxtpx:cad>
            <gpxtpx:atemp>17.1</gpxtpx:atemp>
          </gpxtpx:TrackPointExtension>
        </extensions>
      </trkpt>
      <trkpt lat="51.0526616" lon="-114.0629865">
        <ele>1039.8</ele>
        <time>2026-08-19T12:21:16Z</time>
        <extensions>
          <gpxtpx:TrackPointExtension>
            <gpxtpx:hr>152</gpxtpx:hr>
            <gpxtpx:cad>86</gpxtpx:cad>
            <gpxtpx:atemp>16.6</gpxtpx:atemp>
          </gpxtpx:TrackPointExtension>
        </extensions>
      </trkpt>
      <trkpt lat="51.0526633" lon="-114.0630328">
        <ele>1040.0</ele>
        <time>2026-08-19T12:21:17Z</time>
        <extensions>
          <gpxtpx:TrackPointExtension>
            <gpxtpx:hr>153</gpxtpx:hr>
            <gpxtpx:cad>85</gpxtpx:cad>
            <gpxtpx:atemp>16.9</gpxtpx:atemp>
          </gpxtpx:TrackPointExtension>
        </extensions>
      </trkpt>
      <trkpt lat="51.0526560" lon="-114.0630744">
        <ele>1040.6</ele>
        <time>2026-08-19T12:21:18Z</time>
        <extensions>
          <gpxtpx:TrackPointExtension>
            <gpxtpx:hr>152</gpxtpx:hr>
            <gpxtpx:cad>86</gpxtpx:cad>
            <gpxtpx:atemp>16.6</gpxtpx:atemp>
          </gpxtpx:TrackPointExtension>
        </extensions>
      </trkpt>
      <trkpt lat="51.0526443" lon="-114.0631511">
        <ele>1040.9</ele>
        <time>2026-08-19T12:21:19Z</time>
        <extensions>
          <gpxtpx:TrackPointExtension>
            <gpxtpx:hr>153</gpxtpx:hr>
            <gpxtpx:cad>84</gpxtpx:cad>
            <gpxtpx:atemp>17.4</gpxtpx:atemp>
          </gpxtpx:TrackPointExtension>
        </extensions>
      </trkpt>
      <trkpt lat="51.0526389" lon="-114.0632015">
        <ele>1041.9</ele>
        <time>2026-08-19T12:21:20Z</time>
        <extensions>
          <gpxtpx:TrackPointExtension>
            <gpxtpx:hr>153</gpxtpx:hr>
            <gpxtpx:cad>84</gpxtpx:cad>
            <gpxtpx:atemp>17.2</gpxtpx:atemp>
          </gpxtpx:TrackPointExtension>
        </extensions>
      </trkpt>
      <trkpt lat="51.0526499" lon="-114.0632614">
        <ele>1041.4</ele>
        <time>2026-08-19T12:21:21Z</time>
        <extensions>
          <gpxtpx:TrackPointExtension>
            <gpxtpx:hr>153</gpxtpx:hr>
            <gpxtpx:cad>88</gpxtpx:cad>
            <gpxtpx:atemp>17.5</gpxtpx:atemp>
          </gpxtpx:TrackPointExtension>
        </extensions>
      </trkpt>
      <trkpt lat="51.0526392" lon="-114.0633118">
        <ele>1041.7</ele>
        <time>2026-08-19T12:21:22Z</time>
        <extensions>
          <gpxtpx:TrackPointExtension>
            <gpxtpx:hr>153</gpxtpx:hr>
            <gpxtpx:cad>85</gpxtpx:cad>
            <gpxtpx:atemp>16.8</gpxtpx:atemp>
          </gpxtpx:TrackPointExtension>
        </extensions>
      </trkpt>
      <trkpt lat="51.0526169" lon="-114.0633351">
        <ele>1042.4</ele>
        <time>2026-08-19T12:21:23Z</time>
        <extensions>
          <gpxtpx:TrackPointExtension>
            <gpxtpx:hr>154</gpxtpx:hr>
            <gpxtpx:cad>87</gpxtpx:cad>
            <gpxtpx:atemp>16.9</gpxtpx:atemp>
          </gpxtpx:TrackPointExtension>
        </extensions>
      </trkpt>
      <trkpt lat="51.0526149" lon="-114.0633713">
        <ele>1042.7</ele>
        <time>2026-08-19T12:21:24Z</time>
        <extensions>
          <gpxtpx:TrackPointExtension>
            <gpxtpx:hr>154</gpxtpx:hr>
            <gpxtpx:cad>84</gpxtpx:cad>
            <gpxtpx:atemp>16.9</gpxtpx:atemp>
          </gpxtpx:TrackPointExtension>
        </extensions>
      </trkpt>
      <trkpt lat="51.0525927" lon="-114.0634061">
        <ele>1042.4</ele>
        <time>2026-08-19T12:21:25Z</time>
        <extensions>
          <gpxtpx:TrackPointExtension>
            <gpxtpx:hr>153</gpxtpx:hr>
            <gpxtpx:cad>85</gpxtpx:cad>
            <gpxtpx:atemp>17.3</gpxtpx:atemp>
          </gpxtpx:TrackPointExtension>
        </extensions>
      </trkpt>
      <trkpt lat="51.0526014" lon="-114.0634318">
        <ele>1042.9</ele>
        <time>2026-08-19T12:21:26Z</time>
        <extensions>
          <gpxtpx:TrackPointExtension>
            <gpxtpx:hr>153</gpxtpx:hr>
            <gpxtpx:cad>84</gpxtpx:cad>
            <gpxtpx:atemp>17.0</gpxtpx:atemp>
          </gpxtpx:TrackPointExtension>
        </extensions>
      </trkpt>
      <trkpt lat="51.0525967" lon="-114.0634863">
        <ele>1042.5</ele>
        <time>2026-08-19T12:21:27Z</time>
        <extensions>
          <gpxtpx:TrackPointExtension>
            <gpxtpx:hr>152</gpxtpx:hr>
            <gpxtpx:cad>86</gpxtpx:cad>
            <gpxtpx:atemp>16.8</gpxtpx:atemp>
          </gpxtpx:TrackPointExtension>
        </extensions>
      </trkpt>
      <trkpt lat="51.0525760" lon="-114.0635227">
        <ele>1042.3</ele>
        <time>2026-08-19T12:21:28Z</time>
        <extensions>
          <gpxtpx:TrackPointExtension>
            <gpxtpx:hr>152</gpxtpx:hr>
            <gpxtpx:cad>84</gpxtpx:cad>
            <gpxtpx:atemp>16.7</gpxtpx:atemp>
          </gpxtpx:TrackPointExtension>
        </extensions>
      </trkpt>
      <trkpt lat="51.0525650" lon="-114.0635665">
        <ele>1042.3</ele>
        <time>2026-08-19T12:21:29Z</time>
        <extensions>
          <gpxtpx:TrackPointExtension>
            <gpxtpx:hr>152</gpxtpx:hr>
            <gpxtpx:cad>85</gpxtpx:cad>
            <gpxtpx:atemp>16.9</gpxtpx:atemp>
          </gpxtpx:TrackPointExtension>
        </extensions>
      </trkpt>
      <trkpt lat="51.0525428" lon="-114.0635744">
        <ele>1042.4</ele>
        <time>2026-08-19T12:21:30Z</time>
        <extensions>
          <gpxtpx:TrackPointExtension>
            <gpxtpx:hr>153</gpxtpx:hr>
            <gpxtpx:cad>84</gpxtpx:cad>
            <gpxtpx:atemp>17.0</gpxtpx:atemp>
          </gpxtpx:TrackPointExtension>
        </extensions>
      </trkpt>
      <trkpt lat="51.0525264" lon="-114.0636429">
        <ele>1042.0</ele>
        <time>2026-08-19T12:21:31Z</time>
        <extensions>
          <gpxtpx:TrackPointExtension>
            <gpxtpx:hr>152</gpxtpx:hr>
            <gpxtpx:cad>84</gpxtpx:cad>
            <gpxtpx:atemp>16.9</gpxtpx:atemp>
          </gpxtpx:TrackPointExtension>
        </extensions>
      </trkpt>
      <trkpt lat="51.0525264" lon="-114.0636760">
        <ele>1042.1</ele>
        <time>2026-08-19T12:21:32Z</time>
        <extensions>
          <gpxtpx:TrackPointExtension>
            <gpxtpx:hr>153</gpxtpx:hr>
            <gpxtpx:cad>83</gpxtpx:cad>
            <gpxtpx:atemp>16.9</gpxtpx:atemp>
          </gpxtpx:TrackPointExtension>
        </extensions>
      </trkpt>
      <trkpt lat="51.0525063" lon="-114.0637314">
        <ele>1041.9</ele>
        <time>2026-08-19T12:21:33Z</time>
        <extensions>
          <gpxtpx:TrackPointExtension>
            <gpxtpx:hr>152</gpxtpx:hr>
            <gpxtpx:cad>85</gpxtpx:cad>
            <gpxtpx:atemp>17.3</gpxtpx:atemp>
          </gpxtpx:TrackPointExtension>
        </extensions>
      </trkpt>
      <trkpt lat="51.0524980" lon="-114.0637887">
        <ele>1042.2</ele>
        <time>2026-08-19T12:21:34Z</time>
        <extensions>
          <gpxtpx:TrackPointExtension>
            <gpxtpx:hr>153</gpxtpx:hr>
            <gpxtpx:cad>86</gpxtpx:cad>
            <gpxtpx:atemp>17.0</gpxtpx:atemp>
          </gpxtpx:TrackPointExtension>
        </extensions>
      </trkpt>
      <trkpt lat="51.0524662" lon="-114.0638208">
        <ele>1042.7</ele>
        <time>2026-08-19T12:21:35Z</time>
        <extensions>
          <gpxtpx:TrackPointExtension>
            <gpxtpx:hr>152</gpxtpx:hr>
            <gpxtpx:cad>84</gpxtpx:cad>
            <gpxtpx:atemp>17.2</gpxtpx:atemp>
          </gpxtpx:TrackPointExtension>
        </extensions>
      </trkpt>
      <trkpt lat="51.0524616" lon="-114.0638355">
        <ele>1041.6</ele>
        <time>2026-08-19T12:21:36Z</time>
        <extensions>
          <gpxtpx:TrackPointExtension>
            <gpxtpx:hr>152</gpxtpx:hr>
            <gpxtpx:cad>83</gpxtpx:cad>
            <gpxtpx:atemp>17.0</gpxtpx:atemp>
          </gpxtpx:TrackPointExtension>
        </extensions>
      </trkpt>
      <trkpt lat="51.0524718" lon="-114.0638591">
        <ele>1042.2</ele>
        <time>2026-08-19T12:21:37Z</time>
        <extensions>
          <gpxtpx:TrackPointExtension>
            <gpxtpx:hr>151</gpxtpx:hr>
            <gpxtpx:cad>85</gpxtpx:cad>
            <gpxtpx:atemp>17.1</gpxtpx:atemp>
          </gpxtpx:TrackPointExtension>
        </extensions>
      </trkpt>
      <trkpt lat="51.0524604" lon="-114.0638870">
        <ele>1042.2</ele>
        <time>2026-08-19T12:21:38Z</time>
        <extensions>
          <gpxtpx:TrackPointExtension>
            <gpxtpx:hr>150</gpxtpx:hr>
            <gpxtpx:cad>84</gpxtpx:cad>
            <gpxtpx:atemp>16.8</gpxtpx:atemp>
          </gpxtpx:TrackPointExtension>
        </extensions>
      </trkpt>
      <trkpt lat="51.0524698" lon="-114.0639350">
        <ele>1041.9</ele>
        <time>2026-08-19T12:21:39Z</time>
        <extensions>
          <gpxtpx:TrackPointExtension>
            <gpxtpx:hr>150</gpxtpx:hr>
            <gpxtpx:cad>87</gpxtpx:cad>
            <gpxtpx:atemp>17.3</gpxtpx:atemp>
          </gpxtpx:TrackPointExtension>
        </extensions>
      </trkpt>
      <trkpt lat="51.0524347" lon="-114.0639459">
        <ele>1042.1</ele>
        <time>2026-08-19T12:21:40Z</time>
        <extensions>
          <gpxtpx:TrackPointExtension>
            <gpxtpx:hr>150</gpxtpx:hr>
            <gpxtpx:cad>85</gpxtpx:cad>
            <gpxtpx:atemp>16.9</gpxtpx:atemp>
          </gpxtpx:TrackPointExtension>
        </extensions>
      </trkpt>
      <trkpt lat="51.0524287" lon="-114.0639782">
        <ele>1041.8</ele>
        <time>2026-08-19T12:21:41Z</time>
        <extensions>
          <gpxtpx:TrackPointExtension>
            <gpxtpx:hr>149</gpxtpx:hr>
            <gpxtpx:cad>87</gpxtpx:cad>
            <gpxtpx:atemp>17.0</gpxtpx:atemp>
          </gpxtpx:TrackPointExtension>
        </extensions>
      </trkpt>
      <trkpt lat="51.0524301" lon="-114.0640055">
        <ele>1042.0</ele>
        <time>2026-08-19T12:21:42Z</time>
        <extensions>
          <gpxtpx:TrackPointExtension>
            <gpxtpx:hr>150</gpxtpx:hr>
            <gpxtpx:cad>85</gpxtpx:cad>
            <gpxtpx:atemp>17.6</gpxtpx:atemp>
          </gpxtpx:TrackPointExtension>
        </extensions>
      </trkpt>
      <trkpt lat="51.0524044" lon="-114.0640582">
        <ele>1042.2</ele>
        <time>2026-08-19T12:21:43Z</time>
        <extensions>
          <gpxtpx:TrackPointExtension>
            <gpxtpx:hr>150</gpxtpx:hr>
            <gpxtpx:cad>89</gpxtpx:cad>
            <gpxtpx:atemp>16.7</gpxtpx:atemp>
          </gpxtpx:TrackPointExtension>
        </extensions>
      </trkpt>
      <trkpt lat="51.0523710" lon="-114.0640982">
        <ele>1042.2</ele>
        <time>2026-08-19T12:21:44Z</time>
        <extensions>
          <gpxtpx:TrackPointExtension>
            <gpxtpx:hr>150</gpxtpx:hr>
            <gpxtpx:cad>85</gpxtpx:cad>
            <gpxtpx:atemp>17.0</gpxtpx:atemp>
          </gpxtpx:TrackPointExtension>
        </extensions>
      </trkpt>
      <trkpt lat="51.0523564" lon="-114.0641441">
        <ele>1041.5</ele>
        <time>2026-08-19T12:21:45Z</time>
        <extensions>
          <gpxtpx:TrackPointExtension>
            <gpxtpx:hr>150</gpxtpx:hr>
            <gpxtpx:cad>86</gpxtpx:cad>
            <gpxtpx:atemp>17.1</gpxtpx:atemp>
          </gpxtpx:TrackPointExtension>
        </extensions>
      </trkpt>
      <trkpt lat="51.0523470" lon="-114.0641985">
        <ele>1041.4</ele>
        <time>2026-08-19T12:21:46Z</time>
        <extensions>
          <gpxtpx:TrackPointExtension>
            <gpxtpx:hr>150</gpxtpx:hr>
            <gpxtpx:cad>85</gpxtpx:cad>
            <gpxtpx:atemp>16.9</gpxtpx:atemp>
          </gpxtpx:TrackPointExtension>
        </extensions>
      </trkpt>
      <trkpt lat="51.0523346" lon="-114.0642925">
        <ele>1041.1</ele>
        <time>2026-08-19T12:21:47Z</time>
        <extensions>
          <gpxtpx:TrackPointExtension>
            <gpxtpx:hr>150</gpxtpx:hr>
            <gpxtpx:cad>84</gpxtpx:cad>
            <gpxtpx:atemp>17.5</gpxtpx:atemp>
          </gpxtpx:TrackPointExtension>
        </extensions>
      </trkpt>
      <trkpt lat="51.0523287" lon="-114.0643293">
        <ele>1041.4</ele>
        <time>2026-08-19T12:21:48Z</time>
        <extensions>
          <gpxtpx:TrackPointExtension>
            <gpxtpx:hr>151</gpxtpx:hr>
            <gpxtpx:cad>87</gpxtpx:cad>
            <gpxtpx:atemp>17.0</gpxtpx:atemp>
          </gpxtpx:TrackPointExtension>
        </extensions>
      </trkpt>
      <trkpt lat="51.0522952" lon="-114.0643710">
        <ele>1041.0</ele>
        <time>2026-08-19T12:21:49Z</time>
        <extensions>
          <gpxtpx:TrackPointExtension>
            <gpxtpx:hr>152</gpxtpx:hr>
            <gpxtpx:cad>87</gpxtpx:cad>
            <gpxtpx:atemp>17.0</gpxtpx:atemp>
          </gpxtpx:TrackPointExtension>
        </extensions>
      </trkpt>
      <trkpt lat="51.0522819" lon="-114.0644100">
        <ele>1040.7</ele>
        <time>2026-08-19T12:21:50Z</time>
        <extensions>
          <gpxtpx:TrackPointExtension>
            <gpxtpx:hr>153</gpxtpx:hr>
            <gpxtpx:cad>87</gpxtpx:cad>
            <gpxtpx:atemp>17.1</gpxtpx:atemp>
          </gpxtpx:TrackPointExtension>
        </extensions>
      </trkpt>
      <trkpt lat="51.0522619" lon="-114.0644307">
        <ele>1040.7</ele>
        <time>2026-08-19T12:21:51Z</time>
        <extensions>
          <gpxtpx:TrackPointExtension>
            <gpxtpx:hr>154</gpxtpx:hr>
            <gpxtpx:cad>87</gpxtpx:cad>
            <gpxtpx:atemp>16.8</gpxtpx:atemp>
          </gpxtpx:TrackPointExtension>
        </extensions>
      </trkpt>
      <trkpt lat="51.0522472" lon="-114.0644677">
        <ele>1040.1</ele>
        <time>2026-08-19T12:21:52Z</time>
        <extensions>
          <gpxtpx:TrackPointExtension>
            <gpxtpx:hr>153</gpxtpx:hr>
            <gpxtpx:cad>86</gpxtpx:cad>
            <gpxtpx:atemp>16.9</gpxtpx:atemp>
          </gpxtpx:TrackPointExtension>
        </extensions>
      </trkpt>
      <trkpt lat="51.0522284" lon="-114.0644941">
        <ele>1040.5</ele>
        <time>2026-08-19T12:21:53Z</time>
        <extensions>
          <gpxtpx:TrackPointExtension>
            <gpxtpx:hr>154</gpxtpx:hr>
            <gpxtpx:cad>86</gpxtpx:cad>
            <gpxtpx:atemp>17.1</gpxtpx:atemp>
          </gpxtpx:TrackPointExtension>
        </extensions>
      </trkpt>
      <trkpt lat="51.0522255" lon="-114.0645602">
        <ele>1040.4</ele>
        <time>2026-08-19T12:21:54Z</time>
        <extensions>
          <gpxtpx:TrackPointExtension>
            <gpxtpx:hr>153</gpxtpx:hr>
            <gpxtpx:cad>85</gpxtpx:cad>
            <gpxtpx:atemp>16.9</gpxtpx:atemp>
          </gpxtpx:TrackPointExtension>
        </extensions>
      </trkpt>
      <trkpt lat="51.0522243" lon="-114.0646134">
        <ele>1039.9</ele>
        <time>2026-08-19T12:21:55Z</time>
        <extensions>
          <gpxtpx:TrackPointExtension>
            <gpxtpx:hr>153</gpxtpx:hr>
            <gpxtpx:cad>88</gpxtpx:cad>
            <gpxtpx:atemp>16.8</gpxtpx:atemp>
          </gpxtpx:TrackPointExtension>
        </extensions>
      </trkpt>
      <trkpt lat="51.0522217" lon="-114.0646661">
        <ele>1040.4</ele>
        <time>2026-08-19T12:21:56Z</time>
        <extensions>
          <gpxtpx:TrackPointExtension>
            <gpxtpx:hr>154</gpxtpx:hr>
            <gpxtpx:cad>87</gpxtpx:cad>
            <gpxtpx:atemp>17.2</gpxtpx:atemp>
          </gpxtpx:TrackPointExtension>
        </extensions>
      </trkpt>
      <trkpt lat="51.0522030" lon="-114.0647215">
        <ele>1041.0</ele>
        <time>2026-08-19T12:21:57Z</time>
        <extensions>
          <gpxtpx:TrackPointExtension>
            <gpxtpx:hr>154</gpxtpx:hr>
            <gpxtpx:cad>85</gpxtpx:cad>
            <gpxtpx:atemp>17.1</gpxtpx:atemp>
          </gpxtpx:TrackPointExtension>
        </extensions>
      </trkpt>
      <trkpt lat="51.0521728" lon="-114.0647707">
        <ele>1041.9</ele>
        <time>2026-08-19T12:21:58Z</time>
        <extensions>
          <gpxtpx:TrackPointExtension>
            <gpxtpx:hr>154</gpxtpx:hr>
            <gpxtpx:cad>87</gpxtpx:cad>
            <gpxtpx:atemp>17.1</gpxtpx:atemp>
          </gpxtpx:TrackPointExtension>
        </extensions>
      </trkpt>
      <trkpt lat="51.0521503" lon="-114.0647618">
        <ele>1041.6</ele>
        <time>2026-08-19T12:21:59Z</time>
        <extensions>
          <gpxtpx:TrackPointExtension>
            <gpxtpx:hr>153</gpxtpx:hr>
            <gpxtpx:cad>86</gpxtpx:cad>
            <gpxtpx:atemp>16.9</gpxtpx:atemp>
          </gpxtpx:TrackPointExtension>
        </extensions>
      </trkpt>
      <trkpt lat="51.0521488" lon="-114.0647991">
        <ele>1042.1</ele>
        <time>2026-08-19T12:22:00Z</time>
        <extensions>
          <gpxtpx:TrackPointExtension>
            <gpxtpx:hr>153</gpxtpx:hr>
            <gpxtpx:cad>87</gpxtpx:cad>
            <gpxtpx:atemp>17.0</gpxtpx:atemp>
          </gpxtpx:TrackPointExtension>
        </extensions>
      </trkpt>
      <trkpt lat="51.0521273" lon="-114.0648682">
        <ele>1041.5</ele>
        <time>2026-08-19T12:22:01Z</time>
        <extensions>
          <gpxtpx:TrackPointExtension>
            <gpxtpx:hr>153</gpxtpx:hr>
            <gpxtpx:cad>85</gpxtpx:cad>
            <gpxtpx:atemp>16.9</gpxtpx:atemp>
          </gpxtpx:TrackPointExtension>
        </extensions>
      </trkpt>
      <trkpt lat="51.0521196" lon="-114.0649084">
        <ele>1041.9</ele>
        <time>2026-08-19T12:22:02Z</time>
        <extensions>
          <gpxtpx:TrackPointExtension>
            <gpxtpx:hr>154</gpxtpx:hr>
            <gpxtpx:cad>84</gpxtpx:cad>
            <gpxtpx:atemp>17.0</gpxtpx:atemp>
          </gpxtpx:TrackPointExtension>
        </extensions>
      </trkpt>
      <trkpt lat="51.0521065" lon="-114.0649585">
        <ele>1041.6</ele>
        <time>2026-08-19T12:22:03Z</time>
        <extensions>
          <gpxtpx:TrackPointExtension>
            <gpxtpx:hr>154</gpxtpx:hr>
            <gpxtpx:cad>86</gpxtpx:cad>
            <gpxtpx:atemp>17.0</gpxtpx:atemp>
          </gpxtpx:TrackPointExtension>
        </extensions>
      </trkpt>
      <trkpt lat="51.0520893" lon="-114.0649792">
        <ele>1041.0</ele>
        <time>2026-08-19T12:22:04Z</time>
        <extensions>
          <gpxtpx:TrackPointExtension>
            <gpxtpx:hr>153</gpxtpx:hr>
            <gpxtpx:cad>88</gpxtpx:cad>
            <gpxtpx:atemp>17.2</gpxtpx:atemp>
          </gpxtpx:TrackPointExtension>
        </extensions>
      </trkpt>
      <trkpt lat="51.0520744" lon="-114.0650268">
        <ele>1040.1</ele>
        <time>2026-08-19T12:22:05Z</time>
        <extensions>
          <gpxtpx:TrackPointExtension>
            <gpxtpx:hr>153</gpxtpx:hr>
            <gpxtpx:cad>86</gpxtpx:cad>
            <gpxtpx:atemp>16.9</gpxtpx:atemp>
          </gpxtpx:TrackPointExtension>
        </extensions>
      </trkpt>
      <trkpt lat="51.0520559" lon="-114.0650742">
        <ele>1039.1</ele>
        <time>2026-08-19T12:22:06Z</time>
        <extensions>
          <gpxtpx:TrackPointExtension>
            <gpxtpx:hr>153</gpxtpx:hr>
            <gpxtpx:cad>87</gpxtpx:cad>
            <gpxtpx:atemp>17.1</gpxtpx:atemp>
          </gpxtpx:TrackPointExtension>
        </extensions>
      </trkpt>
      <trkpt lat="51.0520392" lon="-114.0651338">
        <ele>1039.4</ele>
        <time>2026-08-19T12:22:07Z</time>
        <extensions>
          <gpxtpx:TrackPointExtension>
            <gpxtpx:hr>153</gpxtpx:hr>
            <gpxtpx:cad>86</gpxtpx:cad>
            <gpxtpx:atemp>16.9</gpxtpx:atemp>
          </gpxtpx:TrackPointExtension>
        </extensions>
      </trkpt>
      <trkpt lat="51.0520166" lon="-114.0652080">
        <ele>1038.9</ele>
        <time>2026-08-19T12:22:08Z</time>
        <extensions>
          <gpxtpx:TrackPointExtension>
            <gpxtpx:hr>153</gpxtpx:hr>
            <gpxtpx:cad>87</gpxtpx:cad>
            <gpxtpx:atemp>16.9</gpxtpx:atemp>
          </gpxtpx:TrackPointExtension>
        </extensions>
      </trkpt>
      <trkpt lat="51.0520026" lon="-114.0652586">
        <ele>1038.5</ele>
        <time>2026-08-19T12:22:09Z</time>
        <extensions>
          <gpxtpx:TrackPointExtension>
            <gpxtpx:hr>154</gpxtpx:hr>
            <gpxtpx:cad>83</gpxtpx:cad>
            <gpxtpx:atemp>16.7</gpxtpx:atemp>
          </gpxtpx:TrackPointExtension>
        </extensions>
      </trkpt>
      <trkpt lat="51.0519883" lon="-114.0653101">
        <ele>1039.5</ele>
        <time>2026-08-19T12:22:10Z</time>
        <extensions>
          <gpxtpx:TrackPointExtension>
            <gpxtpx:hr>154</gpxtpx:hr>
            <gpxtpx:cad>86</gpxtpx:cad>
            <gpxtpx:atemp>16.7</gpxtpx:atemp>
          </gpxtpx:TrackPointExtension>
        </extensions>
      </trkpt>
      <trkpt lat="51.0519954" lon="-114.0653210">
        <ele>1039.3</ele>
        <time>2026-08-19T12:22:11Z</time>
        <extensions>
          <gpxtpx:TrackPointExtension>
            <gpxtpx:hr>155</gpxtpx:hr>
            <gpxtpx:cad>87</gpxtpx:cad>
            <gpxtpx:atemp>17.2</gpxtpx:atemp>
          </gpxtpx:TrackPointExtension>
        </extensions>
      </trkpt>
      <trkpt lat="51.0519917" lon="-114.0653572">
        <ele>1039.5</ele>
        <time>2026-08-19T12:22:12Z</time>
        <extensions>
          <gpxtpx:TrackPointExtension>
            <gpxtpx:hr>154</gpxtpx:hr>
            <gpxtpx:cad>86</gpxtpx:cad>
            <gpxtpx:atemp>17.2</gpxtpx:atemp>
          </gpxtpx:TrackPointExtension>
        </extensions>
      </trkpt>
      <trkpt lat="51.0519705" lon="-114.0654008">
        <ele>1039.8</ele>
        <time>2026-08-19T12:22:13Z</time>
        <extensions>
          <gpxtpx:TrackPointExtension>
            <gpxtpx:hr>154</gpxtpx:hr>
            <gpxtpx:cad>86</gpxtpx:cad>
            <gpxtpx:atemp>17.2</gpxtpx:atemp>
          </gpxtpx:TrackPointExtension>
        </extensions>
      </trkpt>
      <trkpt lat="51.0519599" lon="-114.0654146">
        <ele>1039.7</ele>
        <time>2026-08-19T12:22:14Z</time>
        <extensions>
          <gpxtpx:TrackPointExtension>
            <gpxtpx:hr>154</gpxtpx:hr>
            <gpxtpx:cad>85</gpxtpx:cad>
            <gpxtpx:atemp>16.9</gpxtpx:atemp>
          </gpxtpx:TrackPointExtension>
        </extensions>
      </trkpt>
      <trkpt lat="51.0519382" lon="-114.0654496">
        <ele>1040.6</ele>
        <time>2026-08-19T12:22:15Z</time>
        <extensions>
          <gpxtpx:TrackPointExtension>
            <gpxtpx:hr>154</gpxtpx:hr>
            <gpxtpx:cad>86</gpxtpx:cad>
            <gpxtpx:atemp>17.0</gpxtpx:atemp>
          </gpxtpx:TrackPointExtension>
        </extensions>
      </trkpt>
      <trkpt lat="51.0519191" lon="-114.0654929">
        <ele>1041.2</ele>
        <time>2026-08-19T12:22:16Z</time>
        <extensions>
          <gpxtpx:TrackPointExtension>
            <gpxtpx:hr>154</gpxtpx:hr>
            <gpxtpx:cad>87</gpxtpx:cad>
            <gpxtpx:atemp>16.9</gpxtpx:atemp>
          </gpxtpx:TrackPointExtension>
        </extensions>
      </trkpt>
      <trkpt lat="51.0519082" lon="-114.0655503">
        <ele>1041.5</ele>
        <time>2026-08-19T12:22:17Z</time>
        <extensions>
          <gpxtpx:TrackPointExtension>
            <gpxtpx:hr>153</gpxtpx:hr>
            <gpxtpx:cad>87</gpxtpx:cad>
            <gpxtpx:atemp>17.0</gpxtpx:atemp>
          </gpxtpx:TrackPointExtension>
        </extensions>
      </trkpt>
      <trkpt lat="51.0518892" lon="-114.0656319">
        <ele>1041.3</ele>
        <time>2026-08-19T12:22:18Z</time>
        <extensions>
          <gpxtpx:TrackPointExtension>
            <gpxtpx:hr>153</gpxtpx:hr>
            <gpxtpx:cad>84</gpxtpx:cad>
            <gpxtpx:atemp>16.9</gpxtpx:atemp>
          </gpxtpx:TrackPointExtension>
        </extensions>
      </trkpt>
      <trkpt lat="51.0518721" lon="-114.0656816">
        <ele>1040.7</ele>
        <time>2026-08-19T12:22:19Z</time>
        <extensions>
          <gpxtpx:TrackPointExtension>
            <gpxtpx:hr>153</gpxtpx:hr>
            <gpxtpx:cad>84</gpxtpx:cad>
            <gpxtpx:atemp>16.6</gpxtpx:atemp>
          </gpxtpx:TrackPointExtension>
        </extensions>
      </trkpt>
      <trkpt lat="51.0518772" lon="-114.0656950">
        <ele>1040.0</ele>
        <time>2026-08-19T12:22:20Z</time>
        <extensions>
          <gpxtpx:TrackPointExtension>
            <gpxtpx:hr>153</gpxtpx:hr>
            <gpxtpx:cad>86</gpxtpx:cad>
            <gpxtpx:atemp>17.2</gpxtpx:atemp>
          </gpxtpx:TrackPointExtension>
        </extensions>
      </trkpt>
      <trkpt lat="51.0518483" lon="-114.0657272">
        <ele>1039.9</ele>
        <time>2026-08-19T12:22:21Z</time>
        <extensions>
          <gpxtpx:TrackPointExtension>
            <gpxtpx:hr>151</gpxtpx:hr>
            <gpxtpx:cad>89</gpxtpx:cad>
            <gpxtpx:atemp>16.9</gpxtpx:atemp>
          </gpxtpx:TrackPointExtension>
        </extensions>
      </trkpt>
      <trkpt lat="51.0518292" lon="-114.0658108">
        <ele>1040.5</ele>
        <time>2026-08-19T12:22:22Z</time>
        <extensions>
          <gpxtpx:TrackPointExtension>
            <gpxtpx:hr>151</gpxtpx:hr>
            <gpxtpx:cad>86</gpxtpx:cad>
            <gpxtpx:atemp>16.5</gpxtpx:atemp>
          </gpxtpx:TrackPointExtension>
        </extensions>
      </trkpt>
      <trkpt lat="51.0518049" lon="-114.0658372">
        <ele>1041.0</ele>
        <time>2026-08-19T12:22:23Z</time>
        <extensions>
          <gpxtpx:TrackPointExtension>
            <gpxtpx:hr>151</gpxtpx:hr>
            <gpxtpx:cad>85</gpxtpx:cad>
            <gpxtpx:atemp>17.2</gpxtpx:atemp>
          </gpxtpx:TrackPointExtension>
        </extensions>
      </trkpt>
      <trkpt lat="51.0517992" lon="-114.0659131">
        <ele>1041.7</ele>
        <time>2026-08-19T12:22:24Z</time>
        <extensions>
          <gpxtpx:TrackPointExtension>
            <gpxtpx:hr>152</gpxtpx:hr>
            <gpxtpx:cad>85</gpxtpx:cad>
            <gpxtpx:atemp>16.9</gpxtpx:atemp>
          </gpxtpx:TrackPointExtension>
        </extensions>
      </trkpt>
      <trkpt lat="51.0517814" lon="-114.0659629">
        <ele>1042.3</ele>
        <time>2026-08-19T12:22:25Z</time>
        <extensions>
          <gpxtpx:TrackPointExtension>
            <gpxtpx:hr>151</gpxtpx:hr>
            <gpxtpx:cad>86</gpxtpx:cad>
            <gpxtpx:atemp>17.0</gpxtpx:atemp>
          </gpxtpx:TrackPointExtension>
        </extensions>
      </trkpt>
      <trkpt lat="51.0517695" lon="-114.0660103">
        <ele>1043.2</ele>
        <time>2026-08-19T12:22:26Z</time>
        <extensions>
          <gpxtpx:TrackPointExtension>
            <gpxtpx:hr>150</gpxtpx:hr>
            <gpxtpx:cad>85</gpxtpx:cad>
            <gpxtpx:atemp>17.2</gpxtpx:atemp>
          </gpxtpx:TrackPointExtension>
        </extensions>
      </trkpt>
      <trkpt lat="51.0517667" lon="-114.0660462">
        <ele>1042.7</ele>
        <time>2026-08-19T12:22:27Z</time>
        <extensions>
          <gpxtpx:TrackPointExtension>
            <gpxtpx:hr>151</gpxtpx:hr>
            <gpxtpx:cad>86</gpxtpx:cad>
            <gpxtpx:atemp>17.5</gpxtpx:atemp>
          </gpxtpx:TrackPointExtension>
        </extensions>
      </trkpt>
      <trkpt lat="51.0517473" lon="-114.0660704">
        <ele>1042.3</ele>
        <time>2026-08-19T12:22:28Z</time>
        <extensions>
          <gpxtpx:TrackPointExtension>
            <gpxtpx:hr>151</gpxtpx:hr>
            <gpxtpx:cad>85</gpxtpx:cad>
            <gpxtpx:atemp>16.7</gpxtpx:atemp>
          </gpxtpx:TrackPointExtension>
        </extensions>
      </trkpt>
      <trkpt lat="51.0517433" lon="-114.0660968">
        <ele>1042.5</ele>
        <time>2026-08-19T12:22:29Z</time>
        <extensions>
          <gpxtpx:TrackPointExtension>
            <gpxtpx:hr>151</gpxtpx:hr>
            <gpxtpx:cad>85</gpxtpx:cad>
            <gpxtpx:atemp>17.0</gpxtpx:atemp>
          </gpxtpx:TrackPointExtension>
        </extensions>
      </trkpt>
      <trkpt lat="51.0517284" lon="-114.0661464">
        <ele>1042.7</ele>
        <time>2026-08-19T12:22:30Z</time>
        <extensions>
          <gpxtpx:TrackPointExtension>
            <gpxtpx:hr>151</gpxtpx:hr>
            <gpxtpx:cad>84</gpxtpx:cad>
            <gpxtpx:atemp>16.9</gpxtpx:atemp>
          </gpxtpx:TrackPointExtension>
        </extensions>
      </trkpt>
      <trkpt lat="51.0517113" lon="-114.0661612">
        <ele>1042.9</ele>
        <time>2026-08-19T12:22:31Z</time>
        <extensions>
          <gpxtpx:TrackPointExtension>
            <gpxtpx:hr>151</gpxtpx:hr>
            <gpxtpx:cad>84</gpxtpx:cad>
            <gpxtpx:atemp>16.9</gpxtpx:atemp>
          </gpxtpx:TrackPointExtension>
        </extensions>
      </trkpt>
      <trkpt lat="51.0516912" lon="-114.0662081">
        <ele>1042.9</ele>
        <time>2026-08-19T12:22:32Z</time>
        <extensions>
          <gpxtpx:TrackPointExtension>
            <gpxtpx:hr>151</gpxtpx:hr>
            <gpxtpx:cad>84</gpxtpx:cad>
            <gpxtpx:atemp>16.9</gpxtpx:atemp>
          </gpxtpx:TrackPointExtension>
        </extensions>
      </trkpt>
      <trkpt lat="51.0516791" lon="-114.0662444">
        <ele>1042.6</ele>
        <time>2026-08-19T12:22:33Z</time>
        <extensions>
          <gpxtpx:TrackPointExtension>
            <gpxtpx:hr>151</gpxtpx:hr>
            <gpxtpx:cad>84</gpxtpx:cad>
            <gpxtpx:atemp>17.1</gpxtpx:atemp>
          </gpxtpx:TrackPointExtension>
        </extensions>
      </trkpt>
      <trkpt lat="51.0516733" lon="-114.0662804">
        <ele>1042.5</ele>
        <time>2026-08-19T12:22:34Z</time>
        <extensions>
          <gpxtpx:TrackPointExtension>
            <gpxtpx:hr>151</gpxtpx:hr>
            <gpxtpx:cad>84</gpxtpx:cad>
            <gpxtpx:atemp>17.2</gpxtpx:atemp>
          </gpxtpx:TrackPointExtension>
        </extensions>
      </trkpt>
      <trkpt lat="51.0516671" lon="-114.0663178">
        <ele>1042.4</ele>
        <time>2026-08-19T12:22:35Z</time>
        <extensions>
          <gpxtpx:TrackPointExtension>
            <gpxtpx:hr>151</gpxtpx:hr>
            <gpxtpx:cad>86</gpxtpx:cad>
            <gpxtpx:atemp>17.2</gpxtpx:atemp>
          </gpxtpx:TrackPointExtension>
        </extensions>
      </trkpt>
      <trkpt lat="51.0516644" lon="-114.0663352">
        <ele>1042.6</ele>
        <time>2026-08-19T12:22:36Z</time>
        <extensions>
          <gpxtpx:TrackPointExtension>
            <gpxtpx:hr>152</gpxtpx:hr>
            <gpxtpx:cad>82</gpxtpx:cad>
            <gpxtpx:atemp>17.4</gpxtpx:atemp>
          </gpxtpx:TrackPointExtension>
        </extensions>
      </trkpt>
      <trkpt lat="51.0516323" lon="-114.0664163">
        <ele>1042.7</ele>
        <time>2026-08-19T12:22:37Z</time>
        <extensions>
          <gpxtpx:TrackPointExtension>
            <gpxtpx:hr>152</gpxtpx:hr>
            <gpxtpx:cad>84</gpxtpx:cad>
            <gpxtpx:atemp>16.8</gpxtpx:atemp>
          </gpxtpx:TrackPointExtension>
        </extensions>
      </trkpt>
      <trkpt lat="51.0516098" lon="-114.0664551">
        <ele>1042.0</ele>
        <time>2026-08-19T12:22:38Z</time>
        <extensions>
          <gpxtpx:TrackPointExtension>
            <gpxtpx:hr>152</gpxtpx:hr>
            <gpxtpx:cad>84</gpxtpx:cad>
            <gpxtpx:atemp>17.2</gpxtpx:atemp>
          </gpxtpx:TrackPointExtension>
        </extensions>
      </trkpt>
      <trkpt lat="51.0515783" lon="-114.0664537">
        <ele>1041.7</ele>
        <time>2026-08-19T12:22:39Z</time>
        <extensions>
          <gpxtpx:TrackPointExtension>
            <gpxtpx:hr>151</gpxtpx:hr>
            <gpxtpx:cad>84</gpxtpx:cad>
            <gpxtpx:atemp>17.1</gpxtpx:atemp>
          </gpxtpx:TrackPointExtension>
        </extensions>
      </trkpt>
      <trkpt lat="51.0515468" lon="-114.0664725">
        <ele>1041.8</ele>
        <time>2026-08-19T12:22:40Z</time>
        <extensions>
          <gpxtpx:TrackPointExtension>
            <gpxtpx:hr>152</gpxtpx:hr>
            <gpxtpx:cad>84</gpxtpx:cad>
            <gpxtpx:atemp>16.4</gpxtpx:atemp>
          </gpxtpx:TrackPointExtension>
        </extensions>
      </trkpt>
      <trkpt lat="51.0515410" lon="-114.0665272">
        <ele>1041.7</ele>
        <time>2026-08-19T12:22:41Z</time>
        <extensions>
          <gpxtpx:TrackPointExtension>
            <gpxtpx:hr>151</gpxtpx:hr>
            <gpxtpx:cad>86</gpxtpx:cad>
            <gpxtpx:atemp>16.6</gpxtpx:atemp>
          </gpxtpx:TrackPointExtension>
        </extensions>
      </trkpt>
      <trkpt lat="51.0515351" lon="-114.0665443">
        <ele>1041.8</ele>
        <time>2026-08-19T12:22:42Z</time>
        <extensions>
          <gpxtpx:TrackPointExtension>
            <gpxtpx:hr>151</gpxtpx:hr>
            <gpxtpx:cad>88</gpxtpx:cad>
            <gpxtpx:atemp>17.1</gpxtpx:atemp>
          </gpxtpx:TrackPointExtension>
        </extensions>
      </trkpt>
      <trkpt lat="51.0515329" lon="-114.0665966">
        <ele>1042.1</ele>
        <time>2026-08-19T12:22:43Z</time>
        <extensions>
          <gpxtpx:TrackPointExtension>
            <gpxtpx:hr>151</gpxtpx:hr>
            <gpxtpx:cad>85</gpxtpx:cad>
            <gpxtpx:atemp>16.9</gpxtpx:atemp>
          </gpxtpx:TrackPointExtension>
        </extensions>
      </trkpt>
      <trkpt lat="51.0515131" lon="-114.0666228">
        <ele>1042.2</ele>
        <time>2026-08-19T12:22:44Z</time>
        <extensions>
          <gpxtpx:TrackPointExtension>
            <gpxtpx:hr>151</gpxtpx:hr>
            <gpxtpx:cad>84</gpxtpx:cad>
            <gpxtpx:atemp>17.1</gpxtpx:atemp>
          </gpxtpx:TrackPointExtension>
        </extensions>
      </trkpt>
      <trkpt lat="51.0514878" lon="-114.0666722">
        <ele>1042.4</ele>
        <time>2026-08-19T12:22:45Z</time>
        <extensions>
          <gpxtpx:TrackPointExtension>
            <gpxtpx:hr>150</gpxtpx:hr>
            <gpxtpx:cad>86</gpxtpx:cad>
            <gpxtpx:atemp>16.6</gpxtpx:atemp>
          </gpxtpx:TrackPointExtension>
        </extensions>
      </trkpt>
      <trkpt lat="51.0514735" lon="-114.0667208">
        <ele>1042.1</ele>
        <time>2026-08-19T12:22:46Z</time>
        <extensions>
          <gpxtpx:TrackPointExtension>
            <gpxtpx:hr>150</gpxtpx:hr>
            <gpxtpx:cad>84</gpxtpx:cad>
            <gpxtpx:atemp>16.4</gpxtpx:atemp>
          </gpxtpx:TrackPointExtension>
        </extensions>
      </trkpt>
      <trkpt lat="51.0514664" lon="-114.0667696">
        <ele>1041.8</ele>
        <time>2026-08-19T12:22:47Z</time>
        <extensions>
          <gpxtpx:TrackPointExtension>
            <gpxtpx:hr>150</gpxtpx:hr>
            <gpxtpx:cad>85</gpxtpx:cad>
            <gpxtpx:atemp>16.8</gpxtpx:atemp>
          </gpxtpx:TrackPointExtension>
        </extensions>
      </trkpt>
      <trkpt lat="51.0514238" lon="-114.0668374">
        <ele>1042.5</ele>
        <time>2026-08-19T12:22:48Z</time>
        <extensions>
          <gpxtpx:TrackPointExtension>
            <gpxtpx:hr>151</gpxtpx:hr>
            <gpxtpx:cad>88</gpxtpx:cad>
            <gpxtpx:atemp>17.2</gpxtpx:atemp>
          </gpxtpx:TrackPointExtension>
        </extensions>
      </trkpt>
      <trkpt lat="51.0514164" lon="-114.0668964">
        <ele>1042.2</ele>
        <time>2026-08-19T12:22:49Z</time>
        <extensions>
          <gpxtpx:TrackPointExtension>
            <gpxtpx:hr>151</gpxtpx:hr>
            <gpxtpx:cad>86</gpxtpx:cad>
            <gpxtpx:atemp>16.9</gpxtpx:atemp>
          </gpxtpx:TrackPointExtension>
        </extensions>
      </trkpt>
      <trkpt lat="51.0514060" lon="-114.0669183">
        <ele>1042.2</ele>
        <time>2026-08-19T12:22:50Z</time>
        <extensions>
          <gpxtpx:TrackPointExtension>
            <gpxtpx:hr>151</gpxtpx:hr>
            <gpxtpx:cad>86</gpxtpx:cad>
            <gpxtpx:atemp>17.4</gpxtpx:atemp>
          </gpxtpx:TrackPointExtension>
        </extensions>
      </trkpt>
      <trkpt lat="51.0513804" lon="-114.0669483">
        <ele>1041.8</ele>
        <time>2026-08-19T12:22:51Z</time>
        <extensions>
          <gpxtpx:TrackPointExtension>
            <gpxtpx:hr>152</gpxtpx:hr>
            <gpxtpx:cad>86</gpxtpx:cad>
            <gpxtpx:atemp>17.2</gpxtpx:atemp>
          </gpxtpx:TrackPointExtension>
        </extensions>
      </trkpt>
      <trkpt lat="51.0513518" lon="-114.0669796">
        <ele>1041.9</ele>
        <time>2026-08-19T12:22:52Z</time>
        <extensions>
          <gpxtpx:TrackPointExtension>
            <gpxtpx:hr>152</gpxtpx:hr>
            <gpxtpx:cad>86</gpxtpx:cad>
            <gpxtpx:atemp>17.2</gpxtpx:atemp>
          </gpxtpx:TrackPointExtension>
        </extensions>
      </trkpt>
      <trkpt lat="51.0513535" lon="-114.0670129">
        <ele>1042.4</ele>
        <time>2026-08-19T12:22:53Z</time>
        <extensions>
          <gpxtpx:TrackPointExtension>
            <gpxtpx:hr>152</gpxtpx:hr>
            <gpxtpx:cad>86</gpxtpx:cad>
            <gpxtpx:atemp>17.1</gpxtpx:atemp>
          </gpxtpx:TrackPointExtension>
        </extensions>
      </trkpt>
      <trkpt lat="51.0513334" lon="-114.0670623">
        <ele>1042.3</ele>
        <time>2026-08-19T12:22:54Z</time>
        <extensions>
          <gpxtpx:TrackPointExtension>
            <gpxtpx:hr>152</gpxtpx:hr>
            <gpxtpx:cad>84</gpxtpx:cad>
            <gpxtpx:atemp>17.3</gpxtpx:atemp>
          </gpxtpx:TrackPointExtension>
        </extensions>
      </trkpt>
      <trkpt lat="51.0513270" lon="-114.0670915">
        <ele>1042.8</ele>
        <time>2026-08-19T12:22:55Z</time>
        <extensions>
          <gpxtpx:TrackPointExtension>
            <gpxtpx:hr>151</gpxtpx:hr>
            <gpxtpx:cad>87</gpxtpx:cad>
            <gpxtpx:atemp>16.8</gpxtpx:atemp>
          </gpxtpx:TrackPointExtension>
        </extensions>
      </trkpt>
      <trkpt lat="51.0513188" lon="-114.0671015">
        <ele>1043.1</ele>
        <time>2026-08-19T12:22:56Z</time>
        <extensions>
          <gpxtpx:TrackPointExtension>
            <gpxtpx:hr>152</gpxtpx:hr>
            <gpxtpx:cad>85</gpxtpx:cad>
            <gpxtpx:atemp>16.9</gpxtpx:atemp>
          </gpxtpx:TrackPointExtension>
        </extensions>
      </trkpt>
      <trkpt lat="51.0513215" lon="-114.0671363">
        <ele>1043.7</ele>
        <time>2026-08-19T12:22:57Z</time>
        <extensions>
          <gpxtpx:TrackPointExtension>
            <gpxtpx:hr>151</gpxtpx:hr>
            <gpxtpx:cad>84</gpxtpx:cad>
            <gpxtpx:atemp>17.1</gpxtpx:atemp>
          </gpxtpx:TrackPointExtension>
        </extensions>
      </trkpt>
      <trkpt lat="51.0512972" lon="-114.0671876">
        <ele>1044.0</ele>
        <time>2026-08-19T12:22:58Z</time>
        <extensions>
          <gpxtpx:TrackPointExtension>
            <gpxtpx:hr>151</gpxtpx:hr>
            <gpxtpx:cad>87</gpxtpx:cad>
            <gpxtpx:atemp>17.1</gpxtpx:atemp>
          </gpxtpx:TrackPointExtension>
        </extensions>
      </trkpt>
      <trkpt lat="51.0513003" lon="-114.0672140">
        <ele>1044.4</ele>
        <time>2026-08-19T12:22:59Z</time>
        <extensions>
          <gpxtpx:TrackPointExtension>
            <gpxtpx:hr>151</gpxtpx:hr>
            <gpxtpx:cad>84</gpxtpx:cad>
            <gpxtpx:atemp>16.7</gpxtpx:atemp>
          </gpxtpx:TrackPointExtension>
        </extensions>
      </trkpt>
      <trkpt lat="51.0512905" lon="-114.0672604">
        <ele>1044.1</ele>
        <time>2026-08-19T12:23:00Z</time>
        <extensions>
          <gpxtpx:TrackPointExtension>
            <gpxtpx:hr>151</gpxtpx:hr>
            <gpxtpx:cad>84</gpxtpx:cad>
            <gpxtpx:atemp>17.0</gpxtpx:atemp>
          </gpxtpx:TrackPointExtension>
        </extensions>
      </trkpt>
      <trkpt lat="51.0512683" lon="-114.0673342">
        <ele>1043.5</ele>
        <time>2026-08-19T12:23:01Z</time>
        <extensions>
          <gpxtpx:TrackPointExtension>
            <gpxtpx:hr>151</gpxtpx:hr>
            <gpxtpx:cad>86</gpxtpx:cad>
            <gpxtpx:atemp>17.4</gpxtpx:atemp>
          </gpxtpx:TrackPointExtension>
        </extensions>
      </trkpt>
      <trkpt lat="51.0512415" lon="-114.0673641">
        <ele>1043.0</ele>
        <time>2026-08-19T12:23:02Z</time>
        <extensions>
          <gpxtpx:TrackPointExtension>
            <gpxtpx:hr>151</gpxtpx:hr>
            <gpxtpx:cad>85</gpxtpx:cad>
            <gpxtpx:atemp>16.9</gpxtpx:atemp>
          </gpxtpx:TrackPointExtension>
        </extensions>
      </trkpt>
      <trkpt lat="51.0512263" lon="-114.0674088">
        <ele>1042.8</ele>
        <time>2026-08-19T12:23:03Z</time>
        <extensions>
          <gpxtpx:TrackPointExtension>
            <gpxtpx:hr>151</gpxtpx:hr>
            <gpxtpx:cad>86</gpxtpx:cad>
            <gpxtpx:atemp>17.1</gpxtpx:atemp>
          </gpxtpx:TrackPointExtension>
        </extensions>
      </trkpt>
      <trkpt lat="51.0512048" lon="-114.0674673">
        <ele>1041.7</ele>
        <time>2026-08-19T12:23:04Z</time>
        <extensions>
          <gpxtpx:TrackPointExtension>
            <gpxtpx:hr>150</gpxtpx:hr>
            <gpxtpx:cad>84</gpxtpx:cad>
            <gpxtpx:atemp>17.1</gpxtpx:atemp>
          </gpxtpx:TrackPointExtension>
        </extensions>
      </trkpt>
      <trkpt lat="51.0511983" lon="-114.0675250">
        <ele>1041.9</ele>
        <time>2026-08-19T12:23:05Z</time>
        <extensions>
          <gpxtpx:TrackPointExtension>
            <gpxtpx:hr>151</gpxtpx:hr>
            <gpxtpx:cad>86</gpxtpx:cad>
            <gpxtpx:atemp>17.3</gpxtpx:atemp>
          </gpxtpx:TrackPointExtension>
        </extensions>
      </trkpt>
      <trkpt lat="51.0511926" lon="-114.0675672">
        <ele>1042.4</ele>
        <time>2026-08-19T12:23:06Z</time>
        <extensions>
          <gpxtpx:TrackPointExtension>
            <gpxtpx:hr>152</gpxtpx:hr>
            <gpxtpx:cad>84</gpxtpx:cad>
            <gpxtpx:atemp>16.9</gpxtpx:atemp>
          </gpxtpx:TrackPointExtension>
        </extensions>
      </trkpt>
      <trkpt lat="51.0511690" lon="-114.0676038">
        <ele>1042.8</ele>
        <time>2026-08-19T12:23:07Z</time>
        <extensions>
          <gpxtpx:TrackPointExtension>
            <gpxtpx:hr>151</gpxtpx:hr>
            <gpxtpx:cad>87</gpxtpx:cad>
            <gpxtpx:atemp>17.2</gpxtpx:atemp>
          </gpxtpx:TrackPointExtension>
        </extensions>
      </trkpt>
      <trkpt lat="51.0511546" lon="-114.0676651">
        <ele>1042.2</ele>
        <time>2026-08-19T12:23:08Z</time>
        <extensions>
          <gpxtpx:TrackPointExtension>
            <gpxtpx:hr>151</gpxtpx:hr>
            <gpxtpx:cad>85</gpxtpx:cad>
            <gpxtpx:atemp>16.9</gpxtpx:atemp>
          </gpxtpx:TrackPointExtension>
        </extensions>
      </trkpt>
      <trkpt lat="51.0511393" lon="-114.0676954">
        <ele>1041.9</ele>
        <time>2026-08-19T12:23:09Z</time>
        <extensions>
          <gpxtpx:TrackPointExtension>
            <gpxtpx:hr>150</gpxtpx:hr>
            <gpxtpx:cad>84</gpxtpx:cad>
            <gpxtpx:atemp>16.9</gpxtpx:atemp>
          </gpxtpx:TrackPointExtension>
        </extensions>
      </trkpt>
      <trkpt lat="51.0511319" lon="-114.0677208">
        <ele>1041.4</ele>
        <time>2026-08-19T12:23:10Z</time>
        <extensions>
          <gpxtpx:TrackPointExtension>
            <gpxtpx:hr>150</gpxtpx:hr>
            <gpxtpx:cad>82</gpxtpx:cad>
            <gpxtpx:atemp>17.1</gpxtpx:atemp>
          </gpxtpx:TrackPointExtension>
        </extensions>
      </trkpt>
      <trkpt lat="51.0511077" lon="-114.0677395">
        <ele>1041.8</ele>
        <time>2026-08-19T12:23:11Z</time>
        <extensions>
          <gpxtpx:TrackPointExtension>
            <gpxtpx:hr>149</gpxtpx:hr>
            <gpxtpx:cad>88</gpxtpx:cad>
            <gpxtpx:atemp>17.0</gpxtpx:atemp>
          </gpxtpx:TrackPointExtension>
        </extensions>
      </trkpt>
      <trkpt lat="51.0511102" lon="-114.0677461">
        <ele>1041.4</ele>
        <time>2026-08-19T12:23:12Z</time>
        <extensions>
          <gpxtpx:TrackPointExtension>
            <gpxtpx:hr>149</gpxtpx:hr>
            <gpxtpx:cad>84</gpxtpx:cad>
            <gpxtpx:atemp>17.3</gpxtpx:atemp>
          </gpxtpx:TrackPointExtension>
        </extensions>
      </trkpt>
      <trkpt lat="51.0511217" lon="-114.0677834">
        <ele>1040.8</ele>
        <time>2026-08-19T12:23:13Z</time>
        <extensions>
          <gpxtpx:TrackPointExtension>
            <gpxtpx:hr>150</gpxtpx:hr>
            <gpxtpx:cad>84</gpxtpx:cad>
            <gpxtpx:atemp>16.9</gpxtpx:atemp>
          </gpxtpx:TrackPointExtension>
        </extensions>
      </trkpt>
      <trkpt lat="51.0511079" lon="-114.0678427">
        <ele>1041.7</ele>
        <time>2026-08-19T12:23:14Z</time>
        <extensions>
          <gpxtpx:TrackPointExtension>
            <gpxtpx:hr>150</gpxtpx:hr>
            <gpxtpx:cad>83</gpxtpx:cad>
            <gpxtpx:atemp>17.2</gpxtpx:atemp>
          </gpxtpx:TrackPointExtension>
        </extensions>
      </trkpt>
      <trkpt lat="51.0510940" lon="-114.0678750">
        <ele>1041.3</ele>
        <time>2026-08-19T12:23:15Z</time>
        <extensions>
          <gpxtpx:TrackPointExtension>
            <gpxtpx:hr>151</gpxtpx:hr>
            <gpxtpx:cad>85</gpxtpx:cad>
            <gpxtpx:atemp>16.7</gpxtpx:atemp>
          </gpxtpx:TrackPointExtension>
        </extensions>
      </trkpt>
      <trkpt lat="51.0511165" lon="-114.0678818">
        <ele>1042.0</ele>
        <time>2026-08-19T12:23:16Z</time>
        <extensions>
          <gpxtpx:TrackPointExtension>
            <gpxtpx:hr>151</gpxtpx:hr>
            <gpxtpx:cad>84</gpxtpx:cad>
            <gpxtpx:atemp>16.9</gpxtpx:atemp>
          </gpxtpx:TrackPointExtension>
        </extensions>
      </trkpt>
      <trkpt lat="51.0510767" lon="-114.0679369">
        <ele>1042.4</ele>
        <time>2026-08-19T12:23:17Z</time>
        <extensions>
          <gpxtpx:TrackPointExtension>
            <gpxtpx:hr>151</gpxtpx:hr>
            <gpxtpx:cad>86</gpxtpx:cad>
            <gpxtpx:atemp>16.5</gpxtpx:atemp>
          </gpxtpx:TrackPointExtension>
        </extensions>
      </trkpt>
      <trkpt lat="51.0510492" lon="-114.0679733">
        <ele>1041.3</ele>
        <time>2026-08-19T12:23:18Z</time>
        <extensions>
          <gpxtpx:TrackPointExtension>
            <gpxtpx:hr>151</gpxtpx:hr>
            <gpxtpx:cad>86</gpxtpx:cad>
            <gpxtpx:atemp>17.0</gpxtpx:atemp>
          </gpxtpx:TrackPointExtension>
        </extensions>
      </trkpt>
      <trkpt lat="51.0510459" lon="-114.0680289">
        <ele>1041.6</ele>
        <time>2026-08-19T12:23:19Z</time>
        <extensions>
          <gpxtpx:TrackPointExtension>
            <gpxtpx:hr>150</gpxtpx:hr>
            <gpxtpx:cad>84</gpxtpx:cad>
            <gpxtpx:atemp>17.1</gpxtpx:atemp>
          </gpxtpx:TrackPointExtension>
        </extensions>
      </trkpt>
      <trkpt lat="51.0510197" lon="-114.0680522">
        <ele>1041.9</ele>
        <time>2026-08-19T12:23:20Z</time>
        <extensions>
          <gpxtpx:TrackPointExtension>
            <gpxtpx:hr>150</gpxtpx:hr>
            <gpxtpx:cad>83</gpxtpx:cad>
            <gpxtpx:atemp>17.0</gpxtpx:atemp>
          </gpxtpx:TrackPointExtension>
        </extensions>
      </trkpt>
      <trkpt lat="51.0509948" lon="-114.0680948">
        <ele>1042.3</ele>
        <time>2026-08-19T12:23:21Z</time>
        <extensions>
          <gpxtpx:TrackPointExtension>
            <gpxtpx:hr>149</gpxtpx:hr>
            <gpxtpx:cad>84</gpxtpx:cad>
            <gpxtpx:atemp>16.5</gpxtpx:atemp>
          </gpxtpx:TrackPointExtension>
        </extensions>
      </trkpt>
      <trkpt lat="51.0509713" lon="-114.0681478">
        <ele>1042.8</ele>
        <time>2026-08-19T12:23:22Z</time>
        <extensions>
          <gpxtpx:TrackPointExtension>
            <gpxtpx:hr>149</gpxtpx:hr>
            <gpxtpx:cad>85</gpxtpx:cad>
            <gpxtpx:atemp>17.0</gpxtpx:atemp>
          </gpxtpx:TrackPointExtension>
        </extensions>
      </trkpt>
      <trkpt lat="51.0509372" lon="-114.0682052">
        <ele>1043.2</ele>
        <time>2026-08-19T12:23:23Z</time>
        <extensions>
          <gpxtpx:TrackPointExtension>
            <gpxtpx:hr>149</gpxtpx:hr>
            <gpxtpx:cad>87</gpxtpx:cad>
            <gpxtpx:atemp>16.9</gpxtpx:atemp>
          </gpxtpx:TrackPointExtension>
        </extensions>
      </trkpt>
      <trkpt lat="51.0509041" lon="-114.0682258">
        <ele>1044.0</ele>
        <time>2026-08-19T12:23:24Z</time>
        <extensions>
          <gpxtpx:TrackPointExtension>
            <gpxtpx:hr>149</gpxtpx:hr>
            <gpxtpx:cad>83</gpxtpx:cad>
            <gpxtpx:atemp>16.5</gpxtpx:atemp>
          </gpxtpx:TrackPointExtension>
        </extensions>
      </trkpt>
      <trkpt lat="51.0509092" lon="-114.0682439">
        <ele>1043.8</ele>
        <time>2026-08-19T12:23:25Z</time>
        <extensions>
          <gpxtpx:TrackPointExtension>
            <gpxtpx:hr>150</gpxtpx:hr>
            <gpxtpx:cad>86</gpxtpx:cad>
            <gpxtpx:atemp>16.6</gpxtpx:atemp>
          </gpxtpx:TrackPointExtension>
        </extensions>
      </trkpt>
      <trkpt lat="51.0508860" lon="-114.0682646">
        <ele>1043.3</ele>
        <time>2026-08-19T12:23:26Z</time>
        <extensions>
          <gpxtpx:TrackPointExtension>
            <gpxtpx:hr>149</gpxtpx:hr>
            <gpxtpx:cad>86</gpxtpx:cad>
            <gpxtpx:atemp>17.0</gpxtpx:atemp>
          </gpxtpx:TrackPointExtension>
        </extensions>
      </trkpt>
      <trkpt lat="51.0508751" lon="-114.0682800">
        <ele>1042.7</ele>
        <time>2026-08-19T12:23:27Z</time>
        <extensions>
          <gpxtpx:TrackPointExtension>
            <gpxtpx:hr>149</gpxtpx:hr>
            <gpxtpx:cad>86</gpxtpx:cad>
            <gpxtpx:atemp>16.9</gpxtpx:atemp>
          </gpxtpx:TrackPointExtension>
        </extensions>
      </trkpt>
      <trkpt lat="51.0508710" lon="-114.0683401">
        <ele>1043.5</ele>
        <time>2026-08-19T12:23:28Z</time>
        <extensions>
          <gpxtpx:TrackPointExtension>
            <gpxtpx:hr>149</gpxtpx:hr>
            <gpxtpx:cad>85</gpxtpx:cad>
            <gpxtpx:atemp>17.1</gpxtpx:atemp>
          </gpxtpx:TrackPointExtension>
        </extensions>
      </trkpt>
      <trkpt lat="51.0508282" lon="-114.0684362">
        <ele>1043.2</ele>
        <time>2026-08-19T12:23:29Z</time>
        <extensions>
          <gpxtpx:TrackPointExtension>
            <gpxtpx:hr>149</gpxtpx:hr>
            <gpxtpx:cad>85</gpxtpx:cad>
            <gpxtpx:atemp>17.0</gpxtpx:atemp>
          </gpxtpx:TrackPointExtension>
        </extensions>
      </trkpt>
      <trkpt lat="51.0508099" lon="-114.0684762">
        <ele>1043.0</ele>
        <time>2026-08-19T12:23:30Z</time>
        <extensions>
          <gpxtpx:TrackPointExtension>
            <gpxtpx:hr>149</gpxtpx:hr>
            <gpxtpx:cad>87</gpxtpx:cad>
            <gpxtpx:atemp>16.9</gpxtpx:atemp>
          </gpxtpx:TrackPointExtension>
        </extensions>
      </trkpt>
      <trkpt lat="51.0507869" lon="-114.0685105">
        <ele>1043.1</ele>
        <time>2026-08-19T12:23:31Z</time>
        <extensions>
          <gpxtpx:TrackPointExtension>
            <gpxtpx:hr>149</gpxtpx:hr>
            <gpxtpx:cad>86</gpxtpx:cad>
            <gpxtpx:atemp>16.8</gpxtpx:atemp>
          </gpxtpx:TrackPointExtension>
        </extensions>
      </trkpt>
      <trkpt lat="51.0507859" lon="-114.0685723">
        <ele>1043.1</ele>
        <time>2026-08-19T12:23:32Z</time>
        <extensions>
          <gpxtpx:TrackPointExtension>
            <gpxtpx:hr>149</gpxtpx:hr>
            <gpxtpx:cad>86</gpxtpx:cad>
            <gpxtpx:atemp>16.5</gpxtpx:atemp>
          </gpxtpx:TrackPointExtension>
        </extensions>
      </trkpt>
      <trkpt lat="51.0507497" lon="-114.0686072">
        <ele>1042.3</ele>
        <time>2026-08-19T12:23:33Z</time>
        <extensions>
          <gpxtpx:TrackPointExtension>
            <gpxtpx:hr>148</gpxtpx:hr>
            <gpxtpx:cad>86</gpxtpx:cad>
            <gpxtpx:atemp>17.0</gpxtpx:atemp>
          </gpxtpx:TrackPointExtension>
        </extensions>
      </trkpt>
      <trkpt lat="51.0507444" lon="-114.0686484">
        <ele>1042.0</ele>
        <time>2026-08-19T12:23:34Z</time>
        <extensions>
          <gpxtpx:TrackPointExtension>
            <gpxtpx:hr>149</gpxtpx:hr>
            <gpxtpx:cad>86</gpxtpx:cad>
            <gpxtpx:atemp>17.0</gpxtpx:atemp>
          </gpxtpx:TrackPointExtension>
        </extensions>
      </trkpt>
      <trkpt lat="51.0507410" lon="-114.0687014">
        <ele>1042.0</ele>
        <time>2026-08-19T12:23:35Z</time>
        <extensions>
          <gpxtpx:TrackPointExtension>
            <gpxtpx:hr>149</gpxtpx:hr>
            <gpxtpx:cad>83</gpxtpx:cad>
            <gpxtpx:atemp>17.2</gpxtpx:atemp>
          </gpxtpx:TrackPointExtension>
        </extensions>
      </trkpt>
      <trkpt lat="51.0507437" lon="-114.0687464">
        <ele>1042.3</ele>
        <time>2026-08-19T12:23:36Z</time>
        <extensions>
          <gpxtpx:TrackPointExtension>
            <gpxtpx:hr>149</gpxtpx:hr>
            <gpxtpx:cad>84</gpxtpx:cad>
            <gpxtpx:atemp>17.3</gpxtpx:atemp>
          </gpxtpx:TrackPointExtension>
        </extensions>
      </trkpt>
      <trkpt lat="51.0507221" lon="-114.0687561">
        <ele>1042.8</ele>
        <time>2026-08-19T12:23:37Z</time>
        <extensions>
          <gpxtpx:TrackPointExtension>
            <gpxtpx:hr>149</gpxtpx:hr>
            <gpxtpx:cad>85</gpxtpx:cad>
            <gpxtpx:atemp>17.1</gpxtpx:atemp>
          </gpxtpx:TrackPointExtension>
        </extensions>
      </trkpt>
      <trkpt lat="51.0507206" lon="-114.0687914">
        <ele>1042.6</ele>
        <time>2026-08-19T12:23:38Z</time>
        <extensions>
          <gpxtpx:TrackPointExtension>
            <gpxtpx:hr>150</gpxtpx:hr>
            <gpxtpx:cad>86</gpxtpx:cad>
            <gpxtpx:atemp>17.4</gpxtpx:atemp>
          </gpxtpx:TrackPointExtension>
        </extensions>
      </trkpt>
      <trkpt lat="51.0506799" lon="-114.0688243">
        <ele>1042.6</ele>
        <time>2026-08-19T12:23:39Z</time>
        <extensions>
          <gpxtpx:TrackPointExtension>
            <gpxtpx:hr>149</gpxtpx:hr>
            <gpxtpx:cad>87</gpxtpx:cad>
            <gpxtpx:atemp>16.9</gpxtpx:atemp>
          </gpxtpx:TrackPointExtension>
        </extensions>
      </trkpt>
      <trkpt lat="51.0506696" lon="-114.0688557">
        <ele>1043.4</ele>
        <time>2026-08-19T12:23:40Z</time>
        <extensions>
          <gpxtpx:TrackPointExtension>
            <gpxtpx:hr>150</gpxtpx:hr>
            <gpxtpx:cad>84</gpxtpx:cad>
            <gpxtpx:atemp>17.2</gpxtpx:atemp>
          </gpxtpx:TrackPointExtension>
        </extensions>
      </trkpt>
      <trkpt lat="51.0506543" lon="-114.0689150">
        <ele>1044.0</ele>
        <time>2026-08-19T12:23:41Z</time>
        <extensions>
          <gpxtpx:TrackPointExtension>
            <gpxtpx:hr>150</gpxtpx:hr>
            <gpxtpx:cad>84</gpxtpx:cad>
            <gpxtpx:atemp>17.3</gpxtpx:atemp>
          </gpxtpx:TrackPointExtension>
        </extensions>
      </trkpt>
      <trkpt lat="51.0506386" lon="-114.0689454">
        <ele>1043.5</ele>
        <time>2026-08-19T12:23:42Z</time>
        <extensions>
          <gpxtpx:TrackPointExtension>
            <gpxtpx:hr>151</gpxtpx:hr>
            <gpxtpx:cad>84</gpxtpx:cad>
            <gpxtpx:atemp>17.0</gpxtpx:atemp>
          </gpxtpx:TrackPointExtension>
        </extensions>
      </trkpt>
      <trkpt lat="51.0506112" lon="-114.0689920">
        <ele>1043.1</ele>
        <time>2026-08-19T12:23:43Z</time>
        <extensions>
          <gpxtpx:TrackPointExtension>
            <gpxtpx:hr>150</gpxtpx:hr>
            <gpxtpx:cad>87</gpxtpx:cad>
            <gpxtpx:atemp>16.7</gpxtpx:atemp>
          </gpxtpx:TrackPointExtension>
        </extensions>
      </trkpt>
      <trkpt lat="51.0505953" lon="-114.0690041">
        <ele>1042.8</ele>
        <time>2026-08-19T12:23:44Z</time>
        <extensions>
          <gpxtpx:TrackPointExtension>
            <gpxtpx:hr>149</gpxtpx:hr>
            <gpxtpx:cad>85</gpxtpx:cad>
            <gpxtpx:atemp>16.7</gpxtpx:atemp>
          </gpxtpx:TrackPointExtension>
        </extensions>
      </trkpt>
      <trkpt lat="51.0505725" lon="-114.0690297">
        <ele>1041.8</ele>
        <time>2026-08-19T12:23:45Z</time>
        <extensions>
          <gpxtpx:TrackPointExtension>
            <gpxtpx:hr>150</gpxtpx:hr>
            <gpxtpx:cad>85</gpxtpx:cad>
            <gpxtpx:atemp>16.8</gpxtpx:atemp>
          </gpxtpx:TrackPointExtension>
        </extensions>
      </trkpt>
      <trkpt lat="51.0505631" lon="-114.0690880">
        <ele>1041.8</ele>
        <time>2026-08-19T12:23:46Z</time>
        <extensions>
          <gpxtpx:TrackPointExtension>
            <gpxtpx:hr>149</gpxtpx:hr>
            <gpxtpx:cad>85</gpxtpx:cad>
            <gpxtpx:atemp>17.0</gpxtpx:atemp>
          </gpxtpx:TrackPointExtension>
        </extensions>
      </trkpt>
      <trkpt lat="51.0505738" lon="-114.0691422">
        <ele>1041.8</ele>
        <time>2026-08-19T12:23:47Z</time>
        <extensions>
          <gpxtpx:TrackPointExtension>
            <gpxtpx:hr>150</gpxtpx:hr>
            <gpxtpx:cad>86</gpxtpx:cad>
            <gpxtpx:atemp>17.2</gpxtpx:atemp>
          </gpxtpx:TrackPointExtension>
        </extensions>
      </trkpt>
      <trkpt lat="51.0505701" lon="-114.0692141">
        <ele>1041.1</ele>
        <time>2026-08-19T12:23:48Z</time>
        <extensions>
          <gpxtpx:TrackPointExtension>
            <gpxtpx:hr>150</gpxtpx:hr>
            <gpxtpx:cad>86</gpxtpx:cad>
            <gpxtpx:atemp>17.0</gpxtpx:atemp>
          </gpxtpx:TrackPointExtension>
        </extensions>
      </trkpt>
      <trkpt lat="51.0505568" lon="-114.0692538">
        <ele>1041.0</ele>
        <time>2026-08-19T12:23:49Z</time>
        <extensions>
          <gpxtpx:TrackPointExtension>
            <gpxtpx:hr>149</gpxtpx:hr>
            <gpxtpx:cad>86</gpxtpx:cad>
            <gpxtpx:atemp>17.3</gpxtpx:atemp>
          </gpxtpx:TrackPointExtension>
        </extensions>
      </trkpt>
      <trkpt lat="51.0505322" lon="-114.0692989">
        <ele>1040.7</ele>
        <time>2026-08-19T12:23:50Z</time>
        <extensions>
          <gpxtpx:TrackPointExtension>
            <gpxtpx:hr>150</gpxtpx:hr>
            <gpxtpx:cad>84</gpxtpx:cad>
            <gpxtpx:atemp>17.5</gpxtpx:atemp>
          </gpxtpx:TrackPointExtension>
        </extensions>
      </trkpt>
      <trkpt lat="51.0505145" lon="-114.0693748">
        <ele>1041.6</ele>
        <time>2026-08-19T12:23:51Z</time>
        <extensions>
          <gpxtpx:TrackPointExtension>
            <gpxtpx:hr>150</gpxtpx:hr>
            <gpxtpx:cad>86</gpxtpx:cad>
            <gpxtpx:atemp>17.5</gpxtpx:atemp>
          </gpxtpx:TrackPointExtension>
        </extensions>
      </trkpt>
      <trkpt lat="51.0504739" lon="-114.0693928">
        <ele>1041.9</ele>
        <time>2026-08-19T12:23:52Z</time>
        <extensions>
          <gpxtpx:TrackPointExtension>
            <gpxtpx:hr>150</gpxtpx:hr>
            <gpxtpx:cad>86</gpxtpx:cad>
            <gpxtpx:atemp>17.1</gpxtpx:atemp>
          </gpxtpx:TrackPointExtension>
        </extensions>
      </trkpt>
      <trkpt lat="51.0504552" lon="-114.0693944">
        <ele>1041.1</ele>
        <time>2026-08-19T12:23:53Z</time>
        <extensions>
          <gpxtpx:TrackPointExtension>
            <gpxtpx:hr>150</gpxtpx:hr>
            <gpxtpx:cad>86</gpxtpx:cad>
            <gpxtpx:atemp>16.7</gpxtpx:atemp>
          </gpxtpx:TrackPointExtension>
        </extensions>
      </trkpt>
      <trkpt lat="51.0504337" lon="-114.0694559">
        <ele>1040.4</ele>
        <time>2026-08-19T12:23:54Z</time>
        <extensions>
          <gpxtpx:TrackPointExtension>
            <gpxtpx:hr>151</gpxtpx:hr>
            <gpxtpx:cad>85</gpxtpx:cad>
            <gpxtpx:atemp>16.9</gpxtpx:atemp>
          </gpxtpx:TrackPointExtension>
        </extensions>
      </trkpt>
      <trkpt lat="51.0504327" lon="-114.0695123">
        <ele>1040.1</ele>
        <time>2026-08-19T12:23:55Z</time>
        <extensions>
          <gpxtpx:TrackPointExtension>
            <gpxtpx:hr>151</gpxtpx:hr>
            <gpxtpx:cad>85</gpxtpx:cad>
            <gpxtpx:atemp>17.4</gpxtpx:atemp>
          </gpxtpx:TrackPointExtension>
        </extensions>
      </trkpt>
      <trkpt lat="51.0504218" lon="-114.0695340">
        <ele>1040.4</ele>
        <time>2026-08-19T12:23:56Z</time>
        <extensions>
          <gpxtpx:TrackPointExtension>
            <gpxtpx:hr>151</gpxtpx:hr>
            <gpxtpx:cad>85</gpxtpx:cad>
            <gpxtpx:atemp>17.3</gpxtpx:atemp>
          </gpxtpx:TrackPointExtension>
        </extensions>
      </trkpt>
      <trkpt lat="51.0504066" lon="-114.0695699">
        <ele>1041.1</ele>
        <time>2026-08-19T12:23:57Z</time>
        <extensions>
          <gpxtpx:TrackPointExtension>
            <gpxtpx:hr>151</gpxtpx:hr>
            <gpxtpx:cad>85</gpxtpx:cad>
            <gpxtpx:atemp>17.1</gpxtpx:atemp>
          </gpxtpx:TrackPointExtension>
        </extensions>
      </trkpt>
      <trkpt lat="51.0504319" lon="-114.0695757">
        <ele>1041.6</ele>
        <time>2026-08-19T12:23:58Z</time>
        <extensions>
          <gpxtpx:TrackPointExtension>
            <gpxtpx:hr>151</gpxtpx:hr>
            <gpxtpx:cad>87</gpxtpx:cad>
            <gpxtpx:atemp>16.9</gpxtpx:atemp>
          </gpxtpx:TrackPointExtension>
        </extensions>
      </trkpt>
      <trkpt lat="51.0504141" lon="-114.0696186">
        <ele>1042.1</ele>
        <time>2026-08-19T12:23:59Z</time>
        <extensions>
          <gpxtpx:TrackPointExtension>
            <gpxtpx:hr>151</gpxtpx:hr>
            <gpxtpx:cad>88</gpxtpx:cad>
            <gpxtpx:atemp>17.2</gpxtpx:atemp>
          </gpxtpx:TrackPointExtension>
        </extensions>
      </trkpt>
      <trkpt lat="51.0503833" lon="-114.0696380">
        <ele>1041.7</ele>
        <time>2026-08-19T12:24:00Z</time>
        <extensions>
          <gpxtpx:TrackPointExtension>
            <gpxtpx:hr>151</gpxtpx:hr>
            <gpxtpx:cad>86</gpxtpx:cad>
            <gpxtpx:atemp>16.8</gpxtpx:atemp>
          </gpxtpx:TrackPointExtension>
        </extensions>
      </trkpt>
      <trkpt lat="51.0503611" lon="-114.0696738">
        <ele>1041.3</ele>
        <time>2026-08-19T12:24:01Z</time>
        <extensions>
          <gpxtpx:TrackPointExtension>
            <gpxtpx:hr>152</gpxtpx:hr>
            <gpxtpx:cad>84</gpxtpx:cad>
            <gpxtpx:atemp>17.1</gpxtpx:atemp>
          </gpxtpx:TrackPointExtension>
        </extensions>
      </trkpt>
      <trkpt lat="51.0503377" lon="-114.0697234">
        <ele>1041.4</ele>
        <time>2026-08-19T12:24:02Z</time>
        <extensions>
          <gpxtpx:TrackPointExtension>
            <gpxtpx:hr>153</gpxtpx:hr>
            <gpxtpx:cad>87</gpxtpx:cad>
            <gpxtpx:atemp>17.1</gpxtpx:atemp>
          </gpxtpx:TrackPointExtension>
        </extensions>
      </trkpt>
      <trkpt lat="51.0503010" lon="-114.0697644">
        <ele>1041.3</ele>
        <time>2026-08-19T12:24:03Z</time>
        <extensions>
          <gpxtpx:TrackPointExtension>
            <gpxtpx:hr>153</gpxtpx:hr>
            <gpxtpx:cad>84</gpxtpx:cad>
            <gpxtpx:atemp>16.8</gpxtpx:atemp>
          </gpxtpx:TrackPointExtension>
        </extensions>
      </trkpt>
      <trkpt lat="51.0502881" lon="-114.0697980">
        <ele>1041.0</ele>
        <time>2026-08-19T12:24:04Z</time>
        <extensions>
          <gpxtpx:TrackPointExtension>
            <gpxtpx:hr>154</gpxtpx:hr>
            <gpxtpx:cad>85</gpxtpx:cad>
            <gpxtpx:atemp>17.1</gpxtpx:atemp>
          </gpxtpx:TrackPointExtension>
        </extensions>
      </trkpt>
      <trkpt lat="51.0502823" lon="-114.0698416">
        <ele>1041.1</ele>
        <time>2026-08-19T12:24:05Z</time>
        <extensions>
          <gpxtpx:TrackPointExtension>
            <gpxtpx:hr>154</gpxtpx:hr>
            <gpxtpx:cad>86</gpxtpx:cad>
            <gpxtpx:atemp>17.1</gpxtpx:atemp>
          </gpxtpx:TrackPointExtension>
        </extensions>
      </trkpt>
      <trkpt lat="51.0502693" lon="-114.0698843">
        <ele>1041.7</ele>
        <time>2026-08-19T12:24:06Z</time>
        <extensions>
          <gpxtpx:TrackPointExtension>
            <gpxtpx:hr>154</gpxtpx:hr>
            <gpxtpx:cad>85</gpxtpx:cad>
            <gpxtpx:atemp>17.3</gpxtpx:atemp>
          </gpxtpx:TrackPointExtension>
        </extensions>
      </trkpt>
      <trkpt lat="51.0502656" lon="-114.0699452">
        <ele>1041.9</ele>
        <time>2026-08-19T12:24:07Z</time>
        <extensions>
          <gpxtpx:TrackPointExtension>
            <gpxtpx:hr>153</gpxtpx:hr>
            <gpxtpx:cad>86</gpxtpx:cad>
            <gpxtpx:atemp>16.4</gpxtpx:atemp>
          </gpxtpx:TrackPointExtension>
        </extensions>
      </trkpt>
      <trkpt lat="51.0502442" lon="-114.0699643">
        <ele>1043.0</ele>
        <time>2026-08-19T12:24:08Z</time>
        <extensions>
          <gpxtpx:TrackPointExtension>
            <gpxtpx:hr>155</gpxtpx:hr>
            <gpxtpx:cad>87</gpxtpx:cad>
            <gpxtpx:atemp>17.0</gpxtpx:atemp>
          </gpxtpx:TrackPointExtension>
        </extensions>
      </trkpt>
      <trkpt lat="51.0502285" lon="-114.0699949">
        <ele>1043.0</ele>
        <time>2026-08-19T12:24:09Z</time>
        <extensions>
          <gpxtpx:TrackPointExtension>
            <gpxtpx:hr>155</gpxtpx:hr>
            <gpxtpx:cad>84</gpxtpx:cad>
            <gpxtpx:atemp>16.6</gpxtpx:atemp>
          </gpxtpx:TrackPointExtension>
        </extensions>
      </trkpt>
      <trkpt lat="51.0502054" lon="-114.0700392">
        <ele>1043.9</ele>
        <time>2026-08-19T12:24:10Z</time>
        <extensions>
          <gpxtpx:TrackPointExtension>
            <gpxtpx:hr>155</gpxtpx:hr>
            <gpxtpx:cad>88</gpxtpx:cad>
            <gpxtpx:atemp>17.1</gpxtpx:atemp>
          </gpxtpx:TrackPointExtension>
        </extensions>
      </trkpt>
      <trkpt lat="51.0501871" lon="-114.0701068">
        <ele>1044.6</ele>
        <time>2026-08-19T12:24:11Z</time>
        <extensions>
          <gpxtpx:TrackPointExtension>
            <gpxtpx:hr>154</gpxtpx:hr>
            <gpxtpx:cad>86</gpxtpx:cad>
            <gpxtpx:atemp>17.3</gpxtpx:atemp>
          </gpxtpx:TrackPointExtension>
        </extensions>
      </trkpt>
      <trkpt lat="51.0501748" lon="-114.0701566">
        <ele>1043.9</ele>
        <time>2026-08-19T12:24:12Z</time>
        <extensions>
          <gpxtpx:TrackPointExtension>
            <gpxtpx:hr>154</gpxtpx:hr>
            <gpxtpx:cad>86</gpxtpx:cad>
            <gpxtpx:atemp>17.1</gpxtpx:atemp>
          </gpxtpx:TrackPointExtension>
        </extensions>
      </trkpt>
      <trkpt lat="51.0501715" lon="-114.0702151">
        <ele>1043.6</ele>
        <time>2026-08-19T12:24:13Z</time>
        <extensions>
          <gpxtpx:TrackPointExtension>
            <gpxtpx:hr>153</gpxtpx:hr>
            <gpxtpx:cad>86</gpxtpx:cad>
            <gpxtpx:atemp>17.2</gpxtpx:atemp>
          </gpxtpx:TrackPointExtension>
        </extensions>
      </trkpt>
      <trkpt lat="51.0501649" lon="-114.0702223">
        <ele>1043.2</ele>
        <time>2026-08-19T12:24:14Z</time>
        <extensions>
          <gpxtpx:TrackPointExtension>
            <gpxtpx:hr>153</gpxtpx:hr>
            <gpxtpx:cad>87</gpxtpx:cad>
            <gpxtpx:atemp>16.8</gpxtpx:atemp>
          </gpxtpx:TrackPointExtension>
        </extensions>
      </trkpt>
      <trkpt lat="51.0501444" lon="-114.0702643">
        <ele>1043.4</ele>
        <time>2026-08-19T12:24:15Z</time>
        <extensions>
          <gpxtpx:TrackPointExtension>
            <gpxtpx:hr>154</gpxtpx:hr>
            <gpxtpx:cad>85</gpxtpx:cad>
            <gpxtpx:atemp>17.2</gpxtpx:atemp>
          </gpxtpx:TrackPointExtension>
        </extensions>
      </trkpt>
      <trkpt lat="51.0501557" lon="-114.0702996">
        <ele>1044.1</ele>
        <time>2026-08-19T12:24:16Z</time>
        <extensions>
          <gpxtpx:TrackPointExtension>
            <gpxtpx:hr>154</gpxtpx:hr>
            <gpxtpx:cad>84</gpxtpx:cad>
            <gpxtpx:atemp>17.4</gpxtpx:atemp>
          </gpxtpx:TrackPointExtension>
        </extensions>
      </trkpt>
      <trkpt lat="51.0501459" lon="-114.0703330">
        <ele>1043.8</ele>
        <time>2026-08-19T12:24:17Z</time>
        <extensions>
          <gpxtpx:TrackPointExtension>
            <gpxtpx:hr>154</gpxtpx:hr>
            <gpxtpx:cad>86</gpxtpx:cad>
            <gpxtpx:atemp>17.0</gpxtpx:atemp>
          </gpxtpx:TrackPointExtension>
        </extensions>
      </trkpt>
      <trkpt lat="51.0501245" lon="-114.0703753">
        <ele>1043.7</ele>
        <time>2026-08-19T12:24:18Z</time>
        <extensions>
          <gpxtpx:TrackPointExtension>
            <gpxtpx:hr>152</gpxtpx:hr>
            <gpxtpx:cad>86</gpxtpx:cad>
            <gpxtpx:atemp>17.0</gpxtpx:atemp>
          </gpxtpx:TrackPointExtension>
        </extensions>
      </trkpt>
      <trkpt lat="51.0501082" lon="-114.0704202">
        <ele>1043.1</ele>
        <time>2026-08-19T12:24:19Z</time>
        <extensions>
          <gpxtpx:TrackPointExtension>
            <gpxtpx:hr>152</gpxtpx:hr>
            <gpxtpx:cad>86</gpxtpx:cad>
            <gpxtpx:atemp>17.1</gpxtpx:atemp>
          </gpxtpx:TrackPointExtension>
        </extensions>
      </trkpt>
      <trkpt lat="51.0500877" lon="-114.0704655">
        <ele>1042.7</ele>
        <time>2026-08-19T12:24:20Z</time>
        <extensions>
          <gpxtpx:TrackPointExtension>
            <gpxtpx:hr>151</gpxtpx:hr>
            <gpxtpx:cad>84</gpxtpx:cad>
            <gpxtpx:atemp>16.7</gpxtpx:atemp>
          </gpxtpx:TrackPointExtension>
        </extensions>
      </trkpt>
      <trkpt lat="51.0500685" lon="-114.0705288">
        <ele>1042.2</ele>
        <time>2026-08-19T12:24:21Z</time>
        <extensions>
          <gpxtpx:TrackPointExtension>
            <gpxtpx:hr>151</gpxtpx:hr>
            <gpxtpx:cad>86</gpxtpx:cad>
            <gpxtpx:atemp>16.7</gpxtpx:atemp>
          </gpxtpx:TrackPointExtension>
        </extensions>
      </trkpt>
      <trkpt lat="51.0500619" lon="-114.0705602">
        <ele>1042.3</ele>
        <time>2026-08-19T12:24:22Z</time>
        <extensions>
          <gpxtpx:TrackPointExtension>
            <gpxtpx:hr>150</gpxtpx:hr>
            <gpxtpx:cad>84</gpxtpx:cad>
            <gpxtpx:atemp>16.8</gpxtpx:atemp>
          </gpxtpx:TrackPointExtension>
        </extensions>
      </trkpt>
      <trkpt lat="51.0500411" lon="-114.0706104">
        <ele>1041.4</ele>
        <time>2026-08-19T12:24:23Z</time>
        <extensions>
          <gpxtpx:TrackPointExtension>
            <gpxtpx:hr>150</gpxtpx:hr>
            <gpxtpx:cad>86</gpxtpx:cad>
            <gpxtpx:atemp>17.2</gpxtpx:atemp>
          </gpxtpx:TrackPointExtension>
        </extensions>
      </trkpt>
      <trkpt lat="51.0500254" lon="-114.0706375">
        <ele>1041.5</ele>
        <time>2026-08-19T12:24:24Z</time>
        <extensions>
          <gpxtpx:TrackPointExtension>
            <gpxtpx:hr>150</gpxtpx:hr>
            <gpxtpx:cad>85</gpxtpx:cad>
            <gpxtpx:atemp>17.2</gpxtpx:atemp>
          </gpxtpx:TrackPointExtension>
        </extensions>
      </trkpt>
      <trkpt lat="51.0500054" lon="-114.0706584">
        <ele>1041.5</ele>
        <time>2026-08-19T12:24:25Z</time>
        <extensions>
          <gpxtpx:TrackPointExtension>
            <gpxtpx:hr>150</gpxtpx:hr>
            <gpxtpx:cad>83</gpxtpx:cad>
            <gpxtpx:atemp>16.7</gpxtpx:atemp>
          </gpxtpx:TrackPointExtension>
        </extensions>
      </trkpt>
      <trkpt lat="51.0499725" lon="-114.0706626">
        <ele>1041.3</ele>
        <time>2026-08-19T12:24:26Z</time>
        <extensions>
          <gpxtpx:TrackPointExtension>
            <gpxtpx:hr>151</gpxtpx:hr>
            <gpxtpx:cad>86</gpxtpx:cad>
            <gpxtpx:atemp>17.3</gpxtpx:atemp>
          </gpxtpx:TrackPointExtension>
        </extensions>
      </trkpt>
      <trkpt lat="51.0499458" lon="-114.0707281">
        <ele>1041.3</ele>
        <time>2026-08-19T12:24:27Z</time>
        <extensions>
          <gpxtpx:TrackPointExtension>
            <gpxtpx:hr>150</gpxtpx:hr>
            <gpxtpx:cad>86</gpxtpx:cad>
            <gpxtpx:atemp>17.0</gpxtpx:atemp>
          </gpxtpx:TrackPointExtension>
        </extensions>
      </trkpt>
      <trkpt lat="51.0499412" lon="-114.0707437">
        <ele>1041.4</ele>
        <time>2026-08-19T12:24:28Z</time>
        <extensions>
          <gpxtpx:TrackPointExtension>
            <gpxtpx:hr>150</gpxtpx:hr>
            <gpxtpx:cad>86</gpxtpx:cad>
            <gpxtpx:atemp>17.1</gpxtpx:atemp>
          </gpxtpx:TrackPointExtension>
        </extensions>
      </trkpt>
      <trkpt lat="51.0499109" lon="-114.0708209">
        <ele>1041.8</ele>
        <time>2026-08-19T12:24:29Z</time>
        <extensions>
          <gpxtpx:TrackPointExtension>
            <gpxtpx:hr>150</gpxtpx:hr>
            <gpxtpx:cad>85</gpxtpx:cad>
            <gpxtpx:atemp>17.2</gpxtpx:atemp>
          </gpxtpx:TrackPointExtension>
        </extensions>
      </trkpt>
      <trkpt lat="51.0499022" lon="-114.0708262">
        <ele>1042.0</ele>
        <time>2026-08-19T12:24:30Z</time>
        <extensions>
          <gpxtpx:TrackPointExtension>
            <gpxtpx:hr>150</gpxtpx:hr>
            <gpxtpx:cad>86</gpxtpx:cad>
            <gpxtpx:atemp>17.3</gpxtpx:atemp>
          </gpxtpx:TrackPointExtension>
        </extensions>
      </trkpt>
      <trkpt lat="51.0498822" lon="-114.0708672">
        <ele>1041.7</ele>
        <time>2026-08-19T12:24:31Z</time>
        <extensions>
          <gpxtpx:TrackPointExtension>
            <gpxtpx:hr>151</gpxtpx:hr>
            <gpxtpx:cad>86</gpxtpx:cad>
            <gpxtpx:atemp>16.6</gpxtpx:atemp>
          </gpxtpx:TrackPointExtension>
        </extensions>
      </trkpt>
      <trkpt lat="51.0498830" lon="-114.0708603">
        <ele>1042.1</ele>
        <time>2026-08-19T12:24:32Z</time>
        <extensions>
          <gpxtpx:TrackPointExtension>
            <gpxtpx:hr>151</gpxtpx:hr>
            <gpxtpx:cad>85</gpxtpx:cad>
            <gpxtpx:atemp>17.0</gpxtpx:atemp>
          </gpxtpx:TrackPointExtension>
        </extensions>
      </trkpt>
      <trkpt lat="51.0498705" lon="-114.0709284">
        <ele>1042.4</ele>
        <time>2026-08-19T12:24:33Z</time>
        <extensions>
          <gpxtpx:TrackPointExtension>
            <gpxtpx:hr>150</gpxtpx:hr>
            <gpxtpx:cad>85</gpxtpx:cad>
            <gpxtpx:atemp>16.3</gpxtpx:atemp>
          </gpxtpx:TrackPointExtension>
        </extensions>
      </trkpt>
      <trkpt lat="51.0498474" lon="-114.0709541">
        <ele>1042.3</ele>
        <time>2026-08-19T12:24:34Z</time>
        <extensions>
          <gpxtpx:TrackPointExtension>
            <gpxtpx:hr>151</gpxtpx:hr>
            <gpxtpx:cad>84</gpxtpx:cad>
            <gpxtpx:atemp>17.3</gpxtpx:atemp>
          </gpxtpx:TrackPointExtension>
        </extensions>
      </trkpt>
      <trkpt lat="51.0498419" lon="-114.0709802">
        <ele>1042.4</ele>
        <time>2026-08-19T12:24:35Z</time>
        <extensions>
          <gpxtpx:TrackPointExtension>
            <gpxtpx:hr>150</gpxtpx:hr>
            <gpxtpx:cad>86</gpxtpx:cad>
            <gpxtpx:atemp>17.2</gpxtpx:atemp>
          </gpxtpx:TrackPointExtension>
        </extensions>
      </trkpt>
      <trkpt lat="51.0498185" lon="-114.0710463">
        <ele>1041.6</ele>
        <time>2026-08-19T12:24:36Z</time>
        <extensions>
          <gpxtpx:TrackPointExtension>
            <gpxtpx:hr>150</gpxtpx:hr>
            <gpxtpx:cad>85</gpxtpx:cad>
            <gpxtpx:atemp>16.9</gpxtpx:atemp>
          </gpxtpx:TrackPointExtension>
        </extensions>
      </trkpt>
      <trkpt lat="51.0498051" lon="-114.0711414">
        <ele>1042.0</ele>
        <time>2026-08-19T12:24:37Z</time>
        <extensions>
          <gpxtpx:TrackPointExtension>
            <gpxtpx:hr>150</gpxtpx:hr>
            <gpxtpx:cad>84</gpxtpx:cad>
            <gpxtpx:atemp>16.8</gpxtpx:atemp>
          </gpxtpx:TrackPointExtension>
        </extensions>
      </trkpt>
      <trkpt lat="51.0497978" lon="-114.0711649">
        <ele>1042.3</ele>
        <time>2026-08-19T12:24:38Z</time>
        <extensions>
          <gpxtpx:TrackPointExtension>
            <gpxtpx:hr>150</gpxtpx:hr>
            <gpxtpx:cad>84</gpxtpx:cad>
            <gpxtpx:atemp>17.0</gpxtpx:atemp>
          </gpxtpx:TrackPointExtension>
        </extensions>
      </trkpt>
      <trkpt lat="51.0497905" lon="-114.0711555">
        <ele>1042.3</ele>
        <time>2026-08-19T12:24:39Z</time>
        <extensions>
          <gpxtpx:TrackPointExtension>
            <gpxtpx:hr>151</gpxtpx:hr>
            <gpxtpx:cad>85</gpxtpx:cad>
            <gpxtpx:atemp>17.0</gpxtpx:atemp>
          </gpxtpx:TrackPointExtension>
        </extensions>
      </trkpt>
    </trkseg>
  </trk>
</gpx>